X,Y,fid,id,left,top,right,bottom,row_index,col_index,ELEV_1
181922.790326637,5038761.41821422,1,1,181672.790326637,5039011.41821422,182172.790326637,5038511.41821422,0,0,253.34065246582
181922.790326637,5038261.41821422,2,2,181672.790326637,5038511.41821422,182172.790326637,5038011.41821422,1,0,261.754486083984
181922.790326637,5037761.41821422,3,3,181672.790326637,5038011.41821422,182172.790326637,5037511.41821422,2,0,252.846908569336
181922.790326637,5037261.41821422,4,4,181672.790326637,5037511.41821422,182172.790326637,5037011.41821422,3,0,265.486114501953
181922.790326637,5036761.41821422,5,5,181672.790326637,5037011.41821422,182172.790326637,5036511.41821422,4,0,257.075408935547
181922.790326637,5036261.41821422,6,6,181672.790326637,5036511.41821422,182172.790326637,5036011.41821422,5,0,249.010055541992
181922.790326637,5035761.41821422,7,7,181672.790326637,5036011.41821422,182172.790326637,5035511.41821422,6,0,246.936920166016
181922.790326637,5035261.41821422,8,8,181672.790326637,5035511.41821422,182172.790326637,5035011.41821422,7,0,250.947479248047
181922.790326637,5034761.41821422,9,9,181672.790326637,5035011.41821422,182172.790326637,5034511.41821422,8,0,246.420700073242
181922.790326637,5034261.41821422,10,10,181672.790326637,5034511.41821422,182172.790326637,5034011.41821422,9,0,246.846008300781
181922.790326637,5033761.41821422,11,11,181672.790326637,5034011.41821422,182172.790326637,5033511.41821422,10,0,250.907180786133
181922.790326637,5033261.41821422,12,12,181672.790326637,5033511.41821422,182172.790326637,5033011.41821422,11,0,253.234832763672
181922.790326637,5032761.41821422,13,13,181672.790326637,5033011.41821422,182172.790326637,5032511.41821422,12,0,251.657333374023
181922.790326637,5032261.41821422,14,14,181672.790326637,5032511.41821422,182172.790326637,5032011.41821422,13,0,259.716339111328
181922.790326637,5031761.41821422,15,15,181672.790326637,5032011.41821422,182172.790326637,5031511.41821422,14,0,276.100067138672
181922.790326637,5031261.41821422,16,16,181672.790326637,5031511.41821422,182172.790326637,5031011.41821422,15,0,288.56005859375
181922.790326637,5030761.41821422,17,17,181672.790326637,5031011.41821422,182172.790326637,5030511.41821422,16,0,304.017303466797
181922.790326637,5030261.41821422,18,18,181672.790326637,5030511.41821422,182172.790326637,5030011.41821422,17,0,320.183654785156
181922.790326637,5029761.41821422,19,19,181672.790326637,5030011.41821422,182172.790326637,5029511.41821422,18,0,319.821380615234
181922.790326637,5029261.41821422,20,20,181672.790326637,5029511.41821422,182172.790326637,5029011.41821422,19,0,305.422607421875
181922.790326637,5028761.41821422,21,21,181672.790326637,5029011.41821422,182172.790326637,5028511.41821422,20,0,283.357086181641
181922.790326637,5028261.41821422,22,22,181672.790326637,5028511.41821422,182172.790326637,5028011.41821422,21,0,267.714172363281
181922.790326637,5027761.41821422,23,23,181672.790326637,5028011.41821422,182172.790326637,5027511.41821422,22,0,256.576904296875
181922.790326637,5027261.41821422,24,24,181672.790326637,5027511.41821422,182172.790326637,5027011.41821422,23,0,243.316741943359
181922.790326637,5026761.41821422,25,25,181672.790326637,5027011.41821422,182172.790326637,5026511.41821422,24,0,237.264877319336
181922.790326637,5026261.41821422,26,26,181672.790326637,5026511.41821422,182172.790326637,5026011.41821422,25,0,231.618545532227
181922.790326637,5025761.41821422,27,27,181672.790326637,5026011.41821422,182172.790326637,5025511.41821422,26,0,237.480484008789
181922.790326637,5025261.41821422,28,28,181672.790326637,5025511.41821422,182172.790326637,5025011.41821422,27,0,252.23974609375
181922.790326637,5024761.41821422,29,29,181672.790326637,5025011.41821422,182172.790326637,5024511.41821422,28,0,269.987182617188
181922.790326637,5024261.41821422,30,30,181672.790326637,5024511.41821422,182172.790326637,5024011.41821422,29,0,258.338592529297
181922.790326637,5023761.41821422,31,31,181672.790326637,5024011.41821422,182172.790326637,5023511.41821422,30,0,279.683959960938
181922.790326637,5023261.41821422,32,32,181672.790326637,5023511.41821422,182172.790326637,5023011.41821422,31,0,283.824035644531
181922.790326637,5022761.41821422,33,33,181672.790326637,5023011.41821422,182172.790326637,5022511.41821422,32,0,270.917175292969
182422.790326637,5038761.41821422,34,34,182172.790326637,5039011.41821422,182672.790326637,5038511.41821422,0,1,252.30110168457
182422.790326637,5038261.41821422,35,35,182172.790326637,5038511.41821422,182672.790326637,5038011.41821422,1,1,253.608459472656
182422.790326637,5037761.41821422,36,36,182172.790326637,5038011.41821422,182672.790326637,5037511.41821422,2,1,247.142791748047
182422.790326637,5037261.41821422,37,37,182172.790326637,5037511.41821422,182672.790326637,5037011.41821422,3,1,246.417236328125
182422.790326637,5036761.41821422,38,38,182172.790326637,5037011.41821422,182672.790326637,5036511.41821422,4,1,248.576568603516
182422.790326637,5036261.41821422,39,39,182172.790326637,5036511.41821422,182672.790326637,5036011.41821422,5,1,247.607330322266
182422.790326637,5035761.41821422,40,40,182172.790326637,5036011.41821422,182672.790326637,5035511.41821422,6,1,245.520309448242
182422.790326637,5035261.41821422,41,41,182172.790326637,5035511.41821422,182672.790326637,5035011.41821422,7,1,258.573333740234
182422.790326637,5034761.41821422,42,42,182172.790326637,5035011.41821422,182672.790326637,5034511.41821422,8,1,256.747497558594
182422.790326637,5034261.41821422,43,43,182172.790326637,5034511.41821422,182672.790326637,5034011.41821422,9,1,248.715240478516
182422.790326637,5033761.41821422,44,44,182172.790326637,5034011.41821422,182672.790326637,5033511.41821422,10,1,244.629577636719
182422.790326637,5033261.41821422,45,45,182172.790326637,5033511.41821422,182672.790326637,5033011.41821422,11,1,244.386795043945
182422.790326637,5032761.41821422,46,46,182172.790326637,5033011.41821422,182672.790326637,5032511.41821422,12,1,247.795471191406
182422.790326637,5032261.41821422,47,47,182172.790326637,5032511.41821422,182672.790326637,5032011.41821422,13,1,264.005218505859
182422.790326637,5031761.41821422,48,48,182172.790326637,5032011.41821422,182672.790326637,5031511.41821422,14,1,280.140838623047
182422.790326637,5031261.41821422,49,49,182172.790326637,5031511.41821422,182672.790326637,5031011.41821422,15,1,294.576477050781
182422.790326637,5030761.41821422,50,50,182172.790326637,5031011.41821422,182672.790326637,5030511.41821422,16,1,298.934326171875
182422.790326637,5030261.41821422,51,51,182172.790326637,5030511.41821422,182672.790326637,5030011.41821422,17,1,306.590393066406
182422.790326637,5029761.41821422,52,52,182172.790326637,5030011.41821422,182672.790326637,5029511.41821422,18,1,300.569793701172
182422.790326637,5029261.41821422,53,53,182172.790326637,5029511.41821422,182672.790326637,5029011.41821422,19,1,289.132141113281
182422.790326637,5028761.41821422,54,54,182172.790326637,5029011.41821422,182672.790326637,5028511.41821422,20,1,276.654479980469
182422.790326637,5028261.41821422,55,55,182172.790326637,5028511.41821422,182672.790326637,5028011.41821422,21,1,268.165313720703
182422.790326637,5027761.41821422,56,56,182172.790326637,5028011.41821422,182672.790326637,5027511.41821422,22,1,257.049346923828
182422.790326637,5027261.41821422,57,57,182172.790326637,5027511.41821422,182672.790326637,5027011.41821422,23,1,247.171936035156
182422.790326637,5026761.41821422,58,58,182172.790326637,5027011.41821422,182672.790326637,5026511.41821422,24,1,239.585159301758
182422.790326637,5026261.41821422,59,59,182172.790326637,5026511.41821422,182672.790326637,5026011.41821422,25,1,227.209976196289
182422.790326637,5025761.41821422,60,60,182172.790326637,5026011.41821422,182672.790326637,5025511.41821422,26,1,222.845016479492
182422.790326637,5025261.41821422,61,61,182172.790326637,5025511.41821422,182672.790326637,5025011.41821422,27,1,238.3876953125
182422.790326637,5024761.41821422,62,62,182172.790326637,5025011.41821422,182672.790326637,5024511.41821422,28,1,252.938919067383
182422.790326637,5024261.41821422,63,63,182172.790326637,5024511.41821422,182672.790326637,5024011.41821422,29,1,254.374282836914
182422.790326637,5023761.41821422,64,64,182172.790326637,5024011.41821422,182672.790326637,5023511.41821422,30,1,267.548431396484
182422.790326637,5023261.41821422,65,65,182172.790326637,5023511.41821422,182672.790326637,5023011.41821422,31,1,272.999237060547
182422.790326637,5022761.41821422,66,66,182172.790326637,5023011.41821422,182672.790326637,5022511.41821422,32,1,260.677124023438
182922.790326637,5038761.41821422,67,67,182672.790326637,5039011.41821422,183172.790326637,5038511.41821422,0,2,251.904678344727
182922.790326637,5038261.41821422,68,68,182672.790326637,5038511.41821422,183172.790326637,5038011.41821422,1,2,253.884155273438
182922.790326637,5037761.41821422,69,69,182672.790326637,5038011.41821422,183172.790326637,5037511.41821422,2,2,252.343231201172
182922.790326637,5037261.41821422,70,70,182672.790326637,5037511.41821422,183172.790326637,5037011.41821422,3,2,246.336791992188
182922.790326637,5036761.41821422,71,71,182672.790326637,5037011.41821422,183172.790326637,5036511.41821422,4,2,245.58561706543
182922.790326637,5036261.41821422,72,72,182672.790326637,5036511.41821422,183172.790326637,5036011.41821422,5,2,245.631454467773
182922.790326637,5035761.41821422,73,73,182672.790326637,5036011.41821422,183172.790326637,5035511.41821422,6,2,245.51904296875
182922.790326637,5035261.41821422,74,74,182672.790326637,5035511.41821422,183172.790326637,5035011.41821422,7,2,260.691436767578
182922.790326637,5034761.41821422,75,75,182672.790326637,5035011.41821422,183172.790326637,5034511.41821422,8,2,257.940704345703
182922.790326637,5034261.41821422,76,76,182672.790326637,5034511.41821422,183172.790326637,5034011.41821422,9,2,247.825698852539
182922.790326637,5033761.41821422,77,77,182672.790326637,5034011.41821422,183172.790326637,5033511.41821422,10,2,251.092178344727
182922.790326637,5033261.41821422,78,78,182672.790326637,5033511.41821422,183172.790326637,5033011.41821422,11,2,243.140991210938
182922.790326637,5032761.41821422,79,79,182672.790326637,5033011.41821422,183172.790326637,5032511.41821422,12,2,251.049957275391
182922.790326637,5032261.41821422,80,80,182672.790326637,5032511.41821422,183172.790326637,5032011.41821422,13,2,248.708038330078
182922.790326637,5031761.41821422,81,81,182672.790326637,5032011.41821422,183172.790326637,5031511.41821422,14,2,288.095947265625
182922.790326637,5031261.41821422,82,82,182672.790326637,5031511.41821422,183172.790326637,5031011.41821422,15,2,306.644378662109
182922.790326637,5030761.41821422,83,83,182672.790326637,5031011.41821422,183172.790326637,5030511.41821422,16,2,307.491882324219
182922.790326637,5030261.41821422,84,84,182672.790326637,5030511.41821422,183172.790326637,5030011.41821422,17,2,301.027496337891
182922.790326637,5029761.41821422,85,85,182672.790326637,5030011.41821422,183172.790326637,5029511.41821422,18,2,296.171630859375
182922.790326637,5029261.41821422,86,86,182672.790326637,5029511.41821422,183172.790326637,5029011.41821422,19,2,293.278747558594
182922.790326637,5028761.41821422,87,87,182672.790326637,5029011.41821422,183172.790326637,5028511.41821422,20,2,298.320220947266
182922.790326637,5028261.41821422,88,88,182672.790326637,5028511.41821422,183172.790326637,5028011.41821422,21,2,283.82470703125
182922.790326637,5027761.41821422,89,89,182672.790326637,5028011.41821422,183172.790326637,5027511.41821422,22,2,273.5810546875
182922.790326637,5027261.41821422,90,90,182672.790326637,5027511.41821422,183172.790326637,5027011.41821422,23,2,262.630615234375
182922.790326637,5026761.41821422,91,91,182672.790326637,5027011.41821422,183172.790326637,5026511.41821422,24,2,254.667236328125
182922.790326637,5026261.41821422,92,92,182672.790326637,5026511.41821422,183172.790326637,5026011.41821422,25,2,237.882125854492
182922.790326637,5025761.41821422,93,93,182672.790326637,5026011.41821422,183172.790326637,5025511.41821422,26,2,222.129028320312
182922.790326637,5025261.41821422,94,94,182672.790326637,5025511.41821422,183172.790326637,5025011.41821422,27,2,222.98127746582
182922.790326637,5024761.41821422,95,95,182672.790326637,5025011.41821422,183172.790326637,5024511.41821422,28,2,219.060897827148
182922.790326637,5024261.41821422,96,96,182672.790326637,5024511.41821422,183172.790326637,5024011.41821422,29,2,227.015655517578
182922.790326637,5023761.41821422,97,97,182672.790326637,5024011.41821422,183172.790326637,5023511.41821422,30,2,231.585083007812
182922.790326637,5023261.41821422,98,98,182672.790326637,5023511.41821422,183172.790326637,5023011.41821422,31,2,235.044555664062
182922.790326637,5022761.41821422,99,99,182672.790326637,5023011.41821422,183172.790326637,5022511.41821422,32,2,228.672500610352
183422.790326637,5038761.41821422,100,100,183172.790326637,5039011.41821422,183672.790326637,5038511.41821422,0,3,258.246887207031
183422.790326637,5038261.41821422,101,101,183172.790326637,5038511.41821422,183672.790326637,5038011.41821422,1,3,251.151992797852
183422.790326637,5037761.41821422,102,102,183172.790326637,5038011.41821422,183672.790326637,5037511.41821422,2,3,247.322174072266
183422.790326637,5037261.41821422,103,103,183172.790326637,5037511.41821422,183672.790326637,5037011.41821422,3,3,246.837844848633
183422.790326637,5036761.41821422,104,104,183172.790326637,5037011.41821422,183672.790326637,5036511.41821422,4,3,246.457565307617
183422.790326637,5036261.41821422,105,105,183172.790326637,5036511.41821422,183672.790326637,5036011.41821422,5,3,245.997680664062
183422.790326637,5035761.41821422,106,106,183172.790326637,5036011.41821422,183672.790326637,5035511.41821422,6,3,246.766540527344
183422.790326637,5035261.41821422,107,107,183172.790326637,5035511.41821422,183672.790326637,5035011.41821422,7,3,258.858795166016
183422.790326637,5034761.41821422,108,108,183172.790326637,5035011.41821422,183672.790326637,5034511.41821422,8,3,261.018035888672
183422.790326637,5034261.41821422,109,109,183172.790326637,5034511.41821422,183672.790326637,5034011.41821422,9,3,259.881439208984
183422.790326637,5033761.41821422,110,110,183172.790326637,5034011.41821422,183672.790326637,5033511.41821422,10,3,247.786178588867
183422.790326637,5033261.41821422,111,111,183172.790326637,5033511.41821422,183672.790326637,5033011.41821422,11,3,245.935333251953
183422.790326637,5032761.41821422,112,112,183172.790326637,5033011.41821422,183672.790326637,5032511.41821422,12,3,254.692138671875
183422.790326637,5032261.41821422,113,113,183172.790326637,5032511.41821422,183672.790326637,5032011.41821422,13,3,266.008361816406
183422.790326637,5031761.41821422,114,114,183172.790326637,5032011.41821422,183672.790326637,5031511.41821422,14,3,275.773040771484
183422.790326637,5031261.41821422,115,115,183172.790326637,5031511.41821422,183672.790326637,5031011.41821422,15,3,307.248260498047
183422.790326637,5030761.41821422,116,116,183172.790326637,5031011.41821422,183672.790326637,5030511.41821422,16,3,309.062896728516
183422.790326637,5030261.41821422,117,117,183172.790326637,5030511.41821422,183672.790326637,5030011.41821422,17,3,303.621337890625
183422.790326637,5029761.41821422,118,118,183172.790326637,5030011.41821422,183672.790326637,5029511.41821422,18,3,292.504821777344
183422.790326637,5029261.41821422,119,119,183172.790326637,5029511.41821422,183672.790326637,5029011.41821422,19,3,288.227142333984
183422.790326637,5028761.41821422,120,120,183172.790326637,5029011.41821422,183672.790326637,5028511.41821422,20,3,293.733337402344
183422.790326637,5028261.41821422,121,121,183172.790326637,5028511.41821422,183672.790326637,5028011.41821422,21,3,288.424926757812
183422.790326637,5027761.41821422,122,122,183172.790326637,5028011.41821422,183672.790326637,5027511.41821422,22,3,282.265075683594
183422.790326637,5027261.41821422,123,123,183172.790326637,5027511.41821422,183672.790326637,5027011.41821422,23,3,285.737518310547
183422.790326637,5026761.41821422,124,124,183172.790326637,5027011.41821422,183672.790326637,5026511.41821422,24,3,270.706451416016
183422.790326637,5026261.41821422,125,125,183172.790326637,5026511.41821422,183672.790326637,5026011.41821422,25,3,257.445220947266
183422.790326637,5025761.41821422,126,126,183172.790326637,5026011.41821422,183672.790326637,5025511.41821422,26,3,239.64533996582
183422.790326637,5025261.41821422,127,127,183172.790326637,5025511.41821422,183672.790326637,5025011.41821422,27,3,224.87663269043
183422.790326637,5024761.41821422,128,128,183172.790326637,5025011.41821422,183672.790326637,5024511.41821422,28,3,211.073394775391
183422.790326637,5024261.41821422,129,129,183172.790326637,5024511.41821422,183672.790326637,5024011.41821422,29,3,199.270645141602
183422.790326637,5023761.41821422,130,130,183172.790326637,5024011.41821422,183672.790326637,5023511.41821422,30,3,199.675216674805
183422.790326637,5023261.41821422,131,131,183172.790326637,5023511.41821422,183672.790326637,5023011.41821422,31,3,196.585845947266
183422.790326637,5022761.41821422,132,132,183172.790326637,5023011.41821422,183672.790326637,5022511.41821422,32,3,197.453308105469
183922.790326637,5038761.41821422,133,133,183672.790326637,5039011.41821422,184172.790326637,5038511.41821422,0,4,263.527618408203
183922.790326637,5038261.41821422,134,134,183672.790326637,5038511.41821422,184172.790326637,5038011.41821422,1,4,261.866516113281
183922.790326637,5037761.41821422,135,135,183672.790326637,5038011.41821422,184172.790326637,5037511.41821422,2,4,252.526550292969
183922.790326637,5037261.41821422,136,136,183672.790326637,5037511.41821422,184172.790326637,5037011.41821422,3,4,249.419342041016
183922.790326637,5036761.41821422,137,137,183672.790326637,5037011.41821422,184172.790326637,5036511.41821422,4,4,248.392471313477
183922.790326637,5036261.41821422,138,138,183672.790326637,5036511.41821422,184172.790326637,5036011.41821422,5,4,251.847442626953
183922.790326637,5035761.41821422,139,139,183672.790326637,5036011.41821422,184172.790326637,5035511.41821422,6,4,251.265930175781
183922.790326637,5035261.41821422,140,140,183672.790326637,5035511.41821422,184172.790326637,5035011.41821422,7,4,251.837310791016
183922.790326637,5034761.41821422,141,141,183672.790326637,5035011.41821422,184172.790326637,5034511.41821422,8,4,254.189987182617
183922.790326637,5034261.41821422,142,142,183672.790326637,5034511.41821422,184172.790326637,5034011.41821422,9,4,243.79508972168
183922.790326637,5033761.41821422,143,143,183672.790326637,5034011.41821422,184172.790326637,5033511.41821422,10,4,241.50537109375
183922.790326637,5033261.41821422,144,144,183672.790326637,5033511.41821422,184172.790326637,5033011.41821422,11,4,250.881790161133
183922.790326637,5032761.41821422,145,145,183672.790326637,5033011.41821422,184172.790326637,5032511.41821422,12,4,263.48193359375
183922.790326637,5032261.41821422,146,146,183672.790326637,5032511.41821422,184172.790326637,5032011.41821422,13,4,275.827331542969
183922.790326637,5031761.41821422,147,147,183672.790326637,5032011.41821422,184172.790326637,5031511.41821422,14,4,288.931610107422
183922.790326637,5031261.41821422,148,148,183672.790326637,5031511.41821422,184172.790326637,5031011.41821422,15,4,287.223876953125
183922.790326637,5030761.41821422,149,149,183672.790326637,5031011.41821422,184172.790326637,5030511.41821422,16,4,286.162445068359
183922.790326637,5030261.41821422,150,150,183672.790326637,5030511.41821422,184172.790326637,5030011.41821422,17,4,287.032684326172
183922.790326637,5029761.41821422,151,151,183672.790326637,5030011.41821422,184172.790326637,5029511.41821422,18,4,286.246185302734
183922.790326637,5029261.41821422,152,152,183672.790326637,5029511.41821422,184172.790326637,5029011.41821422,19,4,278.075653076172
183922.790326637,5028761.41821422,153,153,183672.790326637,5029011.41821422,184172.790326637,5028511.41821422,20,4,293.496368408203
183922.790326637,5028261.41821422,154,154,183672.790326637,5028511.41821422,184172.790326637,5028011.41821422,21,4,275.903381347656
183922.790326637,5027761.41821422,155,155,183672.790326637,5028011.41821422,184172.790326637,5027511.41821422,22,4,267.98291015625
183922.790326637,5027261.41821422,156,156,183672.790326637,5027511.41821422,184172.790326637,5027011.41821422,23,4,272.979125976562
183922.790326637,5026761.41821422,157,157,183672.790326637,5027011.41821422,184172.790326637,5026511.41821422,24,4,270.109802246094
183922.790326637,5026261.41821422,158,158,183672.790326637,5026511.41821422,184172.790326637,5026011.41821422,25,4,255.410552978516
183922.790326637,5025761.41821422,159,159,183672.790326637,5026011.41821422,184172.790326637,5025511.41821422,26,4,238.097137451172
183922.790326637,5025261.41821422,160,160,183672.790326637,5025511.41821422,184172.790326637,5025011.41821422,27,4,227.934341430664
183922.790326637,5024761.41821422,161,161,183672.790326637,5025011.41821422,184172.790326637,5024511.41821422,28,4,211.208953857422
183922.790326637,5024261.41821422,162,162,183672.790326637,5024511.41821422,184172.790326637,5024011.41821422,29,4,204.505142211914
183922.790326637,5023761.41821422,163,163,183672.790326637,5024011.41821422,184172.790326637,5023511.41821422,30,4,195.966690063477
183922.790326637,5023261.41821422,164,164,183672.790326637,5023511.41821422,184172.790326637,5023011.41821422,31,4,193.748825073242
183922.790326637,5022761.41821422,165,165,183672.790326637,5023011.41821422,184172.790326637,5022511.41821422,32,4,193.789794921875
184422.790326637,5038761.41821422,166,166,184172.790326637,5039011.41821422,184672.790326637,5038511.41821422,0,5,270.931030273438
184422.790326637,5038261.41821422,167,167,184172.790326637,5038511.41821422,184672.790326637,5038011.41821422,1,5,274.823150634766
184422.790326637,5037761.41821422,168,168,184172.790326637,5038011.41821422,184672.790326637,5037511.41821422,2,5,267.250885009766
184422.790326637,5037261.41821422,169,169,184172.790326637,5037511.41821422,184672.790326637,5037011.41821422,3,5,259.383026123047
184422.790326637,5036761.41821422,170,170,184172.790326637,5037011.41821422,184672.790326637,5036511.41821422,4,5,267.194732666016
184422.790326637,5036261.41821422,171,171,184172.790326637,5036511.41821422,184672.790326637,5036011.41821422,5,5,267.183837890625
184422.790326637,5035761.41821422,172,172,184172.790326637,5036011.41821422,184672.790326637,5035511.41821422,6,5,257.870635986328
184422.790326637,5035261.41821422,173,173,184172.790326637,5035511.41821422,184672.790326637,5035011.41821422,7,5,254.147827148438
184422.790326637,5034761.41821422,174,174,184172.790326637,5035011.41821422,184672.790326637,5034511.41821422,8,5,255.860794067383
184422.790326637,5034261.41821422,175,175,184172.790326637,5034511.41821422,184672.790326637,5034011.41821422,9,5,246.589553833008
184422.790326637,5033761.41821422,176,176,184172.790326637,5034011.41821422,184672.790326637,5033511.41821422,10,5,232.90364074707
184422.790326637,5033261.41821422,177,177,184172.790326637,5033511.41821422,184672.790326637,5033011.41821422,11,5,238.780807495117
184422.790326637,5032761.41821422,178,178,184172.790326637,5033011.41821422,184672.790326637,5032511.41821422,12,5,262.887878417969
184422.790326637,5032261.41821422,179,179,184172.790326637,5032511.41821422,184672.790326637,5032011.41821422,13,5,287.619140625
184422.790326637,5031761.41821422,180,180,184172.790326637,5032011.41821422,184672.790326637,5031511.41821422,14,5,278.090911865234
184422.790326637,5031261.41821422,181,181,184172.790326637,5031511.41821422,184672.790326637,5031011.41821422,15,5,269.592681884766
184422.790326637,5030761.41821422,182,182,184172.790326637,5031011.41821422,184672.790326637,5030511.41821422,16,5,266.343841552734
184422.790326637,5030261.41821422,183,183,184172.790326637,5030511.41821422,184672.790326637,5030011.41821422,17,5,263.680145263672
184422.790326637,5029761.41821422,184,184,184172.790326637,5030011.41821422,184672.790326637,5029511.41821422,18,5,266.255462646484
184422.790326637,5029261.41821422,185,185,184172.790326637,5029511.41821422,184672.790326637,5029011.41821422,19,5,281.987274169922
184422.790326637,5028761.41821422,186,186,184172.790326637,5029011.41821422,184672.790326637,5028511.41821422,20,5,261.787933349609
184422.790326637,5028261.41821422,187,187,184172.790326637,5028511.41821422,184672.790326637,5028011.41821422,21,5,250.718048095703
184422.790326637,5027761.41821422,188,188,184172.790326637,5028011.41821422,184672.790326637,5027511.41821422,22,5,239.148559570312
184422.790326637,5027261.41821422,189,189,184172.790326637,5027511.41821422,184672.790326637,5027011.41821422,23,5,240.852096557617
184422.790326637,5026761.41821422,190,190,184172.790326637,5027011.41821422,184672.790326637,5026511.41821422,24,5,243.437194824219
184422.790326637,5026261.41821422,191,191,184172.790326637,5026511.41821422,184672.790326637,5026011.41821422,25,5,230.448516845703
184422.790326637,5025761.41821422,192,192,184172.790326637,5026011.41821422,184672.790326637,5025511.41821422,26,5,225.703735351562
184422.790326637,5025261.41821422,193,193,184172.790326637,5025511.41821422,184672.790326637,5025011.41821422,27,5,217.682235717773
184422.790326637,5024761.41821422,194,194,184172.790326637,5025011.41821422,184672.790326637,5024511.41821422,28,5,225.127914428711
184422.790326637,5024261.41821422,195,195,184172.790326637,5024511.41821422,184672.790326637,5024011.41821422,29,5,215.45783996582
184422.790326637,5023761.41821422,196,196,184172.790326637,5024011.41821422,184672.790326637,5023511.41821422,30,5,205.132583618164
184422.790326637,5023261.41821422,197,197,184172.790326637,5023511.41821422,184672.790326637,5023011.41821422,31,5,201.210571289062
184422.790326637,5022761.41821422,198,198,184172.790326637,5023011.41821422,184672.790326637,5022511.41821422,32,5,193.759323120117
184922.790326637,5038761.41821422,199,199,184672.790326637,5039011.41821422,185172.790326637,5038511.41821422,0,6,270.834594726562
184922.790326637,5038261.41821422,200,200,184672.790326637,5038511.41821422,185172.790326637,5038011.41821422,1,6,280.871612548828
184922.790326637,5037761.41821422,201,201,184672.790326637,5038011.41821422,185172.790326637,5037511.41821422,2,6,280.71728515625
184922.790326637,5037261.41821422,202,202,184672.790326637,5037511.41821422,185172.790326637,5037011.41821422,3,6,278.002197265625
184922.790326637,5036761.41821422,203,203,184672.790326637,5037011.41821422,185172.790326637,5036511.41821422,4,6,273.650573730469
184922.790326637,5036261.41821422,204,204,184672.790326637,5036511.41821422,185172.790326637,5036011.41821422,5,6,271.435638427734
184922.790326637,5035761.41821422,205,205,184672.790326637,5036011.41821422,185172.790326637,5035511.41821422,6,6,276.779479980469
184922.790326637,5035261.41821422,206,206,184672.790326637,5035511.41821422,185172.790326637,5035011.41821422,7,6,267.714935302734
184922.790326637,5034761.41821422,207,207,184672.790326637,5035011.41821422,185172.790326637,5034511.41821422,8,6,255.327896118164
184922.790326637,5034261.41821422,208,208,184672.790326637,5034511.41821422,185172.790326637,5034011.41821422,9,6,250.749267578125
184922.790326637,5033761.41821422,209,209,184672.790326637,5034011.41821422,185172.790326637,5033511.41821422,10,6,234.608657836914
184922.790326637,5033261.41821422,210,210,184672.790326637,5033511.41821422,185172.790326637,5033011.41821422,11,6,242.283782958984
184922.790326637,5032761.41821422,211,211,184672.790326637,5033011.41821422,185172.790326637,5032511.41821422,12,6,264.710021972656
184922.790326637,5032261.41821422,212,212,184672.790326637,5032511.41821422,185172.790326637,5032011.41821422,13,6,271.429840087891
184922.790326637,5031761.41821422,213,213,184672.790326637,5032011.41821422,185172.790326637,5031511.41821422,14,6,269.052551269531
184922.790326637,5031261.41821422,214,214,184672.790326637,5031511.41821422,185172.790326637,5031011.41821422,15,6,254.419998168945
184922.790326637,5030761.41821422,215,215,184672.790326637,5031011.41821422,185172.790326637,5030511.41821422,16,6,257.5126953125
184922.790326637,5030261.41821422,216,216,184672.790326637,5030511.41821422,185172.790326637,5030011.41821422,17,6,254.990036010742
184922.790326637,5029761.41821422,217,217,184672.790326637,5030011.41821422,185172.790326637,5029511.41821422,18,6,245.30793762207
184922.790326637,5029261.41821422,218,218,184672.790326637,5029511.41821422,185172.790326637,5029011.41821422,19,6,242.070938110352
184922.790326637,5028761.41821422,219,219,184672.790326637,5029011.41821422,185172.790326637,5028511.41821422,20,6,234.905471801758
184922.790326637,5028261.41821422,220,220,184672.790326637,5028511.41821422,185172.790326637,5028011.41821422,21,6,230.242736816406
184922.790326637,5027761.41821422,221,221,184672.790326637,5028011.41821422,185172.790326637,5027511.41821422,22,6,222.546890258789
184922.790326637,5027261.41821422,222,222,184672.790326637,5027511.41821422,185172.790326637,5027011.41821422,23,6,236.732879638672
184922.790326637,5026761.41821422,223,223,184672.790326637,5027011.41821422,185172.790326637,5026511.41821422,24,6,223.416473388672
184922.790326637,5026261.41821422,224,224,184672.790326637,5026511.41821422,185172.790326637,5026011.41821422,25,6,227.487274169922
184922.790326637,5025761.41821422,225,225,184672.790326637,5026011.41821422,185172.790326637,5025511.41821422,26,6,217.322463989258
184922.790326637,5025261.41821422,226,226,184672.790326637,5025511.41821422,185172.790326637,5025011.41821422,27,6,222.995483398438
184922.790326637,5024761.41821422,227,227,184672.790326637,5025011.41821422,185172.790326637,5024511.41821422,28,6,233.830795288086
184922.790326637,5024261.41821422,228,228,184672.790326637,5024511.41821422,185172.790326637,5024011.41821422,29,6,227.380920410156
184922.790326637,5023761.41821422,229,229,184672.790326637,5024011.41821422,185172.790326637,5023511.41821422,30,6,213.94367980957
184922.790326637,5023261.41821422,230,230,184672.790326637,5023511.41821422,185172.790326637,5023011.41821422,31,6,202.69352722168
184922.790326637,5022761.41821422,231,231,184672.790326637,5023011.41821422,185172.790326637,5022511.41821422,32,6,194.587615966797
185422.790326637,5038761.41821422,232,232,185172.790326637,5039011.41821422,185672.790326637,5038511.41821422,0,7,263.998840332031
185422.790326637,5038261.41821422,233,233,185172.790326637,5038511.41821422,185672.790326637,5038011.41821422,1,7,282.557952880859
185422.790326637,5037761.41821422,234,234,185172.790326637,5038011.41821422,185672.790326637,5037511.41821422,2,7,288.789459228516
185422.790326637,5037261.41821422,235,235,185172.790326637,5037511.41821422,185672.790326637,5037011.41821422,3,7,295.970001220703
185422.790326637,5036761.41821422,236,236,185172.790326637,5037011.41821422,185672.790326637,5036511.41821422,4,7,293.257202148438
185422.790326637,5036261.41821422,237,237,185172.790326637,5036511.41821422,185672.790326637,5036011.41821422,5,7,282.048461914062
185422.790326637,5035761.41821422,238,238,185172.790326637,5036011.41821422,185672.790326637,5035511.41821422,6,7,265.683837890625
185422.790326637,5035261.41821422,239,239,185172.790326637,5035511.41821422,185672.790326637,5035011.41821422,7,7,263.537353515625
185422.790326637,5034761.41821422,240,240,185172.790326637,5035011.41821422,185672.790326637,5034511.41821422,8,7,260.724884033203
185422.790326637,5034261.41821422,241,241,185172.790326637,5034511.41821422,185672.790326637,5034011.41821422,9,7,235.918472290039
185422.790326637,5033761.41821422,242,242,185172.790326637,5034011.41821422,185672.790326637,5033511.41821422,10,7,232.411529541016
185422.790326637,5033261.41821422,243,243,185172.790326637,5033511.41821422,185672.790326637,5033011.41821422,11,7,232.006057739258
185422.790326637,5032761.41821422,244,244,185172.790326637,5033011.41821422,185672.790326637,5032511.41821422,12,7,242.664077758789
185422.790326637,5032261.41821422,245,245,185172.790326637,5032511.41821422,185672.790326637,5032011.41821422,13,7,248.369125366211
185422.790326637,5031761.41821422,246,246,185172.790326637,5032011.41821422,185672.790326637,5031511.41821422,14,7,239.324310302734
185422.790326637,5031261.41821422,247,247,185172.790326637,5031511.41821422,185672.790326637,5031011.41821422,15,7,229.367523193359
185422.790326637,5030761.41821422,248,248,185172.790326637,5031011.41821422,185672.790326637,5030511.41821422,16,7,227.005981445312
185422.790326637,5030261.41821422,249,249,185172.790326637,5030511.41821422,185672.790326637,5030011.41821422,17,7,228.310043334961
185422.790326637,5029761.41821422,250,250,185172.790326637,5030011.41821422,185672.790326637,5029511.41821422,18,7,233.08740234375
185422.790326637,5029261.41821422,251,251,185172.790326637,5029511.41821422,185672.790326637,5029011.41821422,19,7,229.487075805664
185422.790326637,5028761.41821422,252,252,185172.790326637,5029011.41821422,185672.790326637,5028511.41821422,20,7,227.334243774414
185422.790326637,5028261.41821422,253,253,185172.790326637,5028511.41821422,185672.790326637,5028011.41821422,21,7,221.641052246094
185422.790326637,5027761.41821422,254,254,185172.790326637,5028011.41821422,185672.790326637,5027511.41821422,22,7,220.257431030273
185422.790326637,5027261.41821422,255,255,185172.790326637,5027511.41821422,185672.790326637,5027011.41821422,23,7,229.794357299805
185422.790326637,5026761.41821422,256,256,185172.790326637,5027011.41821422,185672.790326637,5026511.41821422,24,7,226.484619140625
185422.790326637,5026261.41821422,257,257,185172.790326637,5026511.41821422,185672.790326637,5026011.41821422,25,7,226.039215087891
185422.790326637,5025761.41821422,258,258,185172.790326637,5026011.41821422,185672.790326637,5025511.41821422,26,7,225.474273681641
185422.790326637,5025261.41821422,259,259,185172.790326637,5025511.41821422,185672.790326637,5025011.41821422,27,7,218.382080078125
185422.790326637,5024761.41821422,260,260,185172.790326637,5025011.41821422,185672.790326637,5024511.41821422,28,7,234.062881469727
185422.790326637,5024261.41821422,261,261,185172.790326637,5024511.41821422,185672.790326637,5024011.41821422,29,7,226.798706054688
185422.790326637,5023761.41821422,262,262,185172.790326637,5024011.41821422,185672.790326637,5023511.41821422,30,7,214.322311401367
185422.790326637,5023261.41821422,263,263,185172.790326637,5023511.41821422,185672.790326637,5023011.41821422,31,7,202.109024047852
185422.790326637,5022761.41821422,264,264,185172.790326637,5023011.41821422,185672.790326637,5022511.41821422,32,7,195.141235351562
185922.790326637,5038761.41821422,265,265,185672.790326637,5039011.41821422,186172.790326637,5038511.41821422,0,8,245.178527832031
185922.790326637,5038261.41821422,266,266,185672.790326637,5038511.41821422,186172.790326637,5038011.41821422,1,8,271.418792724609
185922.790326637,5037761.41821422,267,267,185672.790326637,5038011.41821422,186172.790326637,5037511.41821422,2,8,290.431854248047
185922.790326637,5037261.41821422,268,268,185672.790326637,5037511.41821422,186172.790326637,5037011.41821422,3,8,302.967193603516
185922.790326637,5036761.41821422,269,269,185672.790326637,5037011.41821422,186172.790326637,5036511.41821422,4,8,301.877319335938
185922.790326637,5036261.41821422,270,270,185672.790326637,5036511.41821422,186172.790326637,5036011.41821422,5,8,292.790130615234
185922.790326637,5035761.41821422,271,271,185672.790326637,5036011.41821422,186172.790326637,5035511.41821422,6,8,265.562561035156
185922.790326637,5035261.41821422,272,272,185672.790326637,5035511.41821422,186172.790326637,5035011.41821422,7,8,251.134429931641
185922.790326637,5034761.41821422,273,273,185672.790326637,5035011.41821422,186172.790326637,5034511.41821422,8,8,234.920593261719
185922.790326637,5034261.41821422,274,274,185672.790326637,5034511.41821422,186172.790326637,5034011.41821422,9,8,228.457885742188
185922.790326637,5033761.41821422,275,275,185672.790326637,5034011.41821422,186172.790326637,5033511.41821422,10,8,246.610610961914
185922.790326637,5033261.41821422,276,276,185672.790326637,5033511.41821422,186172.790326637,5033011.41821422,11,8,251.7353515625
185922.790326637,5032761.41821422,277,277,185672.790326637,5033011.41821422,186172.790326637,5032511.41821422,12,8,231.651763916016
185922.790326637,5032261.41821422,278,278,185672.790326637,5032511.41821422,186172.790326637,5032011.41821422,13,8,228.173553466797
185922.790326637,5031761.41821422,279,279,185672.790326637,5032011.41821422,186172.790326637,5031511.41821422,14,8,225.888198852539
185922.790326637,5031261.41821422,280,280,185672.790326637,5031511.41821422,186172.790326637,5031011.41821422,15,8,217.410064697266
185922.790326637,5030761.41821422,281,281,185672.790326637,5031011.41821422,186172.790326637,5030511.41821422,16,8,218.272903442383
185922.790326637,5030261.41821422,282,282,185672.790326637,5030511.41821422,186172.790326637,5030011.41821422,17,8,217.26708984375
185922.790326637,5029761.41821422,283,283,185672.790326637,5030011.41821422,186172.790326637,5029511.41821422,18,8,220.207077026367
185922.790326637,5029261.41821422,284,284,185672.790326637,5029511.41821422,186172.790326637,5029011.41821422,19,8,222.649063110352
185922.790326637,5028761.41821422,285,285,185672.790326637,5029011.41821422,186172.790326637,5028511.41821422,20,8,228.133071899414
185922.790326637,5028261.41821422,286,286,185672.790326637,5028511.41821422,186172.790326637,5028011.41821422,21,8,229.961868286133
185922.790326637,5027761.41821422,287,287,185672.790326637,5028011.41821422,186172.790326637,5027511.41821422,22,8,234.03857421875
185922.790326637,5027261.41821422,288,288,185672.790326637,5027511.41821422,186172.790326637,5027011.41821422,23,8,242.001495361328
185922.790326637,5026761.41821422,289,289,185672.790326637,5027011.41821422,186172.790326637,5026511.41821422,24,8,242.230880737305
185922.790326637,5026261.41821422,290,290,185672.790326637,5026511.41821422,186172.790326637,5026011.41821422,25,8,238.717681884766
185922.790326637,5025761.41821422,291,291,185672.790326637,5026011.41821422,186172.790326637,5025511.41821422,26,8,235.074478149414
185922.790326637,5025261.41821422,292,292,185672.790326637,5025511.41821422,186172.790326637,5025011.41821422,27,8,237.999771118164
185922.790326637,5024761.41821422,293,293,185672.790326637,5025011.41821422,186172.790326637,5024511.41821422,28,8,219.209625244141
185922.790326637,5024261.41821422,294,294,185672.790326637,5024511.41821422,186172.790326637,5024011.41821422,29,8,215.65705871582
185922.790326637,5023761.41821422,295,295,185672.790326637,5024011.41821422,186172.790326637,5023511.41821422,30,8,210.336868286133
185922.790326637,5023261.41821422,296,296,185672.790326637,5023511.41821422,186172.790326637,5023011.41821422,31,8,196.031463623047
185922.790326637,5022761.41821422,297,297,185672.790326637,5023011.41821422,186172.790326637,5022511.41821422,32,8,204.535720825195
186422.790326637,5038761.41821422,298,298,186172.790326637,5039011.41821422,186672.790326637,5038511.41821422,0,9,233.294326782227
186422.790326637,5038261.41821422,299,299,186172.790326637,5038511.41821422,186672.790326637,5038011.41821422,1,9,261.057250976562
186422.790326637,5037761.41821422,300,300,186172.790326637,5038011.41821422,186672.790326637,5037511.41821422,2,9,291.894958496094
186422.790326637,5037261.41821422,301,301,186172.790326637,5037511.41821422,186672.790326637,5037011.41821422,3,9,293.330108642578
186422.790326637,5036761.41821422,302,302,186172.790326637,5037011.41821422,186672.790326637,5036511.41821422,4,9,288.786163330078
186422.790326637,5036261.41821422,303,303,186172.790326637,5036511.41821422,186672.790326637,5036011.41821422,5,9,279.798492431641
186422.790326637,5035761.41821422,304,304,186172.790326637,5036011.41821422,186672.790326637,5035511.41821422,6,9,269.490417480469
186422.790326637,5035261.41821422,305,305,186172.790326637,5035511.41821422,186672.790326637,5035011.41821422,7,9,256.706604003906
186422.790326637,5034761.41821422,306,306,186172.790326637,5035011.41821422,186672.790326637,5034511.41821422,8,9,233.220474243164
186422.790326637,5034261.41821422,307,307,186172.790326637,5034511.41821422,186672.790326637,5034011.41821422,9,9,224.979995727539
186422.790326637,5033761.41821422,308,308,186172.790326637,5034011.41821422,186672.790326637,5033511.41821422,10,9,229.869995117188
186422.790326637,5033261.41821422,309,309,186172.790326637,5033511.41821422,186672.790326637,5033011.41821422,11,9,237.598861694336
186422.790326637,5032761.41821422,310,310,186172.790326637,5033011.41821422,186672.790326637,5032511.41821422,12,9,217.307525634766
186422.790326637,5032261.41821422,311,311,186172.790326637,5032511.41821422,186672.790326637,5032011.41821422,13,9,215.795776367188
186422.790326637,5031761.41821422,312,312,186172.790326637,5032011.41821422,186672.790326637,5031511.41821422,14,9,215.173080444336
186422.790326637,5031261.41821422,313,313,186172.790326637,5031511.41821422,186672.790326637,5031011.41821422,15,9,221.823272705078
186422.790326637,5030761.41821422,314,314,186172.790326637,5031011.41821422,186672.790326637,5030511.41821422,16,9,226.623947143555
186422.790326637,5030261.41821422,315,315,186172.790326637,5030511.41821422,186672.790326637,5030011.41821422,17,9,231.3564453125
186422.790326637,5029761.41821422,316,316,186172.790326637,5030011.41821422,186672.790326637,5029511.41821422,18,9,231.942016601562
186422.790326637,5029261.41821422,317,317,186172.790326637,5029511.41821422,186672.790326637,5029011.41821422,19,9,230.856185913086
186422.790326637,5028761.41821422,318,318,186172.790326637,5029011.41821422,186672.790326637,5028511.41821422,20,9,232.902648925781
186422.790326637,5028261.41821422,319,319,186172.790326637,5028511.41821422,186672.790326637,5028011.41821422,21,9,231.398010253906
186422.790326637,5027761.41821422,320,320,186172.790326637,5028011.41821422,186672.790326637,5027511.41821422,22,9,235.838226318359
186422.790326637,5027261.41821422,321,321,186172.790326637,5027511.41821422,186672.790326637,5027011.41821422,23,9,241.542541503906
186422.790326637,5026761.41821422,322,322,186172.790326637,5027011.41821422,186672.790326637,5026511.41821422,24,9,243.312545776367
186422.790326637,5026261.41821422,323,323,186172.790326637,5026511.41821422,186672.790326637,5026011.41821422,25,9,246.957717895508
186422.790326637,5025761.41821422,324,324,186172.790326637,5026011.41821422,186672.790326637,5025511.41821422,26,9,248.250122070312
186422.790326637,5025261.41821422,325,325,186172.790326637,5025511.41821422,186672.790326637,5025011.41821422,27,9,252.515151977539
186422.790326637,5024761.41821422,326,326,186172.790326637,5025011.41821422,186672.790326637,5024511.41821422,28,9,234.941970825195
186422.790326637,5024261.41821422,327,327,186172.790326637,5024511.41821422,186672.790326637,5024011.41821422,29,9,217.075241088867
186422.790326637,5023761.41821422,328,328,186172.790326637,5024011.41821422,186672.790326637,5023511.41821422,30,9,213.76057434082
186422.790326637,5023261.41821422,329,329,186172.790326637,5023511.41821422,186672.790326637,5023011.41821422,31,9,196.182861328125
186422.790326637,5022761.41821422,330,330,186172.790326637,5023011.41821422,186672.790326637,5022511.41821422,32,9,220.714080810547
186922.790326637,5038761.41821422,331,331,186672.790326637,5039011.41821422,187172.790326637,5038511.41821422,0,10,218.258407592773
186922.790326637,5038261.41821422,332,332,186672.790326637,5038511.41821422,187172.790326637,5038011.41821422,1,10,235.996871948242
186922.790326637,5037761.41821422,333,333,186672.790326637,5038011.41821422,187172.790326637,5037511.41821422,2,10,264.14892578125
186922.790326637,5037261.41821422,334,334,186672.790326637,5037511.41821422,187172.790326637,5037011.41821422,3,10,270.427703857422
186922.790326637,5036761.41821422,335,335,186672.790326637,5037011.41821422,187172.790326637,5036511.41821422,4,10,269.366302490234
186922.790326637,5036261.41821422,336,336,186672.790326637,5036511.41821422,187172.790326637,5036011.41821422,5,10,263.275238037109
186922.790326637,5035761.41821422,337,337,186672.790326637,5036011.41821422,187172.790326637,5035511.41821422,6,10,255.453430175781
186922.790326637,5035261.41821422,338,338,186672.790326637,5035511.41821422,187172.790326637,5035011.41821422,7,10,252.536911010742
186922.790326637,5034761.41821422,339,339,186672.790326637,5035011.41821422,187172.790326637,5034511.41821422,8,10,240.361999511719
186922.790326637,5034261.41821422,340,340,186672.790326637,5034511.41821422,187172.790326637,5034011.41821422,9,10,228.986129760742
186922.790326637,5033761.41821422,341,341,186672.790326637,5034011.41821422,187172.790326637,5033511.41821422,10,10,210.630157470703
186922.790326637,5033261.41821422,342,342,186672.790326637,5033511.41821422,187172.790326637,5033011.41821422,11,10,217.858535766602
186922.790326637,5032761.41821422,343,343,186672.790326637,5033011.41821422,187172.790326637,5032511.41821422,12,10,220.991836547852
186922.790326637,5032261.41821422,344,344,186672.790326637,5032511.41821422,187172.790326637,5032011.41821422,13,10,232.321105957031
186922.790326637,5031761.41821422,345,345,186672.790326637,5032011.41821422,187172.790326637,5031511.41821422,14,10,235.203338623047
186922.790326637,5031261.41821422,346,346,186672.790326637,5031511.41821422,187172.790326637,5031011.41821422,15,10,237.437377929688
186922.790326637,5030761.41821422,347,347,186672.790326637,5031011.41821422,187172.790326637,5030511.41821422,16,10,243.613143920898
186922.790326637,5030261.41821422,348,348,186672.790326637,5030511.41821422,187172.790326637,5030011.41821422,17,10,256.678619384766
186922.790326637,5029761.41821422,349,349,186672.790326637,5030011.41821422,187172.790326637,5029511.41821422,18,10,248.006042480469
186922.790326637,5029261.41821422,350,350,186672.790326637,5029511.41821422,187172.790326637,5029011.41821422,19,10,237.754989624023
186922.790326637,5028761.41821422,351,351,186672.790326637,5029011.41821422,187172.790326637,5028511.41821422,20,10,235.946075439453
186922.790326637,5028261.41821422,352,352,186672.790326637,5028511.41821422,187172.790326637,5028011.41821422,21,10,233.816940307617
186922.790326637,5027761.41821422,353,353,186672.790326637,5028011.41821422,187172.790326637,5027511.41821422,22,10,235.184753417969
186922.790326637,5027261.41821422,354,354,186672.790326637,5027511.41821422,187172.790326637,5027011.41821422,23,10,245.48974609375
186922.790326637,5026761.41821422,355,355,186672.790326637,5027011.41821422,187172.790326637,5026511.41821422,24,10,246.351501464844
186922.790326637,5026261.41821422,356,356,186672.790326637,5026511.41821422,187172.790326637,5026011.41821422,25,10,247.672439575195
186922.790326637,5025761.41821422,357,357,186672.790326637,5026011.41821422,187172.790326637,5025511.41821422,26,10,250.632141113281
186922.790326637,5025261.41821422,358,358,186672.790326637,5025511.41821422,187172.790326637,5025011.41821422,27,10,249.995620727539
186922.790326637,5024761.41821422,359,359,186672.790326637,5025011.41821422,187172.790326637,5024511.41821422,28,10,237.342590332031
186922.790326637,5024261.41821422,360,360,186672.790326637,5024511.41821422,187172.790326637,5024011.41821422,29,10,208.015045166016
186922.790326637,5023761.41821422,361,361,186672.790326637,5024011.41821422,187172.790326637,5023511.41821422,30,10,215.720657348633
186922.790326637,5023261.41821422,362,362,186672.790326637,5023511.41821422,187172.790326637,5023011.41821422,31,10,194.013717651367
186922.790326637,5022761.41821422,363,363,186672.790326637,5023011.41821422,187172.790326637,5022511.41821422,32,10,210.934173583984
187422.790326637,5038761.41821422,364,364,187172.790326637,5039011.41821422,187672.790326637,5038511.41821422,0,11,203.875152587891
187422.790326637,5038261.41821422,365,365,187172.790326637,5038511.41821422,187672.790326637,5038011.41821422,1,11,217.309997558594
187422.790326637,5037761.41821422,366,366,187172.790326637,5038011.41821422,187672.790326637,5037511.41821422,2,11,242.641967773438
187422.790326637,5037261.41821422,367,367,187172.790326637,5037511.41821422,187672.790326637,5037011.41821422,3,11,247.61653137207
187422.790326637,5036761.41821422,368,368,187172.790326637,5037011.41821422,187672.790326637,5036511.41821422,4,11,246.156860351562
187422.790326637,5036261.41821422,369,369,187172.790326637,5036511.41821422,187672.790326637,5036011.41821422,5,11,245.820571899414
187422.790326637,5035761.41821422,370,370,187172.790326637,5036011.41821422,187672.790326637,5035511.41821422,6,11,242.043731689453
187422.790326637,5035261.41821422,371,371,187172.790326637,5035511.41821422,187672.790326637,5035011.41821422,7,11,244.228851318359
187422.790326637,5034761.41821422,372,372,187172.790326637,5035011.41821422,187672.790326637,5034511.41821422,8,11,241.648452758789
187422.790326637,5034261.41821422,373,373,187172.790326637,5034511.41821422,187672.790326637,5034011.41821422,9,11,223.608444213867
187422.790326637,5033761.41821422,374,374,187172.790326637,5034011.41821422,187672.790326637,5033511.41821422,10,11,215.132675170898
187422.790326637,5033261.41821422,375,375,187172.790326637,5033511.41821422,187672.790326637,5033011.41821422,11,11,210.466186523438
187422.790326637,5032761.41821422,376,376,187172.790326637,5033011.41821422,187672.790326637,5032511.41821422,12,11,224.959991455078
187422.790326637,5032261.41821422,377,377,187172.790326637,5032511.41821422,187672.790326637,5032011.41821422,13,11,239.81999206543
187422.790326637,5031761.41821422,378,378,187172.790326637,5032011.41821422,187672.790326637,5031511.41821422,14,11,241.649993896484
187422.790326637,5031261.41821422,379,379,187172.790326637,5031511.41821422,187672.790326637,5031011.41821422,15,11,246.610000610352
187422.790326637,5030761.41821422,380,380,187172.790326637,5031011.41821422,187672.790326637,5030511.41821422,16,11,257.929992675781
187422.790326637,5030261.41821422,381,381,187172.790326637,5030511.41821422,187672.790326637,5030011.41821422,17,11,264.139984130859
187422.790326637,5029761.41821422,382,382,187172.790326637,5030011.41821422,187672.790326637,5029511.41821422,18,11,254.470001220703
187422.790326637,5029261.41821422,383,383,187172.790326637,5029511.41821422,187672.790326637,5029011.41821422,19,11,244.549987792969
187422.790326637,5028761.41821422,384,384,187172.790326637,5029011.41821422,187672.790326637,5028511.41821422,20,11,238.239990234375
187422.790326637,5028261.41821422,385,385,187172.790326637,5028511.41821422,187672.790326637,5028011.41821422,21,11,235.479995727539
187422.790326637,5027761.41821422,386,386,187172.790326637,5028011.41821422,187672.790326637,5027511.41821422,22,11,236.039993286133
187422.790326637,5027261.41821422,387,387,187172.790326637,5027511.41821422,187672.790326637,5027011.41821422,23,11,242.479995727539
187422.790326637,5026761.41821422,388,388,187172.790326637,5027011.41821422,187672.790326637,5026511.41821422,24,11,249.549987792969
187422.790326637,5026261.41821422,389,389,187172.790326637,5026511.41821422,187672.790326637,5026011.41821422,25,11,258.739990234375
187422.790326637,5025761.41821422,390,390,187172.790326637,5026011.41821422,187672.790326637,5025511.41821422,26,11,254.259994506836
187422.790326637,5025261.41821422,391,391,187172.790326637,5025511.41821422,187672.790326637,5025011.41821422,27,11,244.860000610352
187422.790326637,5024761.41821422,392,392,187172.790326637,5025011.41821422,187672.790326637,5024511.41821422,28,11,234.5
187422.790326637,5024261.41821422,393,393,187172.790326637,5024511.41821422,187672.790326637,5024011.41821422,29,11,214.129989624023
187422.790326637,5023761.41821422,394,394,187172.790326637,5024011.41821422,187672.790326637,5023511.41821422,30,11,204.90998840332
187422.790326637,5023261.41821422,395,395,187172.790326637,5023511.41821422,187672.790326637,5023011.41821422,31,11,208.259994506836
187422.790326637,5022761.41821422,396,396,187172.790326637,5023011.41821422,187672.790326637,5022511.41821422,32,11,204.919998168945
187922.790326637,5038761.41821422,397,397,187672.790326637,5039011.41821422,188172.790326637,5038511.41821422,0,12,197.959991455078
187922.790326637,5038261.41821422,398,398,187672.790326637,5038511.41821422,188172.790326637,5038011.41821422,1,12,199.099990844727
187922.790326637,5037761.41821422,399,399,187672.790326637,5038011.41821422,188172.790326637,5037511.41821422,2,12,221.339996337891
187922.790326637,5037261.41821422,400,400,187672.790326637,5037511.41821422,188172.790326637,5037011.41821422,3,12,229.720001220703
187922.790326637,5036761.41821422,401,401,187672.790326637,5037011.41821422,188172.790326637,5036511.41821422,4,12,237.929992675781
187922.790326637,5036261.41821422,402,402,187672.790326637,5036511.41821422,188172.790326637,5036011.41821422,5,12,229.259994506836
187922.790326637,5035761.41821422,403,403,187672.790326637,5036011.41821422,188172.790326637,5035511.41821422,6,12,225.649993896484
187922.790326637,5035261.41821422,404,404,187672.790326637,5035511.41821422,188172.790326637,5035011.41821422,7,12,228.720001220703
187922.790326637,5034761.41821422,405,405,187672.790326637,5035011.41821422,188172.790326637,5034511.41821422,8,12,231.129989624023
187922.790326637,5034261.41821422,406,406,187672.790326637,5034511.41821422,188172.790326637,5034011.41821422,9,12,216.119995117188
187922.790326637,5033761.41821422,407,407,187672.790326637,5034011.41821422,188172.790326637,5033511.41821422,10,12,206.519989013672
187922.790326637,5033261.41821422,408,408,187672.790326637,5033511.41821422,188172.790326637,5033011.41821422,11,12,199.669998168945
187922.790326637,5032761.41821422,409,409,187672.790326637,5033011.41821422,188172.790326637,5032511.41821422,12,12,215.429992675781
187922.790326637,5032261.41821422,410,410,187672.790326637,5032511.41821422,188172.790326637,5032011.41821422,13,12,235.289993286133
187922.790326637,5031761.41821422,411,411,187672.790326637,5032011.41821422,188172.790326637,5031511.41821422,14,12,241.580001831055
187922.790326637,5031261.41821422,412,412,187672.790326637,5031511.41821422,188172.790326637,5031011.41821422,15,12,247.279998779297
187922.790326637,5030761.41821422,413,413,187672.790326637,5031011.41821422,188172.790326637,5030511.41821422,16,12,257.919982910156
187922.790326637,5030261.41821422,414,414,187672.790326637,5030511.41821422,188172.790326637,5030011.41821422,17,12,253.709991455078
187922.790326637,5029761.41821422,415,415,187672.790326637,5030011.41821422,188172.790326637,5029511.41821422,18,12,246.189987182617
187922.790326637,5029261.41821422,416,416,187672.790326637,5029511.41821422,188172.790326637,5029011.41821422,19,12,236.580001831055
187922.790326637,5028761.41821422,417,417,187672.790326637,5029011.41821422,188172.790326637,5028511.41821422,20,12,229.699996948242
187922.790326637,5028261.41821422,418,418,187672.790326637,5028511.41821422,188172.790326637,5028011.41821422,21,12,227.149993896484
187922.790326637,5027761.41821422,419,419,187672.790326637,5028011.41821422,188172.790326637,5027511.41821422,22,12,232.65998840332
187922.790326637,5027261.41821422,420,420,187672.790326637,5027511.41821422,188172.790326637,5027011.41821422,23,12,246.599990844727
187922.790326637,5026761.41821422,421,421,187672.790326637,5027011.41821422,188172.790326637,5026511.41821422,24,12,258.570007324219
187922.790326637,5026261.41821422,422,422,187672.790326637,5026511.41821422,188172.790326637,5026011.41821422,25,12,256.25
187922.790326637,5025761.41821422,423,423,187672.790326637,5026011.41821422,188172.790326637,5025511.41821422,26,12,246.879989624023
187922.790326637,5025261.41821422,424,424,187672.790326637,5025511.41821422,188172.790326637,5025011.41821422,27,12,229.029998779297
187922.790326637,5024761.41821422,425,425,187672.790326637,5025011.41821422,188172.790326637,5024511.41821422,28,12,221.580001831055
187922.790326637,5024261.41821422,426,426,187672.790326637,5024511.41821422,188172.790326637,5024011.41821422,29,12,207.559997558594
187922.790326637,5023761.41821422,427,427,187672.790326637,5024011.41821422,188172.790326637,5023511.41821422,30,12,208.629989624023
187922.790326637,5023261.41821422,428,428,187672.790326637,5023511.41821422,188172.790326637,5023011.41821422,31,12,194.5
187922.790326637,5022761.41821422,429,429,187672.790326637,5023011.41821422,188172.790326637,5022511.41821422,32,12,220.919998168945
188422.790326637,5038761.41821422,430,430,188172.790326637,5039011.41821422,188672.790326637,5038511.41821422,0,13,189.179992675781
188422.790326637,5038261.41821422,431,431,188172.790326637,5038511.41821422,188672.790326637,5038011.41821422,1,13,190.360000610352
188422.790326637,5037761.41821422,432,432,188172.790326637,5038011.41821422,188672.790326637,5037511.41821422,2,13,208.789993286133
188422.790326637,5037261.41821422,433,433,188172.790326637,5037511.41821422,188672.790326637,5037011.41821422,3,13,231.119995117188
188422.790326637,5036761.41821422,434,434,188172.790326637,5037011.41821422,188672.790326637,5036511.41821422,4,13,223.860000610352
188422.790326637,5036261.41821422,435,435,188172.790326637,5036511.41821422,188672.790326637,5036011.41821422,5,13,217.699996948242
188422.790326637,5035761.41821422,436,436,188172.790326637,5036011.41821422,188672.790326637,5035511.41821422,6,13,206.889999389648
188422.790326637,5035261.41821422,437,437,188172.790326637,5035511.41821422,188672.790326637,5035011.41821422,7,13,211.169998168945
188422.790326637,5034761.41821422,438,438,188172.790326637,5035011.41821422,188672.790326637,5034511.41821422,8,13,202.649993896484
188422.790326637,5034261.41821422,439,439,188172.790326637,5034511.41821422,188672.790326637,5034011.41821422,9,13,213.419998168945
188422.790326637,5033761.41821422,440,440,188172.790326637,5034011.41821422,188672.790326637,5033511.41821422,10,13,206.629989624023
188422.790326637,5033261.41821422,441,441,188172.790326637,5033511.41821422,188672.790326637,5033011.41821422,11,13,203.729995727539
188422.790326637,5032761.41821422,442,442,188172.790326637,5033011.41821422,188672.790326637,5032511.41821422,12,13,197.449996948242
188422.790326637,5032261.41821422,443,443,188172.790326637,5032511.41821422,188672.790326637,5032011.41821422,13,13,226.15998840332
188422.790326637,5031761.41821422,444,444,188172.790326637,5032011.41821422,188672.790326637,5031511.41821422,14,13,257.089996337891
188422.790326637,5031261.41821422,445,445,188172.790326637,5031511.41821422,188672.790326637,5031011.41821422,15,13,253.879989624023
188422.790326637,5030761.41821422,446,446,188172.790326637,5031011.41821422,188672.790326637,5030511.41821422,16,13,243.709991455078
188422.790326637,5030261.41821422,447,447,188172.790326637,5030511.41821422,188672.790326637,5030011.41821422,17,13,238.449996948242
188422.790326637,5029761.41821422,448,448,188172.790326637,5030011.41821422,188672.790326637,5029511.41821422,18,13,238.369995117188
188422.790326637,5029261.41821422,449,449,188172.790326637,5029511.41821422,188672.790326637,5029011.41821422,19,13,237.419998168945
188422.790326637,5028761.41821422,450,450,188172.790326637,5029011.41821422,188672.790326637,5028511.41821422,20,13,236.419998168945
188422.790326637,5028261.41821422,451,451,188172.790326637,5028511.41821422,188672.790326637,5028011.41821422,21,13,222.229995727539
188422.790326637,5027761.41821422,452,452,188172.790326637,5028011.41821422,188672.790326637,5027511.41821422,22,13,214.629989624023
188422.790326637,5027261.41821422,453,453,188172.790326637,5027511.41821422,188672.790326637,5027011.41821422,23,13,239.56999206543
188422.790326637,5026761.41821422,454,454,188172.790326637,5027011.41821422,188672.790326637,5026511.41821422,24,13,253.289993286133
188422.790326637,5026261.41821422,455,455,188172.790326637,5026511.41821422,188672.790326637,5026011.41821422,25,13,246.369995117188
188422.790326637,5025761.41821422,456,456,188172.790326637,5026011.41821422,188672.790326637,5025511.41821422,26,13,242.559997558594
188422.790326637,5025261.41821422,457,457,188172.790326637,5025511.41821422,188672.790326637,5025011.41821422,27,13,229.080001831055
188422.790326637,5024761.41821422,458,458,188172.790326637,5025011.41821422,188672.790326637,5024511.41821422,28,13,183.099990844727
188422.790326637,5024261.41821422,459,459,188172.790326637,5024511.41821422,188672.790326637,5024011.41821422,29,13,183.039993286133
188422.790326637,5023761.41821422,460,460,188172.790326637,5024011.41821422,188672.790326637,5023511.41821422,30,13,213.15998840332
188422.790326637,5023261.41821422,461,461,188172.790326637,5023511.41821422,188672.790326637,5023011.41821422,31,13,213.720001220703
188422.790326637,5022761.41821422,462,462,188172.790326637,5023011.41821422,188672.790326637,5022511.41821422,32,13,230.629989624023
188922.790326637,5038761.41821422,463,463,188672.790326637,5039011.41821422,189172.790326637,5038511.41821422,0,14,199.330001831055
188922.790326637,5038261.41821422,464,464,188672.790326637,5038511.41821422,189172.790326637,5038011.41821422,1,14,184.360000610352
188922.790326637,5037761.41821422,465,465,188672.790326637,5038011.41821422,189172.790326637,5037511.41821422,2,14,189.5
188922.790326637,5037261.41821422,466,466,188672.790326637,5037511.41821422,189172.790326637,5037011.41821422,3,14,218.019989013672
188922.790326637,5036761.41821422,467,467,188672.790326637,5037011.41821422,189172.790326637,5036511.41821422,4,14,212.619995117188
188922.790326637,5036261.41821422,468,468,188672.790326637,5036511.41821422,189172.790326637,5036011.41821422,5,14,198.709991455078
188922.790326637,5035761.41821422,469,469,188672.790326637,5036011.41821422,189172.790326637,5035511.41821422,6,14,195.899993896484
188922.790326637,5035261.41821422,470,470,188672.790326637,5035511.41821422,189172.790326637,5035011.41821422,7,14,185.269989013672
188922.790326637,5034761.41821422,471,471,188672.790326637,5035011.41821422,189172.790326637,5034511.41821422,8,14,210.169998168945
188922.790326637,5034261.41821422,472,472,188672.790326637,5034511.41821422,189172.790326637,5034011.41821422,9,14,205.089996337891
188922.790326637,5033761.41821422,473,473,188672.790326637,5034011.41821422,189172.790326637,5033511.41821422,10,14,203.050003051758
188922.790326637,5033261.41821422,474,474,188672.790326637,5033511.41821422,189172.790326637,5033011.41821422,11,14,200.830001831055
188922.790326637,5032761.41821422,475,475,188672.790326637,5033011.41821422,189172.790326637,5032511.41821422,12,14,200.699996948242
188922.790326637,5032261.41821422,476,476,188672.790326637,5032511.41821422,189172.790326637,5032011.41821422,13,14,200.239990234375
188922.790326637,5031761.41821422,477,477,188672.790326637,5032011.41821422,189172.790326637,5031511.41821422,14,14,228.149993896484
188922.790326637,5031261.41821422,478,478,188672.790326637,5031511.41821422,189172.790326637,5031011.41821422,15,14,228.049987792969
188922.790326637,5030761.41821422,479,479,188672.790326637,5031011.41821422,189172.790326637,5030511.41821422,16,14,225.619995117188
188922.790326637,5030261.41821422,480,480,188672.790326637,5030511.41821422,189172.790326637,5030011.41821422,17,14,219.199996948242
188922.790326637,5029761.41821422,481,481,188672.790326637,5030011.41821422,189172.790326637,5029511.41821422,18,14,226.25
188922.790326637,5029261.41821422,482,482,188672.790326637,5029511.41821422,189172.790326637,5029011.41821422,19,14,225.75
188922.790326637,5028761.41821422,483,483,188672.790326637,5029011.41821422,189172.790326637,5028511.41821422,20,14,245.439987182617
188922.790326637,5028261.41821422,484,484,188672.790326637,5028511.41821422,189172.790326637,5028011.41821422,21,14,242.239990234375
188922.790326637,5027761.41821422,485,485,188672.790326637,5028011.41821422,189172.790326637,5027511.41821422,22,14,220.769989013672
188922.790326637,5027261.41821422,486,486,188672.790326637,5027511.41821422,189172.790326637,5027011.41821422,23,14,221.839996337891
188922.790326637,5026761.41821422,487,487,188672.790326637,5027011.41821422,189172.790326637,5026511.41821422,24,14,239.489990234375
188922.790326637,5026261.41821422,488,488,188672.790326637,5026511.41821422,189172.790326637,5026011.41821422,25,14,232.009994506836
188922.790326637,5025761.41821422,489,489,188672.790326637,5026011.41821422,189172.790326637,5025511.41821422,26,14,233.059997558594
188922.790326637,5025261.41821422,490,490,188672.790326637,5025511.41821422,189172.790326637,5025011.41821422,27,14,217.110000610352
188922.790326637,5024761.41821422,491,491,188672.790326637,5025011.41821422,189172.790326637,5024511.41821422,28,14,198.239990234375
188922.790326637,5024261.41821422,492,492,188672.790326637,5024511.41821422,189172.790326637,5024011.41821422,29,14,211.369995117188
188922.790326637,5023761.41821422,493,493,188672.790326637,5024011.41821422,189172.790326637,5023511.41821422,30,14,227.339996337891
188922.790326637,5023261.41821422,494,494,188672.790326637,5023511.41821422,189172.790326637,5023011.41821422,31,14,229.289993286133
188922.790326637,5022761.41821422,495,495,188672.790326637,5023011.41821422,189172.790326637,5022511.41821422,32,14,242.080001831055
189422.790326637,5038761.41821422,496,496,189172.790326637,5039011.41821422,189672.790326637,5038511.41821422,0,15,211.56999206543
189422.790326637,5038261.41821422,497,497,189172.790326637,5038511.41821422,189672.790326637,5038011.41821422,1,15,194.019989013672
189422.790326637,5037761.41821422,498,498,189172.790326637,5038011.41821422,189672.790326637,5037511.41821422,2,15,167.039993286133
189422.790326637,5037261.41821422,499,499,189172.790326637,5037511.41821422,189672.790326637,5037011.41821422,3,15,191.31999206543
189422.790326637,5036761.41821422,500,500,189172.790326637,5037011.41821422,189672.790326637,5036511.41821422,4,15,197.489990234375
189422.790326637,5036261.41821422,501,501,189172.790326637,5036511.41821422,189672.790326637,5036011.41821422,5,15,187.959991455078
189422.790326637,5035761.41821422,502,502,189172.790326637,5036011.41821422,189672.790326637,5035511.41821422,6,15,177.269989013672
189422.790326637,5035261.41821422,503,503,189172.790326637,5035511.41821422,189672.790326637,5035011.41821422,7,15,209.059997558594
189422.790326637,5034761.41821422,504,504,189172.790326637,5035011.41821422,189672.790326637,5034511.41821422,8,15,214.309997558594
189422.790326637,5034261.41821422,505,505,189172.790326637,5034511.41821422,189672.790326637,5034011.41821422,9,15,208.699996948242
189422.790326637,5033761.41821422,506,506,189172.790326637,5034011.41821422,189672.790326637,5033511.41821422,10,15,214.40998840332
189422.790326637,5033261.41821422,507,507,189172.790326637,5033511.41821422,189672.790326637,5033011.41821422,11,15,217.849990844727
189422.790326637,5032761.41821422,508,508,189172.790326637,5033011.41821422,189672.790326637,5032511.41821422,12,15,224.06999206543
189422.790326637,5032261.41821422,509,509,189172.790326637,5032511.41821422,189672.790326637,5032011.41821422,13,15,234.339996337891
189422.790326637,5031761.41821422,510,510,189172.790326637,5032011.41821422,189672.790326637,5031511.41821422,14,15,224.519989013672
189422.790326637,5031261.41821422,511,511,189172.790326637,5031511.41821422,189672.790326637,5031011.41821422,15,15,214.479995727539
189422.790326637,5030761.41821422,512,512,189172.790326637,5031011.41821422,189672.790326637,5030511.41821422,16,15,226.649993896484
189422.790326637,5030261.41821422,513,513,189172.790326637,5030511.41821422,189672.790326637,5030011.41821422,17,15,214.080001831055
189422.790326637,5029761.41821422,514,514,189172.790326637,5030011.41821422,189672.790326637,5029511.41821422,18,15,209.639999389648
189422.790326637,5029261.41821422,515,515,189172.790326637,5029511.41821422,189672.790326637,5029011.41821422,19,15,224.580001831055
189422.790326637,5028761.41821422,516,516,189172.790326637,5029011.41821422,189672.790326637,5028511.41821422,20,15,222.379989624023
189422.790326637,5028261.41821422,517,517,189172.790326637,5028511.41821422,189672.790326637,5028011.41821422,21,15,236
189422.790326637,5027761.41821422,518,518,189172.790326637,5028011.41821422,189672.790326637,5027511.41821422,22,15,233.970001220703
189422.790326637,5027261.41821422,519,519,189172.790326637,5027511.41821422,189672.790326637,5027011.41821422,23,15,207.149993896484
189422.790326637,5026761.41821422,520,520,189172.790326637,5027011.41821422,189672.790326637,5026511.41821422,24,15,219.179992675781
189422.790326637,5026261.41821422,521,521,189172.790326637,5026511.41821422,189672.790326637,5026011.41821422,25,15,210.40998840332
189422.790326637,5025761.41821422,522,522,189172.790326637,5026011.41821422,189672.790326637,5025511.41821422,26,15,204.629989624023
189422.790326637,5025261.41821422,523,523,189172.790326637,5025511.41821422,189672.790326637,5025011.41821422,27,15,193.239990234375
189422.790326637,5024761.41821422,524,524,189172.790326637,5025011.41821422,189672.790326637,5024511.41821422,28,15,200.879989624023
189422.790326637,5024261.41821422,525,525,189172.790326637,5024511.41821422,189672.790326637,5024011.41821422,29,15,219.119995117188
189422.790326637,5023761.41821422,526,526,189172.790326637,5024011.41821422,189672.790326637,5023511.41821422,30,15,234.629989624023
189422.790326637,5023261.41821422,527,527,189172.790326637,5023511.41821422,189672.790326637,5023011.41821422,31,15,243.929992675781
189422.790326637,5022761.41821422,528,528,189172.790326637,5023011.41821422,189672.790326637,5022511.41821422,32,15,260.519989013672
189922.790326637,5038761.41821422,529,529,189672.790326637,5039011.41821422,190172.790326637,5038511.41821422,0,16,174.529998779297
189922.790326637,5038261.41821422,530,530,189672.790326637,5038511.41821422,190172.790326637,5038011.41821422,1,16,172.419998168945
189922.790326637,5037761.41821422,531,531,189672.790326637,5038011.41821422,190172.790326637,5037511.41821422,2,16,169.949996948242
189922.790326637,5037261.41821422,532,532,189672.790326637,5037511.41821422,190172.790326637,5037011.41821422,3,16,153.470001220703
189922.790326637,5036761.41821422,533,533,189672.790326637,5037011.41821422,190172.790326637,5036511.41821422,4,16,174.580001831055
189922.790326637,5036261.41821422,534,534,189672.790326637,5036511.41821422,190172.790326637,5036011.41821422,5,16,162.429992675781
189922.790326637,5035761.41821422,535,535,189672.790326637,5036011.41821422,190172.790326637,5035511.41821422,6,16,206.860000610352
189922.790326637,5035261.41821422,536,536,189672.790326637,5035511.41821422,190172.790326637,5035011.41821422,7,16,208.009994506836
189922.790326637,5034761.41821422,537,537,189672.790326637,5035011.41821422,190172.790326637,5034511.41821422,8,16,208.440002441406
189922.790326637,5034261.41821422,538,538,189672.790326637,5034511.41821422,190172.790326637,5034011.41821422,9,16,208.81999206543
189922.790326637,5033761.41821422,539,539,189672.790326637,5034011.41821422,190172.790326637,5033511.41821422,10,16,209.789993286133
189922.790326637,5033261.41821422,540,540,189672.790326637,5033511.41821422,190172.790326637,5033011.41821422,11,16,215.889999389648
189922.790326637,5032761.41821422,541,541,189672.790326637,5033011.41821422,190172.790326637,5032511.41821422,12,16,232.779998779297
189922.790326637,5032261.41821422,542,542,189672.790326637,5032511.41821422,190172.790326637,5032011.41821422,13,16,239.949996948242
189922.790326637,5031761.41821422,543,543,189672.790326637,5032011.41821422,190172.790326637,5031511.41821422,14,16,240.289993286133
189922.790326637,5031261.41821422,544,544,189672.790326637,5031511.41821422,190172.790326637,5031011.41821422,15,16,233.149993896484
189922.790326637,5030761.41821422,545,545,189672.790326637,5031011.41821422,190172.790326637,5030511.41821422,16,16,227.5
189922.790326637,5030261.41821422,546,546,189672.790326637,5030511.41821422,190172.790326637,5030011.41821422,17,16,219.220001220703
189922.790326637,5029761.41821422,547,547,189672.790326637,5030011.41821422,190172.790326637,5029511.41821422,18,16,216.949996948242
189922.790326637,5029261.41821422,548,548,189672.790326637,5029511.41821422,190172.790326637,5029011.41821422,19,16,208.40998840332
189922.790326637,5028761.41821422,549,549,189672.790326637,5029011.41821422,190172.790326637,5028511.41821422,20,16,220.979995727539
189922.790326637,5028261.41821422,550,550,189672.790326637,5028511.41821422,190172.790326637,5028011.41821422,21,16,222.81999206543
189922.790326637,5027761.41821422,551,551,189672.790326637,5028011.41821422,190172.790326637,5027511.41821422,22,16,229.970001220703
189922.790326637,5027261.41821422,552,552,189672.790326637,5027511.41821422,190172.790326637,5027011.41821422,23,16,213.779998779297
189922.790326637,5026761.41821422,553,553,189672.790326637,5027011.41821422,190172.790326637,5026511.41821422,24,16,201.580001831055
189922.790326637,5026261.41821422,554,554,189672.790326637,5026511.41821422,190172.790326637,5026011.41821422,25,16,183.759994506836
189922.790326637,5025761.41821422,555,555,189672.790326637,5026011.41821422,190172.790326637,5025511.41821422,26,16,183.110000610352
189922.790326637,5025261.41821422,556,556,189672.790326637,5025511.41821422,190172.790326637,5025011.41821422,27,16,186.300003051758
189922.790326637,5024761.41821422,557,557,189672.790326637,5025011.41821422,190172.790326637,5024511.41821422,28,16,223.789993286133
189922.790326637,5024261.41821422,558,558,189672.790326637,5024511.41821422,190172.790326637,5024011.41821422,29,16,231.31999206543
189922.790326637,5023761.41821422,559,559,189672.790326637,5024011.41821422,190172.790326637,5023511.41821422,30,16,236.449996948242
189922.790326637,5023261.41821422,560,560,189672.790326637,5023511.41821422,190172.790326637,5023011.41821422,31,16,239.979995727539
189922.790326637,5022761.41821422,561,561,189672.790326637,5023011.41821422,190172.790326637,5022511.41821422,32,16,264.559997558594
190422.790326637,5038761.41821422,562,562,190172.790326637,5039011.41821422,190672.790326637,5038511.41821422,0,17,127.180000305176
190422.790326637,5038261.41821422,563,563,190172.790326637,5038511.41821422,190672.790326637,5038011.41821422,1,17,129.959991455078
190422.790326637,5037761.41821422,564,564,190172.790326637,5038011.41821422,190672.790326637,5037511.41821422,2,17,133.099990844727
190422.790326637,5037261.41821422,565,565,190172.790326637,5037511.41821422,190672.790326637,5037011.41821422,3,17,143.360000610352
190422.790326637,5036761.41821422,566,566,190172.790326637,5037011.41821422,190672.790326637,5036511.41821422,4,17,145.330001831055
190422.790326637,5036261.41821422,567,567,190172.790326637,5036511.41821422,190672.790326637,5036011.41821422,5,17,168.690002441406
190422.790326637,5035761.41821422,568,568,190172.790326637,5036011.41821422,190672.790326637,5035511.41821422,6,17,185.369995117188
190422.790326637,5035261.41821422,569,569,190172.790326637,5035511.41821422,190672.790326637,5035011.41821422,7,17,196.580001831055
190422.790326637,5034761.41821422,570,570,190172.790326637,5035011.41821422,190672.790326637,5034511.41821422,8,17,217.889999389648
190422.790326637,5034261.41821422,571,571,190172.790326637,5034511.41821422,190672.790326637,5034011.41821422,9,17,217.949996948242
190422.790326637,5033761.41821422,572,572,190172.790326637,5034011.41821422,190672.790326637,5033511.41821422,10,17,213.349990844727
190422.790326637,5033261.41821422,573,573,190172.790326637,5033511.41821422,190672.790326637,5033011.41821422,11,17,216.440002441406
190422.790326637,5032761.41821422,574,574,190172.790326637,5033011.41821422,190672.790326637,5032511.41821422,12,17,243.289993286133
190422.790326637,5032261.41821422,575,575,190172.790326637,5032511.41821422,190672.790326637,5032011.41821422,13,17,236.039993286133
190422.790326637,5031761.41821422,576,576,190172.790326637,5032011.41821422,190672.790326637,5031511.41821422,14,17,241.629989624023
190422.790326637,5031261.41821422,577,577,190172.790326637,5031511.41821422,190672.790326637,5031011.41821422,15,17,239.979995727539
190422.790326637,5030761.41821422,578,578,190172.790326637,5031011.41821422,190672.790326637,5030511.41821422,16,17,236.459991455078
190422.790326637,5030261.41821422,579,579,190172.790326637,5030511.41821422,190672.790326637,5030011.41821422,17,17,228.599990844727
190422.790326637,5029761.41821422,580,580,190172.790326637,5030011.41821422,190672.790326637,5029511.41821422,18,17,219.009994506836
190422.790326637,5029261.41821422,581,581,190172.790326637,5029511.41821422,190672.790326637,5029011.41821422,19,17,208.169998168945
190422.790326637,5028761.41821422,582,582,190172.790326637,5029011.41821422,190672.790326637,5028511.41821422,20,17,212.690002441406
190422.790326637,5028261.41821422,583,583,190172.790326637,5028511.41821422,190672.790326637,5028011.41821422,21,17,200.509994506836
190422.790326637,5027761.41821422,584,584,190172.790326637,5028011.41821422,190672.790326637,5027511.41821422,22,17,183.029998779297
190422.790326637,5027261.41821422,585,585,190172.790326637,5027511.41821422,190672.790326637,5027011.41821422,23,17,183.06999206543
190422.790326637,5026761.41821422,586,586,190172.790326637,5027011.41821422,190672.790326637,5026511.41821422,24,17,183.050003051758
190422.790326637,5026261.41821422,587,587,190172.790326637,5026511.41821422,190672.790326637,5026011.41821422,25,17,198.769989013672
190422.790326637,5025761.41821422,588,588,190172.790326637,5026011.41821422,190672.790326637,5025511.41821422,26,17,200.769989013672
190422.790326637,5025261.41821422,589,589,190172.790326637,5025511.41821422,190672.790326637,5025011.41821422,27,17,214.90998840332
190422.790326637,5024761.41821422,590,590,190172.790326637,5025011.41821422,190672.790326637,5024511.41821422,28,17,230.220001220703
190422.790326637,5024261.41821422,591,591,190172.790326637,5024511.41821422,190672.790326637,5024011.41821422,29,17,238.989990234375
190422.790326637,5023761.41821422,592,592,190172.790326637,5024011.41821422,190672.790326637,5023511.41821422,30,17,249.549987792969
190422.790326637,5023261.41821422,593,593,190172.790326637,5023511.41821422,190672.790326637,5023011.41821422,31,17,256.739990234375
190422.790326637,5022761.41821422,594,594,190172.790326637,5023011.41821422,190672.790326637,5022511.41821422,32,17,269.690002441406
190922.790326637,5038761.41821422,595,595,190672.790326637,5039011.41821422,191172.790326637,5038511.41821422,0,18,126.659996032715
190922.790326637,5038261.41821422,596,596,190672.790326637,5038511.41821422,191172.790326637,5038011.41821422,1,18,156.879989624023
190922.790326637,5037761.41821422,597,597,190672.790326637,5038011.41821422,191172.790326637,5037511.41821422,2,18,155.949996948242
190922.790326637,5037261.41821422,598,598,190672.790326637,5037511.41821422,191172.790326637,5037011.41821422,3,18,176.619995117188
190922.790326637,5036761.41821422,599,599,190672.790326637,5037011.41821422,191172.790326637,5036511.41821422,4,18,178
190922.790326637,5036261.41821422,600,600,190672.790326637,5036511.41821422,191172.790326637,5036011.41821422,5,18,159.25
190922.790326637,5035761.41821422,601,601,190672.790326637,5036011.41821422,191172.790326637,5035511.41821422,6,18,163.75
190922.790326637,5035261.41821422,602,602,190672.790326637,5035511.41821422,191172.790326637,5035011.41821422,7,18,195.119995117188
190922.790326637,5034761.41821422,603,603,190672.790326637,5035011.41821422,191172.790326637,5034511.41821422,8,18,219.769989013672
190922.790326637,5034261.41821422,604,604,190672.790326637,5034511.41821422,191172.790326637,5034011.41821422,9,18,215.929992675781
190922.790326637,5033761.41821422,605,605,190672.790326637,5034011.41821422,191172.790326637,5033511.41821422,10,18,207.40998840332
190922.790326637,5033261.41821422,606,606,190672.790326637,5033511.41821422,191172.790326637,5033011.41821422,11,18,223.379989624023
190922.790326637,5032761.41821422,607,607,190672.790326637,5033011.41821422,191172.790326637,5032511.41821422,12,18,223.299987792969
190922.790326637,5032261.41821422,608,608,190672.790326637,5032511.41821422,191172.790326637,5032011.41821422,13,18,231.15998840332
190922.790326637,5031761.41821422,609,609,190672.790326637,5032011.41821422,191172.790326637,5031511.41821422,14,18,247.939987182617
190922.790326637,5031261.41821422,610,610,190672.790326637,5031511.41821422,191172.790326637,5031011.41821422,15,18,233.119995117188
190922.790326637,5030761.41821422,611,611,190672.790326637,5031011.41821422,191172.790326637,5030511.41821422,16,18,232.860000610352
190922.790326637,5030261.41821422,612,612,190672.790326637,5030511.41821422,191172.790326637,5030011.41821422,17,18,235.889999389648
190922.790326637,5029761.41821422,613,613,190672.790326637,5030011.41821422,191172.790326637,5029511.41821422,18,18,235.729995727539
190922.790326637,5029261.41821422,614,614,190672.790326637,5029511.41821422,191172.790326637,5029011.41821422,19,18,225.06999206543
190922.790326637,5028761.41821422,615,615,190672.790326637,5029011.41821422,191172.790326637,5028511.41821422,20,18,191.800003051758
190922.790326637,5028261.41821422,616,616,190672.790326637,5028511.41821422,191172.790326637,5028011.41821422,21,18,191.75
190922.790326637,5027761.41821422,617,617,190672.790326637,5028011.41821422,191172.790326637,5027511.41821422,22,18,207
190922.790326637,5027261.41821422,618,618,190672.790326637,5027511.41821422,191172.790326637,5027011.41821422,23,18,196.080001831055
190922.790326637,5026761.41821422,619,619,190672.790326637,5027011.41821422,191172.790326637,5026511.41821422,24,18,201.479995727539
190922.790326637,5026261.41821422,620,620,190672.790326637,5026511.41821422,191172.790326637,5026011.41821422,25,18,209.220001220703
190922.790326637,5025761.41821422,621,621,190672.790326637,5026011.41821422,191172.790326637,5025511.41821422,26,18,205.15998840332
190922.790326637,5025261.41821422,622,622,190672.790326637,5025511.41821422,191172.790326637,5025011.41821422,27,18,232.459991455078
190922.790326637,5024761.41821422,623,623,190672.790326637,5025011.41821422,191172.790326637,5024511.41821422,28,18,234.970001220703
190922.790326637,5024261.41821422,624,624,190672.790326637,5024511.41821422,191172.790326637,5024011.41821422,29,18,248.110000610352
190922.790326637,5023761.41821422,625,625,190672.790326637,5024011.41821422,191172.790326637,5023511.41821422,30,18,272.290008544922
190922.790326637,5023261.41821422,626,626,190672.790326637,5023511.41821422,191172.790326637,5023011.41821422,31,18,278.049987792969
190922.790326637,5022761.41821422,627,627,190672.790326637,5023011.41821422,191172.790326637,5022511.41821422,32,18,269.839996337891
191422.790326637,5038761.41821422,628,628,191172.790326637,5039011.41821422,191672.790326637,5038511.41821422,0,19,138.300003051758
191422.790326637,5038261.41821422,629,629,191172.790326637,5038511.41821422,191672.790326637,5038011.41821422,1,19,143.520004272461
191422.790326637,5037761.41821422,630,630,191172.790326637,5038011.41821422,191672.790326637,5037511.41821422,2,19,155.910003662109
191422.790326637,5037261.41821422,631,631,191172.790326637,5037511.41821422,191672.790326637,5037011.41821422,3,19,161.389999389648
191422.790326637,5036761.41821422,632,632,191172.790326637,5037011.41821422,191672.790326637,5036511.41821422,4,19,157.129989624023
191422.790326637,5036261.41821422,633,633,191172.790326637,5036511.41821422,191672.790326637,5036011.41821422,5,19,151.039993286133
191422.790326637,5035761.41821422,634,634,191172.790326637,5036011.41821422,191672.790326637,5035511.41821422,6,19,153.690002441406
191422.790326637,5035261.41821422,635,635,191172.790326637,5035511.41821422,191672.790326637,5035011.41821422,7,19,192.610000610352
191422.790326637,5034761.41821422,636,636,191172.790326637,5035011.41821422,191672.790326637,5034511.41821422,8,19,215.709991455078
191422.790326637,5034261.41821422,637,637,191172.790326637,5034511.41821422,191672.790326637,5034011.41821422,9,19,208.619995117188
191422.790326637,5033761.41821422,638,638,191172.790326637,5034011.41821422,191672.790326637,5033511.41821422,10,19,203.019989013672
191422.790326637,5033261.41821422,639,639,191172.790326637,5033511.41821422,191672.790326637,5033011.41821422,11,19,220.539993286133
191422.790326637,5032761.41821422,640,640,191172.790326637,5033011.41821422,191672.790326637,5032511.41821422,12,19,217.649993896484
191422.790326637,5032261.41821422,641,641,191172.790326637,5032511.41821422,191672.790326637,5032011.41821422,13,19,245.019989013672
191422.790326637,5031761.41821422,642,642,191172.790326637,5032011.41821422,191672.790326637,5031511.41821422,14,19,237.56999206543
191422.790326637,5031261.41821422,643,643,191172.790326637,5031511.41821422,191672.790326637,5031011.41821422,15,19,233.119995117188
191422.790326637,5030761.41821422,644,644,191172.790326637,5031011.41821422,191672.790326637,5030511.41821422,16,19,218.799987792969
191422.790326637,5030261.41821422,645,645,191172.790326637,5030511.41821422,191672.790326637,5030011.41821422,17,19,227.75
191422.790326637,5029761.41821422,646,646,191172.790326637,5030011.41821422,191672.790326637,5029511.41821422,18,19,235.080001831055
191422.790326637,5029261.41821422,647,647,191172.790326637,5029511.41821422,191672.790326637,5029011.41821422,19,19,191.639999389648
191422.790326637,5028761.41821422,648,648,191172.790326637,5029011.41821422,191672.790326637,5028511.41821422,20,19,188.440002441406
191422.790326637,5028261.41821422,649,649,191172.790326637,5028511.41821422,191672.790326637,5028011.41821422,21,19,208.699996948242
191422.790326637,5027761.41821422,650,650,191172.790326637,5028011.41821422,191672.790326637,5027511.41821422,22,19,203.339996337891
191422.790326637,5027261.41821422,651,651,191172.790326637,5027511.41821422,191672.790326637,5027011.41821422,23,19,205.080001831055
191422.790326637,5026761.41821422,652,652,191172.790326637,5027011.41821422,191672.790326637,5026511.41821422,24,19,209.31999206543
191422.790326637,5026261.41821422,653,653,191172.790326637,5026511.41821422,191672.790326637,5026011.41821422,25,19,216.029998779297
191422.790326637,5025761.41821422,654,654,191172.790326637,5026011.41821422,191672.790326637,5025511.41821422,26,19,224.449996948242
191422.790326637,5025261.41821422,655,655,191172.790326637,5025511.41821422,191672.790326637,5025011.41821422,27,19,232.65998840332
191422.790326637,5024761.41821422,656,656,191172.790326637,5025011.41821422,191672.790326637,5024511.41821422,28,19,243.989990234375
191422.790326637,5024261.41821422,657,657,191172.790326637,5024511.41821422,191672.790326637,5024011.41821422,29,19,253.589996337891
191422.790326637,5023761.41821422,658,658,191172.790326637,5024011.41821422,191672.790326637,5023511.41821422,30,19,273.589996337891
191422.790326637,5023261.41821422,659,659,191172.790326637,5023511.41821422,191672.790326637,5023011.41821422,31,19,314.799987792969
191422.790326637,5022761.41821422,660,660,191172.790326637,5023011.41821422,191672.790326637,5022511.41821422,32,19,306.809997558594
191922.790326637,5038761.41821422,661,661,191672.790326637,5039011.41821422,192172.790326637,5038511.41821422,0,20,156.5
191922.790326637,5038261.41821422,662,662,191672.790326637,5038511.41821422,192172.790326637,5038011.41821422,1,20,146.020004272461
191922.790326637,5037761.41821422,663,663,191672.790326637,5038011.41821422,192172.790326637,5037511.41821422,2,20,153.720001220703
191922.790326637,5037261.41821422,664,664,191672.790326637,5037511.41821422,192172.790326637,5037011.41821422,3,20,153
191922.790326637,5036761.41821422,665,665,191672.790326637,5037011.41821422,192172.790326637,5036511.41821422,4,20,160.220001220703
191922.790326637,5036261.41821422,666,666,191672.790326637,5036511.41821422,192172.790326637,5036011.41821422,5,20,152
191922.790326637,5035761.41821422,667,667,191672.790326637,5036011.41821422,192172.790326637,5035511.41821422,6,20,154.449996948242
191922.790326637,5035261.41821422,668,668,191672.790326637,5035511.41821422,192172.790326637,5035011.41821422,7,20,153.489990234375
191922.790326637,5034761.41821422,669,669,191672.790326637,5035011.41821422,192172.790326637,5034511.41821422,8,20,181.129989624023
191922.790326637,5034261.41821422,670,670,191672.790326637,5034511.41821422,192172.790326637,5034011.41821422,9,20,191.25
191922.790326637,5033761.41821422,671,671,191672.790326637,5034011.41821422,192172.790326637,5033511.41821422,10,20,202.879989624023
191922.790326637,5033261.41821422,672,672,191672.790326637,5033511.41821422,192172.790326637,5033011.41821422,11,20,205.149993896484
191922.790326637,5032761.41821422,673,673,191672.790326637,5033011.41821422,192172.790326637,5032511.41821422,12,20,227.610000610352
191922.790326637,5032261.41821422,674,674,191672.790326637,5032511.41821422,192172.790326637,5032011.41821422,13,20,231.789993286133
191922.790326637,5031761.41821422,675,675,191672.790326637,5032011.41821422,192172.790326637,5031511.41821422,14,20,236.629989624023
191922.790326637,5031261.41821422,676,676,191672.790326637,5031511.41821422,192172.790326637,5031011.41821422,15,20,234.970001220703
191922.790326637,5030761.41821422,677,677,191672.790326637,5031011.41821422,192172.790326637,5030511.41821422,16,20,227.199996948242
191922.790326637,5030261.41821422,678,678,191672.790326637,5030511.41821422,192172.790326637,5030011.41821422,17,20,215.979995727539
191922.790326637,5029761.41821422,679,679,191672.790326637,5030011.41821422,192172.790326637,5029511.41821422,18,20,200.589996337891
191922.790326637,5029261.41821422,680,680,191672.790326637,5029511.41821422,192172.790326637,5029011.41821422,19,20,178.919998168945
191922.790326637,5028761.41821422,681,681,191672.790326637,5029011.41821422,192172.790326637,5028511.41821422,20,20,209.15998840332
191922.790326637,5028261.41821422,682,682,191672.790326637,5028511.41821422,192172.790326637,5028011.41821422,21,20,212.879989624023
191922.790326637,5027761.41821422,683,683,191672.790326637,5028011.41821422,192172.790326637,5027511.41821422,22,20,207.369995117188
191922.790326637,5027261.41821422,684,684,191672.790326637,5027511.41821422,192172.790326637,5027011.41821422,23,20,212.559997558594
191922.790326637,5026761.41821422,685,685,191672.790326637,5027011.41821422,192172.790326637,5026511.41821422,24,20,220.479995727539
191922.790326637,5026261.41821422,686,686,191672.790326637,5026511.41821422,192172.790326637,5026011.41821422,25,20,233.449996948242
191922.790326637,5025761.41821422,687,687,191672.790326637,5026011.41821422,192172.790326637,5025511.41821422,26,20,246.259994506836
191922.790326637,5025261.41821422,688,688,191672.790326637,5025511.41821422,192172.790326637,5025011.41821422,27,20,252.089996337891
191922.790326637,5024761.41821422,689,689,191672.790326637,5025011.41821422,192172.790326637,5024511.41821422,28,20,276.779998779297
191922.790326637,5024261.41821422,690,690,191672.790326637,5024511.41821422,192172.790326637,5024011.41821422,29,20,276.97998046875
191922.790326637,5023761.41821422,691,691,191672.790326637,5024011.41821422,192172.790326637,5023511.41821422,30,20,290.690002441406
191922.790326637,5023261.41821422,692,692,191672.790326637,5023511.41821422,192172.790326637,5023011.41821422,31,20,319.850006103516
191922.790326637,5022761.41821422,693,693,191672.790326637,5023011.41821422,192172.790326637,5022511.41821422,32,20,314.179992675781
192422.790326637,5038761.41821422,694,694,192172.790326637,5039011.41821422,192672.790326637,5038511.41821422,0,21,162.479995727539
192422.790326637,5038261.41821422,695,695,192172.790326637,5038511.41821422,192672.790326637,5038011.41821422,1,21,137.690002441406
192422.790326637,5037761.41821422,696,696,192172.790326637,5038011.41821422,192672.790326637,5037511.41821422,2,21,170.479995727539
192422.790326637,5037261.41821422,697,697,192172.790326637,5037511.41821422,192672.790326637,5037011.41821422,3,21,168.679992675781
192422.790326637,5036761.41821422,698,698,192172.790326637,5037011.41821422,192672.790326637,5036511.41821422,4,21,167.360000610352
192422.790326637,5036261.41821422,699,699,192172.790326637,5036511.41821422,192672.790326637,5036011.41821422,5,21,148.509994506836
192422.790326637,5035761.41821422,700,700,192172.790326637,5036011.41821422,192672.790326637,5035511.41821422,6,21,143.080001831055
192422.790326637,5035261.41821422,701,701,192172.790326637,5035511.41821422,192672.790326637,5035011.41821422,7,21,148.009994506836
192422.790326637,5034761.41821422,702,702,192172.790326637,5035011.41821422,192672.790326637,5034511.41821422,8,21,169.509994506836
192422.790326637,5034261.41821422,703,703,192172.790326637,5034511.41821422,192672.790326637,5034011.41821422,9,21,182.529998779297
192422.790326637,5033761.41821422,704,704,192172.790326637,5034011.41821422,192672.790326637,5033511.41821422,10,21,179.90998840332
192422.790326637,5033261.41821422,705,705,192172.790326637,5033511.41821422,192672.790326637,5033011.41821422,11,21,224.940002441406
192422.790326637,5032761.41821422,706,706,192172.790326637,5033011.41821422,192672.790326637,5032511.41821422,12,21,215.589996337891
192422.790326637,5032261.41821422,707,707,192172.790326637,5032511.41821422,192672.790326637,5032011.41821422,13,21,229.709991455078
192422.790326637,5031761.41821422,708,708,192172.790326637,5032011.41821422,192672.790326637,5031511.41821422,14,21,242.970001220703
192422.790326637,5031261.41821422,709,709,192172.790326637,5031511.41821422,192672.790326637,5031011.41821422,15,21,242.649993896484
192422.790326637,5030761.41821422,710,710,192172.790326637,5031011.41821422,192672.790326637,5030511.41821422,16,21,242.610000610352
192422.790326637,5030261.41821422,711,711,192172.790326637,5030511.41821422,192672.790326637,5030011.41821422,17,21,220.31999206543
192422.790326637,5029761.41821422,712,712,192172.790326637,5030011.41821422,192672.790326637,5029511.41821422,18,21,183.099990844727
192422.790326637,5029261.41821422,713,713,192172.790326637,5029511.41821422,192672.790326637,5029011.41821422,19,21,178.559997558594
192422.790326637,5028761.41821422,714,714,192172.790326637,5029011.41821422,192672.790326637,5028511.41821422,20,21,206.399993896484
192422.790326637,5028261.41821422,715,715,192172.790326637,5028511.41821422,192672.790326637,5028011.41821422,21,21,218.059997558594
192422.790326637,5027761.41821422,716,716,192172.790326637,5028011.41821422,192672.790326637,5027511.41821422,22,21,225.589996337891
192422.790326637,5027261.41821422,717,717,192172.790326637,5027511.41821422,192672.790326637,5027011.41821422,23,21,227.690002441406
192422.790326637,5026761.41821422,718,718,192172.790326637,5027011.41821422,192672.790326637,5026511.41821422,24,21,239.399993896484
192422.790326637,5026261.41821422,719,719,192172.790326637,5026511.41821422,192672.790326637,5026011.41821422,25,21,257.359985351562
192422.790326637,5025761.41821422,720,720,192172.790326637,5026011.41821422,192672.790326637,5025511.41821422,26,21,266.109985351562
192422.790326637,5025261.41821422,721,721,192172.790326637,5025511.41821422,192672.790326637,5025011.41821422,27,21,284.119995117188
192422.790326637,5024761.41821422,722,722,192172.790326637,5025011.41821422,192672.790326637,5024511.41821422,28,21,286.459991455078
192422.790326637,5024261.41821422,723,723,192172.790326637,5024511.41821422,192672.790326637,5024011.41821422,29,21,306.109985351562
192422.790326637,5023761.41821422,724,724,192172.790326637,5024011.41821422,192672.790326637,5023511.41821422,30,21,346.389984130859
192422.790326637,5023261.41821422,725,725,192172.790326637,5023511.41821422,192672.790326637,5023011.41821422,31,21,356.019989013672
192422.790326637,5022761.41821422,726,726,192172.790326637,5023011.41821422,192672.790326637,5022511.41821422,32,21,376.660003662109
192922.790326637,5038761.41821422,727,727,192672.790326637,5039011.41821422,193172.790326637,5038511.41821422,0,22,181.509994506836
192922.790326637,5038261.41821422,728,728,192672.790326637,5038511.41821422,193172.790326637,5038011.41821422,1,22,156.089996337891
192922.790326637,5037761.41821422,729,729,192672.790326637,5038011.41821422,193172.790326637,5037511.41821422,2,22,144.089996337891
192922.790326637,5037261.41821422,730,730,192672.790326637,5037511.41821422,193172.790326637,5037011.41821422,3,22,165.449996948242
192922.790326637,5036761.41821422,731,731,192672.790326637,5037011.41821422,193172.790326637,5036511.41821422,4,22,166.580001831055
192922.790326637,5036261.41821422,732,732,192672.790326637,5036511.41821422,193172.790326637,5036011.41821422,5,22,144.489990234375
192922.790326637,5035761.41821422,733,733,192672.790326637,5036011.41821422,193172.790326637,5035511.41821422,6,22,144.399993896484
192922.790326637,5035261.41821422,734,734,192672.790326637,5035511.41821422,193172.790326637,5035011.41821422,7,22,143.169998168945
192922.790326637,5034761.41821422,735,735,192672.790326637,5035011.41821422,193172.790326637,5034511.41821422,8,22,145.690002441406
192922.790326637,5034261.41821422,736,736,192672.790326637,5034511.41821422,193172.790326637,5034011.41821422,9,22,152.080001831055
192922.790326637,5033761.41821422,737,737,192672.790326637,5034011.41821422,193172.790326637,5033511.41821422,10,22,198.429992675781
192922.790326637,5033261.41821422,738,738,192672.790326637,5033511.41821422,193172.790326637,5033011.41821422,11,22,193.919998168945
192922.790326637,5032761.41821422,739,739,192672.790326637,5033011.41821422,193172.790326637,5032511.41821422,12,22,210.199996948242
192922.790326637,5032261.41821422,740,740,192672.790326637,5032511.41821422,193172.790326637,5032011.41821422,13,22,232.889999389648
192922.790326637,5031761.41821422,741,741,192672.790326637,5032011.41821422,193172.790326637,5031511.41821422,14,22,254.239990234375
192922.790326637,5031261.41821422,742,742,192672.790326637,5031511.41821422,193172.790326637,5031011.41821422,15,22,241.220001220703
192922.790326637,5030761.41821422,743,743,192672.790326637,5031011.41821422,193172.790326637,5030511.41821422,16,22,234.289993286133
192922.790326637,5030261.41821422,744,744,192672.790326637,5030511.41821422,193172.790326637,5030011.41821422,17,22,218.919998168945
192922.790326637,5029761.41821422,745,745,192672.790326637,5030011.41821422,193172.790326637,5029511.41821422,18,22,187.5
192922.790326637,5029261.41821422,746,746,192672.790326637,5029511.41821422,193172.790326637,5029011.41821422,19,22,180.039993286133
192922.790326637,5028761.41821422,747,747,192672.790326637,5029011.41821422,193172.790326637,5028511.41821422,20,22,183.529998779297
192922.790326637,5028261.41821422,748,748,192672.790326637,5028511.41821422,193172.790326637,5028011.41821422,21,22,219.40998840332
192922.790326637,5027761.41821422,749,749,192672.790326637,5028011.41821422,193172.790326637,5027511.41821422,22,22,244.970001220703
192922.790326637,5027261.41821422,750,750,192672.790326637,5027511.41821422,193172.790326637,5027011.41821422,23,22,257.369995117188
192922.790326637,5026761.41821422,751,751,192672.790326637,5027011.41821422,193172.790326637,5026511.41821422,24,22,264.570007324219
192922.790326637,5026261.41821422,752,752,192672.790326637,5026511.41821422,193172.790326637,5026011.41821422,25,22,281.139984130859
192922.790326637,5025761.41821422,753,753,192672.790326637,5026011.41821422,193172.790326637,5025511.41821422,26,22,291.720001220703
192922.790326637,5025261.41821422,754,754,192672.790326637,5025511.41821422,193172.790326637,5025011.41821422,27,22,325.5
192922.790326637,5024761.41821422,755,755,192672.790326637,5025011.41821422,193172.790326637,5024511.41821422,28,22,293.239990234375
192922.790326637,5024261.41821422,756,756,192672.790326637,5024511.41821422,193172.790326637,5024011.41821422,29,22,370.049987792969
192922.790326637,5023761.41821422,757,757,192672.790326637,5024011.41821422,193172.790326637,5023511.41821422,30,22,421.919982910156
192922.790326637,5023261.41821422,758,758,192672.790326637,5023511.41821422,193172.790326637,5023011.41821422,31,22,391.549987792969
192922.790326637,5022761.41821422,759,759,192672.790326637,5023011.41821422,193172.790326637,5022511.41821422,32,22,418.779998779297
193422.790326637,5038761.41821422,760,760,193172.790326637,5039011.41821422,193672.790326637,5038511.41821422,0,23,197.970001220703
193422.790326637,5038261.41821422,761,761,193172.790326637,5038511.41821422,193672.790326637,5038011.41821422,1,23,171.080001831055
193422.790326637,5037761.41821422,762,762,193172.790326637,5038011.41821422,193672.790326637,5037511.41821422,2,23,137.959991455078
193422.790326637,5037261.41821422,763,763,193172.790326637,5037511.41821422,193672.790326637,5037011.41821422,3,23,160.599990844727
193422.790326637,5036761.41821422,764,764,193172.790326637,5037011.41821422,193672.790326637,5036511.41821422,4,23,152.529998779297
193422.790326637,5036261.41821422,765,765,193172.790326637,5036511.41821422,193672.790326637,5036011.41821422,5,23,138.669998168945
193422.790326637,5035761.41821422,766,766,193172.790326637,5036011.41821422,193672.790326637,5035511.41821422,6,23,159.149993896484
193422.790326637,5035261.41821422,767,767,193172.790326637,5035511.41821422,193672.790326637,5035011.41821422,7,23,173.649993896484
193422.790326637,5034761.41821422,768,768,193172.790326637,5035011.41821422,193672.790326637,5034511.41821422,8,23,139.259994506836
193422.790326637,5034261.41821422,769,769,193172.790326637,5034511.41821422,193672.790326637,5034011.41821422,9,23,148.339996337891
193422.790326637,5033761.41821422,770,770,193172.790326637,5034011.41821422,193672.790326637,5033511.41821422,10,23,156.970001220703
193422.790326637,5033261.41821422,771,771,193172.790326637,5033511.41821422,193672.790326637,5033011.41821422,11,23,203
193422.790326637,5032761.41821422,772,772,193172.790326637,5033011.41821422,193672.790326637,5032511.41821422,12,23,208.40998840332
193422.790326637,5032261.41821422,773,773,193172.790326637,5032511.41821422,193672.790326637,5032011.41821422,13,23,224.709991455078
193422.790326637,5031761.41821422,774,774,193172.790326637,5032011.41821422,193672.790326637,5031511.41821422,14,23,231.559997558594
193422.790326637,5031261.41821422,775,775,193172.790326637,5031511.41821422,193672.790326637,5031011.41821422,15,23,218.169998168945
193422.790326637,5030761.41821422,776,776,193172.790326637,5031011.41821422,193672.790326637,5030511.41821422,16,23,231.799987792969
193422.790326637,5030261.41821422,777,777,193172.790326637,5030511.41821422,193672.790326637,5030011.41821422,17,23,223.239990234375
193422.790326637,5029761.41821422,778,778,193172.790326637,5030011.41821422,193672.790326637,5029511.41821422,18,23,198.979995727539
193422.790326637,5029261.41821422,779,779,193172.790326637,5029511.41821422,193672.790326637,5029011.41821422,19,23,178.519989013672
193422.790326637,5028761.41821422,780,780,193172.790326637,5029011.41821422,193672.790326637,5028511.41821422,20,23,182.539993286133
193422.790326637,5028261.41821422,781,781,193172.790326637,5028511.41821422,193672.790326637,5028011.41821422,21,23,224.779998779297
193422.790326637,5027761.41821422,782,782,193172.790326637,5028011.41821422,193672.790326637,5027511.41821422,22,23,264.009979248047
193422.790326637,5027261.41821422,783,783,193172.790326637,5027511.41821422,193672.790326637,5027011.41821422,23,23,304.489990234375
193422.790326637,5026761.41821422,784,784,193172.790326637,5027011.41821422,193672.790326637,5026511.41821422,24,23,296.309997558594
193422.790326637,5026261.41821422,785,785,193172.790326637,5026511.41821422,193672.790326637,5026011.41821422,25,23,320.880004882812
193422.790326637,5025761.41821422,786,786,193172.790326637,5026011.41821422,193672.790326637,5025511.41821422,26,23,331.259979248047
193422.790326637,5025261.41821422,787,787,193172.790326637,5025511.41821422,193672.790326637,5025011.41821422,27,23,324.799987792969
193422.790326637,5024761.41821422,788,788,193172.790326637,5025011.41821422,193672.790326637,5024511.41821422,28,23,370.5
193422.790326637,5024261.41821422,789,789,193172.790326637,5024511.41821422,193672.790326637,5024011.41821422,29,23,370.869995117188
193422.790326637,5023761.41821422,790,790,193172.790326637,5024011.41821422,193672.790326637,5023511.41821422,30,23,417.839996337891
193422.790326637,5023261.41821422,791,791,193172.790326637,5023511.41821422,193672.790326637,5023011.41821422,31,23,390.660003662109
193422.790326637,5022761.41821422,792,792,193172.790326637,5023011.41821422,193672.790326637,5022511.41821422,32,23,371.169982910156
193922.790326637,5038761.41821422,793,793,193672.790326637,5039011.41821422,194172.790326637,5038511.41821422,0,24,178.989990234375
193922.790326637,5038261.41821422,794,794,193672.790326637,5038511.41821422,194172.790326637,5038011.41821422,1,24,194.800003051758
193922.790326637,5037761.41821422,795,795,193672.790326637,5038011.41821422,194172.790326637,5037511.41821422,2,24,147.779998779297
193922.790326637,5037261.41821422,796,796,193672.790326637,5037511.41821422,194172.790326637,5037011.41821422,3,24,153.899993896484
193922.790326637,5036761.41821422,797,797,193672.790326637,5037011.41821422,194172.790326637,5036511.41821422,4,24,157.160003662109
193922.790326637,5036261.41821422,798,798,193672.790326637,5036511.41821422,194172.790326637,5036011.41821422,5,24,161.619995117188
193922.790326637,5035761.41821422,799,799,193672.790326637,5036011.41821422,194172.790326637,5035511.41821422,6,24,157.190002441406
193922.790326637,5035261.41821422,800,800,193672.790326637,5035511.41821422,194172.790326637,5035011.41821422,7,24,159.729995727539
193922.790326637,5034761.41821422,801,801,193672.790326637,5035011.41821422,194172.790326637,5034511.41821422,8,24,158.599990844727
193922.790326637,5034261.41821422,802,802,193672.790326637,5034511.41821422,194172.790326637,5034011.41821422,9,24,139.229995727539
193922.790326637,5033761.41821422,803,803,193672.790326637,5034011.41821422,194172.790326637,5033511.41821422,10,24,150.809997558594
193922.790326637,5033261.41821422,804,804,193672.790326637,5033511.41821422,194172.790326637,5033011.41821422,11,24,191.940002441406
193922.790326637,5032761.41821422,805,805,193672.790326637,5033011.41821422,194172.790326637,5032511.41821422,12,24,182.56999206543
193922.790326637,5032261.41821422,806,806,193672.790326637,5032511.41821422,194172.790326637,5032011.41821422,13,24,196.190002441406
193922.790326637,5031761.41821422,807,807,193672.790326637,5032011.41821422,194172.790326637,5031511.41821422,14,24,206.940002441406
193922.790326637,5031261.41821422,808,808,193672.790326637,5031511.41821422,194172.790326637,5031011.41821422,15,24,224.789993286133
193922.790326637,5030761.41821422,809,809,193672.790326637,5031011.41821422,194172.790326637,5030511.41821422,16,24,224.899993896484
193922.790326637,5030261.41821422,810,810,193672.790326637,5030511.41821422,194172.790326637,5030011.41821422,17,24,220.879989624023
193922.790326637,5029761.41821422,811,811,193672.790326637,5030011.41821422,194172.790326637,5029511.41821422,18,24,204.110000610352
193922.790326637,5029261.41821422,812,812,193672.790326637,5029511.41821422,194172.790326637,5029011.41821422,19,24,180.199996948242
193922.790326637,5028761.41821422,813,813,193672.790326637,5029011.41821422,194172.790326637,5028511.41821422,20,24,191.339996337891
193922.790326637,5028261.41821422,814,814,193672.790326637,5028511.41821422,194172.790326637,5028011.41821422,21,24,245.559997558594
193922.790326637,5027761.41821422,815,815,193672.790326637,5028011.41821422,194172.790326637,5027511.41821422,22,24,303.72998046875
193922.790326637,5027261.41821422,816,816,193672.790326637,5027511.41821422,194172.790326637,5027011.41821422,23,24,330.630004882812
193922.790326637,5026761.41821422,817,817,193672.790326637,5027011.41821422,194172.790326637,5026511.41821422,24,24,337.630004882812
193922.790326637,5026261.41821422,818,818,193672.790326637,5026511.41821422,194172.790326637,5026011.41821422,25,24,315.359985351562
193922.790326637,5025761.41821422,819,819,193672.790326637,5026011.41821422,194172.790326637,5025511.41821422,26,24,304.459991455078
193922.790326637,5025261.41821422,820,820,193672.790326637,5025511.41821422,194172.790326637,5025011.41821422,27,24,307.739990234375
193922.790326637,5024761.41821422,821,821,193672.790326637,5025011.41821422,194172.790326637,5024511.41821422,28,24,330.529998779297
193922.790326637,5024261.41821422,822,822,193672.790326637,5024511.41821422,194172.790326637,5024011.41821422,29,24,341.799987792969
193922.790326637,5023761.41821422,823,823,193672.790326637,5024011.41821422,194172.790326637,5023511.41821422,30,24,343.859985351562
193922.790326637,5023261.41821422,824,824,193672.790326637,5023511.41821422,194172.790326637,5023011.41821422,31,24,348.380004882812
193922.790326637,5022761.41821422,825,825,193672.790326637,5023011.41821422,194172.790326637,5022511.41821422,32,24,334.97998046875
194422.790326637,5038761.41821422,826,826,194172.790326637,5039011.41821422,194672.790326637,5038511.41821422,0,25,200.330001831055
194422.790326637,5038261.41821422,827,827,194172.790326637,5038511.41821422,194672.790326637,5038011.41821422,1,25,178.009994506836
194422.790326637,5037761.41821422,828,828,194172.790326637,5038011.41821422,194672.790326637,5037511.41821422,2,25,200.379989624023
194422.790326637,5037261.41821422,829,829,194172.790326637,5037511.41821422,194672.790326637,5037011.41821422,3,25,211.940002441406
194422.790326637,5036761.41821422,830,830,194172.790326637,5037011.41821422,194672.790326637,5036511.41821422,4,25,200.099990844727
194422.790326637,5036261.41821422,831,831,194172.790326637,5036511.41821422,194672.790326637,5036011.41821422,5,25,192.690002441406
194422.790326637,5035761.41821422,832,832,194172.790326637,5036011.41821422,194672.790326637,5035511.41821422,6,25,173.080001831055
194422.790326637,5035261.41821422,833,833,194172.790326637,5035511.41821422,194672.790326637,5035011.41821422,7,25,153.839996337891
194422.790326637,5034761.41821422,834,834,194172.790326637,5035011.41821422,194672.790326637,5034511.41821422,8,25,158.369995117188
194422.790326637,5034261.41821422,835,835,194172.790326637,5034511.41821422,194672.790326637,5034011.41821422,9,25,154.970001220703
194422.790326637,5033761.41821422,836,836,194172.790326637,5034011.41821422,194672.790326637,5033511.41821422,10,25,140.470001220703
194422.790326637,5033261.41821422,837,837,194172.790326637,5033511.41821422,194672.790326637,5033011.41821422,11,25,145.029998779297
194422.790326637,5032761.41821422,838,838,194172.790326637,5033011.41821422,194672.790326637,5032511.41821422,12,25,140.860000610352
194422.790326637,5032261.41821422,839,839,194172.790326637,5032511.41821422,194672.790326637,5032011.41821422,13,25,157.080001831055
194422.790326637,5031761.41821422,840,840,194172.790326637,5032011.41821422,194672.790326637,5031511.41821422,14,25,173.699996948242
194422.790326637,5031261.41821422,841,841,194172.790326637,5031511.41821422,194672.790326637,5031011.41821422,15,25,199.639999389648
194422.790326637,5030761.41821422,842,842,194172.790326637,5031011.41821422,194672.790326637,5030511.41821422,16,25,213.599990844727
194422.790326637,5030261.41821422,843,843,194172.790326637,5030511.41821422,194672.790326637,5030011.41821422,17,25,214.779998779297
194422.790326637,5029761.41821422,844,844,194172.790326637,5030011.41821422,194672.790326637,5029511.41821422,18,25,195.860000610352
194422.790326637,5029261.41821422,845,845,194172.790326637,5029511.41821422,194672.790326637,5029011.41821422,19,25,182.110000610352
194422.790326637,5028761.41821422,846,846,194172.790326637,5029011.41821422,194672.790326637,5028511.41821422,20,25,207.459991455078
194422.790326637,5028261.41821422,847,847,194172.790326637,5028511.41821422,194672.790326637,5028011.41821422,21,25,241.110000610352
194422.790326637,5027761.41821422,848,848,194172.790326637,5028011.41821422,194672.790326637,5027511.41821422,22,25,293.119995117188
194422.790326637,5027261.41821422,849,849,194172.790326637,5027511.41821422,194672.790326637,5027011.41821422,23,25,304.149993896484
194422.790326637,5026761.41821422,850,850,194172.790326637,5027011.41821422,194672.790326637,5026511.41821422,24,25,315.009979248047
194422.790326637,5026261.41821422,851,851,194172.790326637,5026511.41821422,194672.790326637,5026011.41821422,25,25,316.209991455078
194422.790326637,5025761.41821422,852,852,194172.790326637,5026011.41821422,194672.790326637,5025511.41821422,26,25,290.5
194422.790326637,5025261.41821422,853,853,194172.790326637,5025511.41821422,194672.790326637,5025011.41821422,27,25,303.419982910156
194422.790326637,5024761.41821422,854,854,194172.790326637,5025011.41821422,194672.790326637,5024511.41821422,28,25,308.039978027344
194422.790326637,5024261.41821422,855,855,194172.790326637,5024511.41821422,194672.790326637,5024011.41821422,29,25,324.009979248047
194422.790326637,5023761.41821422,856,856,194172.790326637,5024011.41821422,194672.790326637,5023511.41821422,30,25,314.679992675781
194422.790326637,5023261.41821422,857,857,194172.790326637,5023511.41821422,194672.790326637,5023011.41821422,31,25,348.959991455078
194422.790326637,5022761.41821422,858,858,194172.790326637,5023011.41821422,194672.790326637,5022511.41821422,32,25,311.25
194922.790326637,5038761.41821422,859,859,194672.790326637,5039011.41821422,195172.790326637,5038511.41821422,0,26,205.080001831055
194922.790326637,5038261.41821422,860,860,194672.790326637,5038511.41821422,195172.790326637,5038011.41821422,1,26,203.599990844727
194922.790326637,5037761.41821422,861,861,194672.790326637,5038011.41821422,195172.790326637,5037511.41821422,2,26,225.869995117188
194922.790326637,5037261.41821422,862,862,194672.790326637,5037511.41821422,195172.790326637,5037011.41821422,3,26,234.06999206543
194922.790326637,5036761.41821422,863,863,194672.790326637,5037011.41821422,195172.790326637,5036511.41821422,4,26,224.309997558594
194922.790326637,5036261.41821422,864,864,194672.790326637,5036511.41821422,195172.790326637,5036011.41821422,5,26,221.119995117188
194922.790326637,5035761.41821422,865,865,194672.790326637,5036011.41821422,195172.790326637,5035511.41821422,6,26,243.220001220703
194922.790326637,5035261.41821422,866,866,194672.790326637,5035511.41821422,195172.790326637,5035011.41821422,7,26,209.029998779297
194922.790326637,5034761.41821422,867,867,194672.790326637,5035011.41821422,195172.790326637,5034511.41821422,8,26,152.979995727539
194922.790326637,5034261.41821422,868,868,194672.790326637,5034511.41821422,195172.790326637,5034011.41821422,9,26,182.669998168945
194922.790326637,5033761.41821422,869,869,194672.790326637,5034011.41821422,195172.790326637,5033511.41821422,10,26,162.139999389648
194922.790326637,5033261.41821422,870,870,194672.790326637,5033511.41821422,195172.790326637,5033011.41821422,11,26,171.119995117188
194922.790326637,5032761.41821422,871,871,194672.790326637,5033011.41821422,195172.790326637,5032511.41821422,12,26,159.349990844727
194922.790326637,5032261.41821422,872,872,194672.790326637,5032511.41821422,195172.790326637,5032011.41821422,13,26,147
194922.790326637,5031761.41821422,873,873,194672.790326637,5032011.41821422,195172.790326637,5031511.41821422,14,26,139.759994506836
194922.790326637,5031261.41821422,874,874,194672.790326637,5031511.41821422,195172.790326637,5031011.41821422,15,26,150.239990234375
194922.790326637,5030761.41821422,875,875,194672.790326637,5031011.41821422,195172.790326637,5030511.41821422,16,26,194.039993286133
194922.790326637,5030261.41821422,876,876,194672.790326637,5030511.41821422,195172.790326637,5030011.41821422,17,26,205.799987792969
194922.790326637,5029761.41821422,877,877,194672.790326637,5030011.41821422,195172.790326637,5029511.41821422,18,26,199.349990844727
194922.790326637,5029261.41821422,878,878,194672.790326637,5029511.41821422,195172.790326637,5029011.41821422,19,26,182.349990844727
194922.790326637,5028761.41821422,879,879,194672.790326637,5029011.41821422,195172.790326637,5028511.41821422,20,26,217.059997558594
194922.790326637,5028261.41821422,880,880,194672.790326637,5028511.41821422,195172.790326637,5028011.41821422,21,26,242.739990234375
194922.790326637,5027761.41821422,881,881,194672.790326637,5028011.41821422,195172.790326637,5027511.41821422,22,26,268.799987792969
194922.790326637,5027261.41821422,882,882,194672.790326637,5027511.41821422,195172.790326637,5027011.41821422,23,26,284
194922.790326637,5026761.41821422,883,883,194672.790326637,5027011.41821422,195172.790326637,5026511.41821422,24,26,299.869995117188
194922.790326637,5026261.41821422,884,884,194672.790326637,5026511.41821422,195172.790326637,5026011.41821422,25,26,312.190002441406
194922.790326637,5025761.41821422,885,885,194672.790326637,5026011.41821422,195172.790326637,5025511.41821422,26,26,293.859985351562
194922.790326637,5025261.41821422,886,886,194672.790326637,5025511.41821422,195172.790326637,5025011.41821422,27,26,272.199981689453
194922.790326637,5024761.41821422,887,887,194672.790326637,5025011.41821422,195172.790326637,5024511.41821422,28,26,280.380004882812
194922.790326637,5024261.41821422,888,888,194672.790326637,5024511.41821422,195172.790326637,5024011.41821422,29,26,287.239990234375
194922.790326637,5023761.41821422,889,889,194672.790326637,5024011.41821422,195172.790326637,5023511.41821422,30,26,291.100006103516
194922.790326637,5023261.41821422,890,890,194672.790326637,5023511.41821422,195172.790326637,5023011.41821422,31,26,320.380004882812
194922.790326637,5022761.41821422,891,891,194672.790326637,5023011.41821422,195172.790326637,5022511.41821422,32,26,330.600006103516
195422.790326637,5038761.41821422,892,892,195172.790326637,5039011.41821422,195672.790326637,5038511.41821422,0,27,224.589996337891
195422.790326637,5038261.41821422,893,893,195172.790326637,5038511.41821422,195672.790326637,5038011.41821422,1,27,225.080001831055
195422.790326637,5037761.41821422,894,894,195172.790326637,5038011.41821422,195672.790326637,5037511.41821422,2,27,237.879989624023
195422.790326637,5037261.41821422,895,895,195172.790326637,5037511.41821422,195672.790326637,5037011.41821422,3,27,242.599990844727
195422.790326637,5036761.41821422,896,896,195172.790326637,5037011.41821422,195672.790326637,5036511.41821422,4,27,228.039993286133
195422.790326637,5036261.41821422,897,897,195172.790326637,5036511.41821422,195672.790326637,5036011.41821422,5,27,274.070007324219
195422.790326637,5035761.41821422,898,898,195172.790326637,5036011.41821422,195672.790326637,5035511.41821422,6,27,274.690002441406
195422.790326637,5035261.41821422,899,899,195172.790326637,5035511.41821422,195672.790326637,5035011.41821422,7,27,234.75
195422.790326637,5034761.41821422,900,900,195172.790326637,5035011.41821422,195672.790326637,5034511.41821422,8,27,161.5
195422.790326637,5034261.41821422,901,901,195172.790326637,5034511.41821422,195672.790326637,5034011.41821422,9,27,181.459991455078
195422.790326637,5033761.41821422,902,902,195172.790326637,5034011.41821422,195672.790326637,5033511.41821422,10,27,200.619995117188
195422.790326637,5033261.41821422,903,903,195172.790326637,5033511.41821422,195672.790326637,5033011.41821422,11,27,218
195422.790326637,5032761.41821422,904,904,195172.790326637,5033011.41821422,195672.790326637,5032511.41821422,12,27,205.190002441406
195422.790326637,5032261.41821422,905,905,195172.790326637,5032511.41821422,195672.790326637,5032011.41821422,13,27,188.610000610352
195422.790326637,5031761.41821422,906,906,195172.790326637,5032011.41821422,195672.790326637,5031511.41821422,14,27,150.379989624023
195422.790326637,5031261.41821422,907,907,195172.790326637,5031511.41821422,195672.790326637,5031011.41821422,15,27,149.849990844727
195422.790326637,5030761.41821422,908,908,195172.790326637,5031011.41821422,195672.790326637,5030511.41821422,16,27,167.989990234375
195422.790326637,5030261.41821422,909,909,195172.790326637,5030511.41821422,195672.790326637,5030011.41821422,17,27,161.979995727539
195422.790326637,5029761.41821422,910,910,195172.790326637,5030011.41821422,195672.790326637,5029511.41821422,18,27,184.349990844727
195422.790326637,5029261.41821422,911,911,195172.790326637,5029511.41821422,195672.790326637,5029011.41821422,19,27,186.639999389648
195422.790326637,5028761.41821422,912,912,195172.790326637,5029011.41821422,195672.790326637,5028511.41821422,20,27,217.720001220703
195422.790326637,5028261.41821422,913,913,195172.790326637,5028511.41821422,195672.790326637,5028011.41821422,21,27,235.689987182617
195422.790326637,5027761.41821422,914,914,195172.790326637,5028011.41821422,195672.790326637,5027511.41821422,22,27,255.509994506836
195422.790326637,5027261.41821422,915,915,195172.790326637,5027511.41821422,195672.790326637,5027011.41821422,23,27,258.369995117188
195422.790326637,5026761.41821422,916,916,195172.790326637,5027011.41821422,195672.790326637,5026511.41821422,24,27,281.630004882812
195422.790326637,5026261.41821422,917,917,195172.790326637,5026511.41821422,195672.790326637,5026011.41821422,25,27,313.690002441406
195422.790326637,5025761.41821422,918,918,195172.790326637,5026011.41821422,195672.790326637,5025511.41821422,26,27,282.779998779297
195422.790326637,5025261.41821422,919,919,195172.790326637,5025511.41821422,195672.790326637,5025011.41821422,27,27,263.139984130859
195422.790326637,5024761.41821422,920,920,195172.790326637,5025011.41821422,195672.790326637,5024511.41821422,28,27,259.850006103516
195422.790326637,5024261.41821422,921,921,195172.790326637,5024511.41821422,195672.790326637,5024011.41821422,29,27,262.519989013672
195422.790326637,5023761.41821422,922,922,195172.790326637,5024011.41821422,195672.790326637,5023511.41821422,30,27,273.5
195422.790326637,5023261.41821422,923,923,195172.790326637,5023511.41821422,195672.790326637,5023011.41821422,31,27,282.220001220703
195422.790326637,5022761.41821422,924,924,195172.790326637,5023011.41821422,195672.790326637,5022511.41821422,32,27,256.459991455078
195922.790326637,5038761.41821422,925,925,195672.790326637,5039011.41821422,196172.790326637,5038511.41821422,0,28,219.449996948242
195922.790326637,5038261.41821422,926,926,195672.790326637,5038511.41821422,196172.790326637,5038011.41821422,1,28,235.729995727539
195922.790326637,5037761.41821422,927,927,195672.790326637,5038011.41821422,196172.790326637,5037511.41821422,2,28,260.989990234375
195922.790326637,5037261.41821422,928,928,195672.790326637,5037511.41821422,196172.790326637,5037011.41821422,3,28,248.459991455078
195922.790326637,5036761.41821422,929,929,195672.790326637,5037011.41821422,196172.790326637,5036511.41821422,4,28,251.360000610352
195922.790326637,5036261.41821422,930,930,195672.790326637,5036511.41821422,196172.790326637,5036011.41821422,5,28,281.059997558594
195922.790326637,5035761.41821422,931,931,195672.790326637,5036011.41821422,196172.790326637,5035511.41821422,6,28,246.110000610352
195922.790326637,5035261.41821422,932,932,195672.790326637,5035511.41821422,196172.790326637,5035011.41821422,7,28,213.589996337891
195922.790326637,5034761.41821422,933,933,195672.790326637,5035011.41821422,196172.790326637,5034511.41821422,8,28,193.379989624023
195922.790326637,5034261.41821422,934,934,195672.790326637,5034511.41821422,196172.790326637,5034011.41821422,9,28,171.25
195922.790326637,5033761.41821422,935,935,195672.790326637,5034011.41821422,196172.790326637,5033511.41821422,10,28,198.619995117188
195922.790326637,5033261.41821422,936,936,195672.790326637,5033511.41821422,196172.790326637,5033011.41821422,11,28,239.839996337891
195922.790326637,5032761.41821422,937,937,195672.790326637,5033011.41821422,196172.790326637,5032511.41821422,12,28,253.689987182617
195922.790326637,5032261.41821422,938,938,195672.790326637,5032511.41821422,196172.790326637,5032011.41821422,13,28,222.349990844727
195922.790326637,5031761.41821422,939,939,195672.790326637,5032011.41821422,196172.790326637,5031511.41821422,14,28,206.509994506836
195922.790326637,5031261.41821422,940,940,195672.790326637,5031511.41821422,196172.790326637,5031011.41821422,15,28,181.089996337891
195922.790326637,5030761.41821422,941,941,195672.790326637,5031011.41821422,196172.790326637,5030511.41821422,16,28,146.059997558594
195922.790326637,5030261.41821422,942,942,195672.790326637,5030511.41821422,196172.790326637,5030011.41821422,17,28,148.550003051758
195922.790326637,5029761.41821422,943,943,195672.790326637,5030011.41821422,196172.790326637,5029511.41821422,18,28,172.559997558594
195922.790326637,5029261.41821422,944,944,195672.790326637,5029511.41821422,196172.790326637,5029011.41821422,19,28,168.220001220703
195922.790326637,5028761.41821422,945,945,195672.790326637,5029011.41821422,196172.790326637,5028511.41821422,20,28,209.019989013672
195922.790326637,5028261.41821422,946,946,195672.790326637,5028511.41821422,196172.790326637,5028011.41821422,21,28,235.220001220703
195922.790326637,5027761.41821422,947,947,195672.790326637,5028011.41821422,196172.790326637,5027511.41821422,22,28,247.289993286133
195922.790326637,5027261.41821422,948,948,195672.790326637,5027511.41821422,196172.790326637,5027011.41821422,23,28,249.849990844727
195922.790326637,5026761.41821422,949,949,195672.790326637,5027011.41821422,196172.790326637,5026511.41821422,24,28,261.850006103516
195922.790326637,5026261.41821422,950,950,195672.790326637,5026511.41821422,196172.790326637,5026011.41821422,25,28,285.169982910156
195922.790326637,5025761.41821422,951,951,195672.790326637,5026011.41821422,196172.790326637,5025511.41821422,26,28,280.059997558594
195922.790326637,5025261.41821422,952,952,195672.790326637,5025511.41821422,196172.790326637,5025011.41821422,27,28,264.759979248047
195922.790326637,5024761.41821422,953,953,195672.790326637,5025011.41821422,196172.790326637,5024511.41821422,28,28,274.139984130859
195922.790326637,5024261.41821422,954,954,195672.790326637,5024511.41821422,196172.790326637,5024011.41821422,29,28,273.329986572266
195922.790326637,5023761.41821422,955,955,195672.790326637,5024011.41821422,196172.790326637,5023511.41821422,30,28,244.399993896484
195922.790326637,5023261.41821422,956,956,195672.790326637,5023511.41821422,196172.790326637,5023011.41821422,31,28,222.06999206543
195922.790326637,5022761.41821422,957,957,195672.790326637,5023011.41821422,196172.790326637,5022511.41821422,32,28,200.940002441406
196422.790326637,5038761.41821422,958,958,196172.790326637,5039011.41821422,196672.790326637,5038511.41821422,0,29,229.789993286133
196422.790326637,5038261.41821422,959,959,196172.790326637,5038511.41821422,196672.790326637,5038011.41821422,1,29,275.22998046875
196422.790326637,5037761.41821422,960,960,196172.790326637,5038011.41821422,196672.790326637,5037511.41821422,2,29,275.989990234375
196422.790326637,5037261.41821422,961,961,196172.790326637,5037511.41821422,196672.790326637,5037011.41821422,3,29,299.009979248047
196422.790326637,5036761.41821422,962,962,196172.790326637,5037011.41821422,196672.790326637,5036511.41821422,4,29,250.019989013672
196422.790326637,5036261.41821422,963,963,196172.790326637,5036511.41821422,196672.790326637,5036011.41821422,5,29,222.129989624023
196422.790326637,5035761.41821422,964,964,196172.790326637,5036011.41821422,196672.790326637,5035511.41821422,6,29,211.139999389648
196422.790326637,5035261.41821422,965,965,196172.790326637,5035511.41821422,196672.790326637,5035011.41821422,7,29,214.259994506836
196422.790326637,5034761.41821422,966,966,196172.790326637,5035011.41821422,196672.790326637,5034511.41821422,8,29,198.15998840332
196422.790326637,5034261.41821422,967,967,196172.790326637,5034511.41821422,196672.790326637,5034011.41821422,9,29,163.039993286133
196422.790326637,5033761.41821422,968,968,196172.790326637,5034011.41821422,196672.790326637,5033511.41821422,10,29,161.519989013672
196422.790326637,5033261.41821422,969,969,196172.790326637,5033511.41821422,196672.790326637,5033011.41821422,11,29,218.459991455078
196422.790326637,5032761.41821422,970,970,196172.790326637,5033011.41821422,196672.790326637,5032511.41821422,12,29,246.439987182617
196422.790326637,5032261.41821422,971,971,196172.790326637,5032511.41821422,196672.790326637,5032011.41821422,13,29,246.099990844727
196422.790326637,5031761.41821422,972,972,196172.790326637,5032011.41821422,196672.790326637,5031511.41821422,14,29,235.279998779297
196422.790326637,5031261.41821422,973,973,196172.790326637,5031511.41821422,196672.790326637,5031011.41821422,15,29,200.90998840332
196422.790326637,5030761.41821422,974,974,196172.790326637,5031011.41821422,196672.790326637,5030511.41821422,16,29,172.759994506836
196422.790326637,5030261.41821422,975,975,196172.790326637,5030511.41821422,196672.790326637,5030011.41821422,17,29,150.619995117188
196422.790326637,5029761.41821422,976,976,196172.790326637,5030011.41821422,196672.790326637,5029511.41821422,18,29,140.229995727539
196422.790326637,5029261.41821422,977,977,196172.790326637,5029511.41821422,196672.790326637,5029011.41821422,19,29,147.979995727539
196422.790326637,5028761.41821422,978,978,196172.790326637,5029011.41821422,196672.790326637,5028511.41821422,20,29,148
196422.790326637,5028261.41821422,979,979,196172.790326637,5028511.41821422,196672.790326637,5028011.41821422,21,29,189.619995117188
196422.790326637,5027761.41821422,980,980,196172.790326637,5028011.41821422,196672.790326637,5027511.41821422,22,29,235.899993896484
196422.790326637,5027261.41821422,981,981,196172.790326637,5027511.41821422,196672.790326637,5027011.41821422,23,29,245.720001220703
196422.790326637,5026761.41821422,982,982,196172.790326637,5027011.41821422,196672.790326637,5026511.41821422,24,29,239.549987792969
196422.790326637,5026261.41821422,983,983,196172.790326637,5026511.41821422,196672.790326637,5026011.41821422,25,29,273.97998046875
196422.790326637,5025761.41821422,984,984,196172.790326637,5026011.41821422,196672.790326637,5025511.41821422,26,29,260.22998046875
196422.790326637,5025261.41821422,985,985,196172.790326637,5025511.41821422,196672.790326637,5025011.41821422,27,29,254.979995727539
196422.790326637,5024761.41821422,986,986,196172.790326637,5025011.41821422,196672.790326637,5024511.41821422,28,29,277.389984130859
196422.790326637,5024261.41821422,987,987,196172.790326637,5024511.41821422,196672.790326637,5024011.41821422,29,29,290.790008544922
196422.790326637,5023761.41821422,988,988,196172.790326637,5024011.41821422,196672.790326637,5023511.41821422,30,29,262.179992675781
196422.790326637,5023261.41821422,989,989,196172.790326637,5023511.41821422,196672.790326637,5023011.41821422,31,29,194.279998779297
196422.790326637,5022761.41821422,990,990,196172.790326637,5023011.41821422,196672.790326637,5022511.41821422,32,29,162.979995727539
196922.790326637,5038761.41821422,991,991,196672.790326637,5039011.41821422,197172.790326637,5038511.41821422,0,30,244.259994506836
196922.790326637,5038261.41821422,992,992,196672.790326637,5038511.41821422,197172.790326637,5038011.41821422,1,30,286.160003662109
196922.790326637,5037761.41821422,993,993,196672.790326637,5038011.41821422,197172.790326637,5037511.41821422,2,30,289.540008544922
196922.790326637,5037261.41821422,994,994,196672.790326637,5037511.41821422,197172.790326637,5037011.41821422,3,30,268.720001220703
196922.790326637,5036761.41821422,995,995,196672.790326637,5037011.41821422,197172.790326637,5036511.41821422,4,30,225.789993286133
196922.790326637,5036261.41821422,996,996,196672.790326637,5036511.41821422,197172.790326637,5036011.41821422,5,30,216.769989013672
196922.790326637,5035761.41821422,997,997,196672.790326637,5036011.41821422,197172.790326637,5035511.41821422,6,30,211.769989013672
196922.790326637,5035261.41821422,998,998,196672.790326637,5035511.41821422,197172.790326637,5035011.41821422,7,30,193.599990844727
196922.790326637,5034761.41821422,999,999,196672.790326637,5035011.41821422,197172.790326637,5034511.41821422,8,30,212.339996337891
196922.790326637,5034261.41821422,1000,1000,196672.790326637,5034511.41821422,197172.790326637,5034011.41821422,9,30,208.449996948242
196922.790326637,5033761.41821422,1001,1001,196672.790326637,5034011.41821422,197172.790326637,5033511.41821422,10,30,181.06999206543
196922.790326637,5033261.41821422,1002,1002,196672.790326637,5033511.41821422,197172.790326637,5033011.41821422,11,30,206.830001831055
196922.790326637,5032761.41821422,1003,1003,196672.790326637,5033011.41821422,197172.790326637,5032511.41821422,12,30,240.269989013672
196922.790326637,5032261.41821422,1004,1004,196672.790326637,5032511.41821422,197172.790326637,5032011.41821422,13,30,260.089996337891
196922.790326637,5031761.41821422,1005,1005,196672.790326637,5032011.41821422,197172.790326637,5031511.41821422,14,30,234.06999206543
196922.790326637,5031261.41821422,1006,1006,196672.790326637,5031511.41821422,197172.790326637,5031011.41821422,15,30,206.869995117188
196922.790326637,5030761.41821422,1007,1007,196672.790326637,5031011.41821422,197172.790326637,5030511.41821422,16,30,198.830001831055
196922.790326637,5030261.41821422,1008,1008,196672.790326637,5030511.41821422,197172.790326637,5030011.41821422,17,30,189.330001831055
196922.790326637,5029761.41821422,1009,1009,196672.790326637,5030011.41821422,197172.790326637,5029511.41821422,18,30,177.269989013672
196922.790326637,5029261.41821422,1010,1010,196672.790326637,5029511.41821422,197172.790326637,5029011.41821422,19,30,160.089996337891
196922.790326637,5028761.41821422,1011,1011,196672.790326637,5029011.41821422,197172.790326637,5028511.41821422,20,30,160.449996948242
196922.790326637,5028261.41821422,1012,1012,196672.790326637,5028511.41821422,197172.790326637,5028011.41821422,21,30,145.539993286133
196922.790326637,5027761.41821422,1013,1013,196672.790326637,5028011.41821422,197172.790326637,5027511.41821422,22,30,196.239990234375
196922.790326637,5027261.41821422,1014,1014,196672.790326637,5027511.41821422,197172.790326637,5027011.41821422,23,30,216.789993286133
196922.790326637,5026761.41821422,1015,1015,196672.790326637,5027011.41821422,197172.790326637,5026511.41821422,24,30,246.179992675781
196922.790326637,5026261.41821422,1016,1016,196672.790326637,5026511.41821422,197172.790326637,5026011.41821422,25,30,255.979995727539
196922.790326637,5025761.41821422,1017,1017,196672.790326637,5026011.41821422,197172.790326637,5025511.41821422,26,30,234.559997558594
196922.790326637,5025261.41821422,1018,1018,196672.790326637,5025511.41821422,197172.790326637,5025011.41821422,27,30,231.009994506836
196922.790326637,5024761.41821422,1019,1019,196672.790326637,5025011.41821422,197172.790326637,5024511.41821422,28,30,257.47998046875
196922.790326637,5024261.41821422,1020,1020,196672.790326637,5024511.41821422,197172.790326637,5024011.41821422,29,30,280.419982910156
196922.790326637,5023761.41821422,1021,1021,196672.790326637,5024011.41821422,197172.790326637,5023511.41821422,30,30,199.599990844727
196922.790326637,5023261.41821422,1022,1022,196672.790326637,5023511.41821422,197172.790326637,5023011.41821422,31,30,173.489990234375
196922.790326637,5022761.41821422,1023,1023,196672.790326637,5023011.41821422,197172.790326637,5022511.41821422,32,30,160.959991455078
197422.790326637,5038761.41821422,1024,1024,197172.790326637,5039011.41821422,197672.790326637,5038511.41821422,0,31,266.359985351562
197422.790326637,5038261.41821422,1025,1025,197172.790326637,5038511.41821422,197672.790326637,5038011.41821422,1,31,287.529998779297
197422.790326637,5037761.41821422,1026,1026,197172.790326637,5038011.41821422,197672.790326637,5037511.41821422,2,31,276.079986572266
197422.790326637,5037261.41821422,1027,1027,197172.790326637,5037511.41821422,197672.790326637,5037011.41821422,3,31,251.179992675781
197422.790326637,5036761.41821422,1028,1028,197172.790326637,5037011.41821422,197672.790326637,5036511.41821422,4,31,241.779998779297
197422.790326637,5036261.41821422,1029,1029,197172.790326637,5036511.41821422,197672.790326637,5036011.41821422,5,31,238.869995117188
197422.790326637,5035761.41821422,1030,1030,197172.790326637,5036011.41821422,197672.790326637,5035511.41821422,6,31,233.259994506836
197422.790326637,5035261.41821422,1031,1031,197172.790326637,5035511.41821422,197672.790326637,5035011.41821422,7,31,229.31999206543
197422.790326637,5034761.41821422,1032,1032,197172.790326637,5035011.41821422,197672.790326637,5034511.41821422,8,31,219.56999206543
197422.790326637,5034261.41821422,1033,1033,197172.790326637,5034511.41821422,197672.790326637,5034011.41821422,9,31,208.989990234375
197422.790326637,5033761.41821422,1034,1034,197172.790326637,5034011.41821422,197672.790326637,5033511.41821422,10,31,171.389999389648
197422.790326637,5033261.41821422,1035,1035,197172.790326637,5033511.41821422,197672.790326637,5033011.41821422,11,31,197.179992675781
197422.790326637,5032761.41821422,1036,1036,197172.790326637,5033011.41821422,197672.790326637,5032511.41821422,12,31,236.40998840332
197422.790326637,5032261.41821422,1037,1037,197172.790326637,5032511.41821422,197672.790326637,5032011.41821422,13,31,259.339996337891
197422.790326637,5031761.41821422,1038,1038,197172.790326637,5032011.41821422,197672.790326637,5031511.41821422,14,31,247.419998168945
197422.790326637,5031261.41821422,1039,1039,197172.790326637,5031511.41821422,197672.790326637,5031011.41821422,15,31,226.669998168945
197422.790326637,5030761.41821422,1040,1040,197172.790326637,5031011.41821422,197672.790326637,5030511.41821422,16,31,206.330001831055
197422.790326637,5030261.41821422,1041,1041,197172.790326637,5030511.41821422,197672.790326637,5030011.41821422,17,31,192.519989013672
197422.790326637,5029761.41821422,1042,1042,197172.790326637,5030011.41821422,197672.790326637,5029511.41821422,18,31,190.580001831055
197422.790326637,5029261.41821422,1043,1043,197172.790326637,5029511.41821422,197672.790326637,5029011.41821422,19,31,194.769989013672
197422.790326637,5028761.41821422,1044,1044,197172.790326637,5029011.41821422,197672.790326637,5028511.41821422,20,31,182.25
197422.790326637,5028261.41821422,1045,1045,197172.790326637,5028511.41821422,197672.790326637,5028011.41821422,21,31,161.019989013672
197422.790326637,5027761.41821422,1046,1046,197172.790326637,5028011.41821422,197672.790326637,5027511.41821422,22,31,151.720001220703
197422.790326637,5027261.41821422,1047,1047,197172.790326637,5027511.41821422,197672.790326637,5027011.41821422,23,31,193.729995727539
197422.790326637,5026761.41821422,1048,1048,197172.790326637,5027011.41821422,197672.790326637,5026511.41821422,24,31,205.449996948242
197422.790326637,5026261.41821422,1049,1049,197172.790326637,5026511.41821422,197672.790326637,5026011.41821422,25,31,225.830001831055
197422.790326637,5025761.41821422,1050,1050,197172.790326637,5026011.41821422,197672.790326637,5025511.41821422,26,31,216.199996948242
197422.790326637,5025261.41821422,1051,1051,197172.790326637,5025511.41821422,197672.790326637,5025011.41821422,27,31,211.639999389648
197422.790326637,5024761.41821422,1052,1052,197172.790326637,5025011.41821422,197672.790326637,5024511.41821422,28,31,233.949996948242
197422.790326637,5024261.41821422,1053,1053,197172.790326637,5024511.41821422,197672.790326637,5024011.41821422,29,31,216.129989624023
197422.790326637,5023761.41821422,1054,1054,197172.790326637,5024011.41821422,197672.790326637,5023511.41821422,30,31,147.039993286133
197422.790326637,5023261.41821422,1055,1055,197172.790326637,5023511.41821422,197672.790326637,5023011.41821422,31,31,148.039993286133
197422.790326637,5022761.41821422,1056,1056,197172.790326637,5023011.41821422,197672.790326637,5022511.41821422,32,31,147.379989624023
197922.790326637,5038761.41821422,1057,1057,197672.790326637,5039011.41821422,198172.790326637,5038511.41821422,0,32,293.459991455078
197922.790326637,5038261.41821422,1058,1058,197672.790326637,5038511.41821422,198172.790326637,5038011.41821422,1,32,283.410003662109
197922.790326637,5037761.41821422,1059,1059,197672.790326637,5038011.41821422,198172.790326637,5037511.41821422,2,32,264.619995117188
197922.790326637,5037261.41821422,1060,1060,197672.790326637,5037511.41821422,198172.790326637,5037011.41821422,3,32,236
197922.790326637,5036761.41821422,1061,1061,197672.790326637,5037011.41821422,198172.790326637,5036511.41821422,4,32,234.649993896484
197922.790326637,5036261.41821422,1062,1062,197672.790326637,5036511.41821422,198172.790326637,5036011.41821422,5,32,237.709991455078
197922.790326637,5035761.41821422,1063,1063,197672.790326637,5036011.41821422,198172.790326637,5035511.41821422,6,32,210.089996337891
197922.790326637,5035261.41821422,1064,1064,197672.790326637,5035511.41821422,198172.790326637,5035011.41821422,7,32,215.940002441406
197922.790326637,5034761.41821422,1065,1065,197672.790326637,5035011.41821422,198172.790326637,5034511.41821422,8,32,206.110000610352
197922.790326637,5034261.41821422,1066,1066,197672.790326637,5034511.41821422,198172.790326637,5034011.41821422,9,32,186.15998840332
197922.790326637,5033761.41821422,1067,1067,197672.790326637,5034011.41821422,198172.790326637,5033511.41821422,10,32,176.75
197922.790326637,5033261.41821422,1068,1068,197672.790326637,5033511.41821422,198172.790326637,5033011.41821422,11,32,203.339996337891
197922.790326637,5032761.41821422,1069,1069,197672.790326637,5033011.41821422,198172.790326637,5032511.41821422,12,32,217.860000610352
197922.790326637,5032261.41821422,1070,1070,197672.790326637,5032511.41821422,198172.790326637,5032011.41821422,13,32,244.629989624023
197922.790326637,5031761.41821422,1071,1071,197672.790326637,5032011.41821422,198172.790326637,5031511.41821422,14,32,273.97998046875
197922.790326637,5031261.41821422,1072,1072,197672.790326637,5031511.41821422,198172.790326637,5031011.41821422,15,32,270.949981689453
197922.790326637,5030761.41821422,1073,1073,197672.790326637,5031011.41821422,198172.790326637,5030511.41821422,16,32,235.989990234375
197922.790326637,5030261.41821422,1074,1074,197672.790326637,5030511.41821422,198172.790326637,5030011.41821422,17,32,200.879989624023
197922.790326637,5029761.41821422,1075,1075,197672.790326637,5030011.41821422,198172.790326637,5029511.41821422,18,32,188.639999389648
197922.790326637,5029261.41821422,1076,1076,197672.790326637,5029511.41821422,198172.790326637,5029011.41821422,19,32,184.269989013672
197922.790326637,5028761.41821422,1077,1077,197672.790326637,5029011.41821422,198172.790326637,5028511.41821422,20,32,195.759994506836
197922.790326637,5028261.41821422,1078,1078,197672.790326637,5028511.41821422,198172.790326637,5028011.41821422,21,32,171.25
197922.790326637,5027761.41821422,1079,1079,197672.790326637,5028011.41821422,198172.790326637,5027511.41821422,22,32,144.919998168945
197922.790326637,5027261.41821422,1080,1080,197672.790326637,5027511.41821422,198172.790326637,5027011.41821422,23,32,155.989990234375
197922.790326637,5026761.41821422,1081,1081,197672.790326637,5027011.41821422,198172.790326637,5026511.41821422,24,32,176.080001831055
197922.790326637,5026261.41821422,1082,1082,197672.790326637,5026511.41821422,198172.790326637,5026011.41821422,25,32,182
197922.790326637,5025761.41821422,1083,1083,197672.790326637,5026011.41821422,198172.790326637,5025511.41821422,26,32,191.139999389648
197922.790326637,5025261.41821422,1084,1084,197672.790326637,5025511.41821422,198172.790326637,5025011.41821422,27,32,175.269989013672
197922.790326637,5024761.41821422,1085,1085,197672.790326637,5025011.41821422,198172.790326637,5024511.41821422,28,32,197.15998840332
197922.790326637,5024261.41821422,1086,1086,197672.790326637,5024511.41821422,198172.790326637,5024011.41821422,29,32,147.979995727539
197922.790326637,5023761.41821422,1087,1087,197672.790326637,5024011.41821422,198172.790326637,5023511.41821422,30,32,146.919998168945
197922.790326637,5023261.41821422,1088,1088,197672.790326637,5023511.41821422,198172.790326637,5023011.41821422,31,32,147.709991455078
197922.790326637,5022761.41821422,1089,1089,197672.790326637,5023011.41821422,198172.790326637,5022511.41821422,32,32,154.330001831055
198422.790326637,5038761.41821422,1090,1090,198172.790326637,5039011.41821422,198672.790326637,5038511.41821422,0,33,275.299987792969
198422.790326637,5038261.41821422,1091,1091,198172.790326637,5038511.41821422,198672.790326637,5038011.41821422,1,33,247.529998779297
198422.790326637,5037761.41821422,1092,1092,198172.790326637,5038011.41821422,198672.790326637,5037511.41821422,2,33,242.879989624023
198422.790326637,5037261.41821422,1093,1093,198172.790326637,5037511.41821422,198672.790326637,5037011.41821422,3,33,221.369995117188
198422.790326637,5036761.41821422,1094,1094,198172.790326637,5037011.41821422,198672.790326637,5036511.41821422,4,33,240.959991455078
198422.790326637,5036261.41821422,1095,1095,198172.790326637,5036511.41821422,198672.790326637,5036011.41821422,5,33,229.729995727539
198422.790326637,5035761.41821422,1096,1096,198172.790326637,5036011.41821422,198672.790326637,5035511.41821422,6,33,202.56999206543
198422.790326637,5035261.41821422,1097,1097,198172.790326637,5035511.41821422,198672.790326637,5035011.41821422,7,33,210.509994506836
198422.790326637,5034761.41821422,1098,1098,198172.790326637,5035011.41821422,198672.790326637,5034511.41821422,8,33,219.720001220703
198422.790326637,5034261.41821422,1099,1099,198172.790326637,5034511.41821422,198672.790326637,5034011.41821422,9,33,190.690002441406
198422.790326637,5033761.41821422,1100,1100,198172.790326637,5034011.41821422,198672.790326637,5033511.41821422,10,33,172.399993896484
198422.790326637,5033261.41821422,1101,1101,198172.790326637,5033511.41821422,198672.790326637,5033011.41821422,11,33,177.479995727539
198422.790326637,5032761.41821422,1102,1102,198172.790326637,5033011.41821422,198672.790326637,5032511.41821422,12,33,197.65998840332
198422.790326637,5032261.41821422,1103,1103,198172.790326637,5032511.41821422,198672.790326637,5032011.41821422,13,33,228.529998779297
198422.790326637,5031761.41821422,1104,1104,198172.790326637,5032011.41821422,198672.790326637,5031511.41821422,14,33,272.029998779297
198422.790326637,5031261.41821422,1105,1105,198172.790326637,5031511.41821422,198672.790326637,5031011.41821422,15,33,250.610000610352
198422.790326637,5030761.41821422,1106,1106,198172.790326637,5031011.41821422,198672.790326637,5030511.41821422,16,33,245.809997558594
198422.790326637,5030261.41821422,1107,1107,198172.790326637,5030511.41821422,198672.790326637,5030011.41821422,17,33,208.729995727539
198422.790326637,5029761.41821422,1108,1108,198172.790326637,5030011.41821422,198672.790326637,5029511.41821422,18,33,196.019989013672
198422.790326637,5029261.41821422,1109,1109,198172.790326637,5029511.41821422,198672.790326637,5029011.41821422,19,33,162.019989013672
198422.790326637,5028761.41821422,1110,1110,198172.790326637,5029011.41821422,198672.790326637,5028511.41821422,20,33,161.379989624023
198422.790326637,5028261.41821422,1111,1111,198172.790326637,5028511.41821422,198672.790326637,5028011.41821422,21,33,148.419998168945
198422.790326637,5027761.41821422,1112,1112,198172.790326637,5028011.41821422,198672.790326637,5027511.41821422,22,33,144.220001220703
198422.790326637,5027261.41821422,1113,1113,198172.790326637,5027511.41821422,198672.790326637,5027011.41821422,23,33,142.119995117188
198422.790326637,5026761.41821422,1114,1114,198172.790326637,5027011.41821422,198672.790326637,5026511.41821422,24,33,151.849990844727
198422.790326637,5026261.41821422,1115,1115,198172.790326637,5026511.41821422,198672.790326637,5026011.41821422,25,33,155.199996948242
198422.790326637,5025761.41821422,1116,1116,198172.790326637,5026011.41821422,198672.790326637,5025511.41821422,26,33,149.679992675781
198422.790326637,5025261.41821422,1117,1117,198172.790326637,5025511.41821422,198672.790326637,5025011.41821422,27,33,149.720001220703
198422.790326637,5024761.41821422,1118,1118,198172.790326637,5025011.41821422,198672.790326637,5024511.41821422,28,33,149.289993286133
198422.790326637,5024261.41821422,1119,1119,198172.790326637,5024511.41821422,198672.790326637,5024011.41821422,29,33,147.369995117188
198422.790326637,5023761.41821422,1120,1120,198172.790326637,5024011.41821422,198672.790326637,5023511.41821422,30,33,145.989990234375
198422.790326637,5023261.41821422,1121,1121,198172.790326637,5023511.41821422,198672.790326637,5023011.41821422,31,33,149.360000610352
198422.790326637,5022761.41821422,1122,1122,198172.790326637,5023011.41821422,198672.790326637,5022511.41821422,32,33,168.839996337891
198922.790326637,5038761.41821422,1123,1123,198672.790326637,5039011.41821422,199172.790326637,5038511.41821422,0,34,234.849990844727
198922.790326637,5038261.41821422,1124,1124,198672.790326637,5038511.41821422,199172.790326637,5038011.41821422,1,34,217.610000610352
198922.790326637,5037761.41821422,1125,1125,198672.790326637,5038011.41821422,199172.790326637,5037511.41821422,2,34,206.039993286133
198922.790326637,5037261.41821422,1126,1126,198672.790326637,5037511.41821422,199172.790326637,5037011.41821422,3,34,219.479995727539
198922.790326637,5036761.41821422,1127,1127,198672.790326637,5037011.41821422,199172.790326637,5036511.41821422,4,34,207.979995727539
198922.790326637,5036261.41821422,1128,1128,198672.790326637,5036511.41821422,199172.790326637,5036011.41821422,5,34,199.899993896484
198922.790326637,5035761.41821422,1129,1129,198672.790326637,5036011.41821422,199172.790326637,5035511.41821422,6,34,184.899993896484
198922.790326637,5035261.41821422,1130,1130,198672.790326637,5035511.41821422,199172.790326637,5035011.41821422,7,34,179.619995117188
198922.790326637,5034761.41821422,1131,1131,198672.790326637,5035011.41821422,199172.790326637,5034511.41821422,8,34,186.039993286133
198922.790326637,5034261.41821422,1132,1132,198672.790326637,5034511.41821422,199172.790326637,5034011.41821422,9,34,182.729995727539
198922.790326637,5033761.41821422,1133,1133,198672.790326637,5034011.41821422,199172.790326637,5033511.41821422,10,34,175.940002441406
198922.790326637,5033261.41821422,1134,1134,198672.790326637,5033511.41821422,199172.790326637,5033011.41821422,11,34,178.179992675781
198922.790326637,5032761.41821422,1135,1135,198672.790326637,5033011.41821422,199172.790326637,5032511.41821422,12,34,177.289993286133
198922.790326637,5032261.41821422,1136,1136,198672.790326637,5032511.41821422,199172.790326637,5032011.41821422,13,34,191.739990234375
198922.790326637,5031761.41821422,1137,1137,198672.790326637,5032011.41821422,199172.790326637,5031511.41821422,14,34,218.369995117188
198922.790326637,5031261.41821422,1138,1138,198672.790326637,5031511.41821422,199172.790326637,5031011.41821422,15,34,238.5
198922.790326637,5030761.41821422,1139,1139,198672.790326637,5031011.41821422,199172.790326637,5030511.41821422,16,34,222.5
198922.790326637,5030261.41821422,1140,1140,198672.790326637,5030511.41821422,199172.790326637,5030011.41821422,17,34,212.720001220703
198922.790326637,5029761.41821422,1141,1141,198672.790326637,5030011.41821422,199172.790326637,5029511.41821422,18,34,191.199996948242
198922.790326637,5029261.41821422,1142,1142,198672.790326637,5029511.41821422,199172.790326637,5029011.41821422,19,34,196.849990844727
198922.790326637,5028761.41821422,1143,1143,198672.790326637,5029011.41821422,199172.790326637,5028511.41821422,20,34,199.429992675781
198922.790326637,5028261.41821422,1144,1144,198672.790326637,5028511.41821422,199172.790326637,5028011.41821422,21,34,206.729995727539
198922.790326637,5027761.41821422,1145,1145,198672.790326637,5028011.41821422,199172.790326637,5027511.41821422,22,34,154
198922.790326637,5027261.41821422,1146,1146,198672.790326637,5027511.41821422,199172.790326637,5027011.41821422,23,34,151.539993286133
198922.790326637,5026761.41821422,1147,1147,198672.790326637,5027011.41821422,199172.790326637,5026511.41821422,24,34,148.81999206543
198922.790326637,5026261.41821422,1148,1148,198672.790326637,5026511.41821422,199172.790326637,5026011.41821422,25,34,143.190002441406
198922.790326637,5025761.41821422,1149,1149,198672.790326637,5026011.41821422,199172.790326637,5025511.41821422,26,34,148.080001831055
198922.790326637,5025261.41821422,1150,1150,198672.790326637,5025511.41821422,199172.790326637,5025011.41821422,27,34,165.349990844727
198922.790326637,5024761.41821422,1151,1151,198672.790326637,5025011.41821422,199172.790326637,5024511.41821422,28,34,147.970001220703
198922.790326637,5024261.41821422,1152,1152,198672.790326637,5024511.41821422,199172.790326637,5024011.41821422,29,34,149.25
198922.790326637,5023761.41821422,1153,1153,198672.790326637,5024011.41821422,199172.790326637,5023511.41821422,30,34,148.449996948242
198922.790326637,5023261.41821422,1154,1154,198672.790326637,5023511.41821422,199172.790326637,5023011.41821422,31,34,146.399993896484
198922.790326637,5022761.41821422,1155,1155,198672.790326637,5023011.41821422,199172.790326637,5022511.41821422,32,34,164.089996337891
199422.790326637,5038761.41821422,1156,1156,199172.790326637,5039011.41821422,199672.790326637,5038511.41821422,0,35,208.940002441406
199422.790326637,5038261.41821422,1157,1157,199172.790326637,5038511.41821422,199672.790326637,5038011.41821422,1,35,203.959991455078
199422.790326637,5037761.41821422,1158,1158,199172.790326637,5038011.41821422,199672.790326637,5037511.41821422,2,35,207
199422.790326637,5037261.41821422,1159,1159,199172.790326637,5037511.41821422,199672.790326637,5037011.41821422,3,35,205.519989013672
199422.790326637,5036761.41821422,1160,1160,199172.790326637,5037011.41821422,199672.790326637,5036511.41821422,4,35,226.580001831055
199422.790326637,5036261.41821422,1161,1161,199172.790326637,5036511.41821422,199672.790326637,5036011.41821422,5,35,218.129989624023
199422.790326637,5035761.41821422,1162,1162,199172.790326637,5036011.41821422,199672.790326637,5035511.41821422,6,35,181.679992675781
199422.790326637,5035261.41821422,1163,1163,199172.790326637,5035511.41821422,199672.790326637,5035011.41821422,7,35,225.809997558594
199422.790326637,5034761.41821422,1164,1164,199172.790326637,5035011.41821422,199672.790326637,5034511.41821422,8,35,253.689987182617
199422.790326637,5034261.41821422,1165,1165,199172.790326637,5034511.41821422,199672.790326637,5034011.41821422,9,35,256.410003662109
199422.790326637,5033761.41821422,1166,1166,199172.790326637,5034011.41821422,199672.790326637,5033511.41821422,10,35,215.90998840332
199422.790326637,5033261.41821422,1167,1167,199172.790326637,5033511.41821422,199672.790326637,5033011.41821422,11,35,211.81999206543
199422.790326637,5032761.41821422,1168,1168,199172.790326637,5033011.41821422,199672.790326637,5032511.41821422,12,35,179.860000610352
199422.790326637,5032261.41821422,1169,1169,199172.790326637,5032511.41821422,199672.790326637,5032011.41821422,13,35,185.449996948242
199422.790326637,5031761.41821422,1170,1170,199172.790326637,5032011.41821422,199672.790326637,5031511.41821422,14,35,203.580001831055
199422.790326637,5031261.41821422,1171,1171,199172.790326637,5031511.41821422,199672.790326637,5031011.41821422,15,35,222.839996337891
199422.790326637,5030761.41821422,1172,1172,199172.790326637,5031011.41821422,199672.790326637,5030511.41821422,16,35,216
199422.790326637,5030261.41821422,1173,1173,199172.790326637,5030511.41821422,199672.790326637,5030011.41821422,17,35,228.039993286133
199422.790326637,5029761.41821422,1174,1174,199172.790326637,5030011.41821422,199672.790326637,5029511.41821422,18,35,239.129989624023
199422.790326637,5029261.41821422,1175,1175,199172.790326637,5029511.41821422,199672.790326637,5029011.41821422,19,35,244.65998840332
199422.790326637,5028761.41821422,1176,1176,199172.790326637,5029011.41821422,199672.790326637,5028511.41821422,20,35,254.169998168945
199422.790326637,5028261.41821422,1177,1177,199172.790326637,5028511.41821422,199672.790326637,5028011.41821422,21,35,214.709991455078
199422.790326637,5027761.41821422,1178,1178,199172.790326637,5028011.41821422,199672.790326637,5027511.41821422,22,35,195.489990234375
199422.790326637,5027261.41821422,1179,1179,199172.790326637,5027511.41821422,199672.790326637,5027011.41821422,23,35,171.440002441406
199422.790326637,5026761.41821422,1180,1180,199172.790326637,5027011.41821422,199672.790326637,5026511.41821422,24,35,163.379989624023
199422.790326637,5026261.41821422,1181,1181,199172.790326637,5026511.41821422,199672.790326637,5026011.41821422,25,35,149.910003662109
199422.790326637,5025761.41821422,1182,1182,199172.790326637,5026011.41821422,199672.790326637,5025511.41821422,26,35,149.699996948242
199422.790326637,5025261.41821422,1183,1183,199172.790326637,5025511.41821422,199672.790326637,5025011.41821422,27,35,156.399993896484
199422.790326637,5024761.41821422,1184,1184,199172.790326637,5025011.41821422,199672.790326637,5024511.41821422,28,35,154.699996948242
199422.790326637,5024261.41821422,1185,1185,199172.790326637,5024511.41821422,199672.790326637,5024011.41821422,29,35,171.419998168945
199422.790326637,5023761.41821422,1186,1186,199172.790326637,5024011.41821422,199672.790326637,5023511.41821422,30,35,166.220001220703
199422.790326637,5023261.41821422,1187,1187,199172.790326637,5023511.41821422,199672.790326637,5023011.41821422,31,35,169.720001220703
199422.790326637,5022761.41821422,1188,1188,199172.790326637,5023011.41821422,199672.790326637,5022511.41821422,32,35,160.050003051758
199922.790326637,5038761.41821422,1189,1189,199672.790326637,5039011.41821422,200172.790326637,5038511.41821422,0,36,220.119995117188
199922.790326637,5038261.41821422,1190,1190,199672.790326637,5038511.41821422,200172.790326637,5038011.41821422,1,36,217.299987792969
199922.790326637,5037761.41821422,1191,1191,199672.790326637,5038011.41821422,200172.790326637,5037511.41821422,2,36,232.919998168945
199922.790326637,5037261.41821422,1192,1192,199672.790326637,5037511.41821422,200172.790326637,5037011.41821422,3,36,231.039993286133
199922.790326637,5036761.41821422,1193,1193,199672.790326637,5037011.41821422,200172.790326637,5036511.41821422,4,36,225
199922.790326637,5036261.41821422,1194,1194,199672.790326637,5036511.41821422,200172.790326637,5036011.41821422,5,36,186.449996948242
199922.790326637,5035761.41821422,1195,1195,199672.790326637,5036011.41821422,200172.790326637,5035511.41821422,6,36,192.229995727539
199922.790326637,5035261.41821422,1196,1196,199672.790326637,5035511.41821422,200172.790326637,5035011.41821422,7,36,234.279998779297
199922.790326637,5034761.41821422,1197,1197,199672.790326637,5035011.41821422,200172.790326637,5034511.41821422,8,36,272.440002441406
199922.790326637,5034261.41821422,1198,1198,199672.790326637,5034511.41821422,200172.790326637,5034011.41821422,9,36,254.389999389648
199922.790326637,5033761.41821422,1199,1199,199672.790326637,5034011.41821422,200172.790326637,5033511.41821422,10,36,246.06999206543
199922.790326637,5033261.41821422,1200,1200,199672.790326637,5033511.41821422,200172.790326637,5033011.41821422,11,36,245.360000610352
199922.790326637,5032761.41821422,1201,1201,199672.790326637,5033011.41821422,200172.790326637,5032511.41821422,12,36,222.489990234375
199922.790326637,5032261.41821422,1202,1202,199672.790326637,5032511.41821422,200172.790326637,5032011.41821422,13,36,222.649993896484
199922.790326637,5031761.41821422,1203,1203,199672.790326637,5032011.41821422,200172.790326637,5031511.41821422,14,36,195.139999389648
199922.790326637,5031261.41821422,1204,1204,199672.790326637,5031511.41821422,200172.790326637,5031011.41821422,15,36,217.610000610352
199922.790326637,5030761.41821422,1205,1205,199672.790326637,5031011.41821422,200172.790326637,5030511.41821422,16,36,235.860000610352
199922.790326637,5030261.41821422,1206,1206,199672.790326637,5030511.41821422,200172.790326637,5030011.41821422,17,36,247.970001220703
199922.790326637,5029761.41821422,1207,1207,199672.790326637,5030011.41821422,200172.790326637,5029511.41821422,18,36,283.889984130859
199922.790326637,5029261.41821422,1208,1208,199672.790326637,5029511.41821422,200172.790326637,5029011.41821422,19,36,289.559997558594
199922.790326637,5028761.41821422,1209,1209,199672.790326637,5029011.41821422,200172.790326637,5028511.41821422,20,36,247.599990844727
199922.790326637,5028261.41821422,1210,1210,199672.790326637,5028511.41821422,200172.790326637,5028011.41821422,21,36,239.479995727539
199922.790326637,5027761.41821422,1211,1211,199672.790326637,5028011.41821422,200172.790326637,5027511.41821422,22,36,218.720001220703
199922.790326637,5027261.41821422,1212,1212,199672.790326637,5027511.41821422,200172.790326637,5027011.41821422,23,36,212.279998779297
199922.790326637,5026761.41821422,1213,1213,199672.790326637,5027011.41821422,200172.790326637,5026511.41821422,24,36,178.259994506836
199922.790326637,5026261.41821422,1214,1214,199672.790326637,5026511.41821422,200172.790326637,5026011.41821422,25,36,146.129989624023
199922.790326637,5025761.41821422,1215,1215,199672.790326637,5026011.41821422,200172.790326637,5025511.41821422,26,36,147.660003662109
199922.790326637,5025261.41821422,1216,1216,199672.790326637,5025511.41821422,200172.790326637,5025011.41821422,27,36,154.459991455078
199922.790326637,5024761.41821422,1217,1217,199672.790326637,5025011.41821422,200172.790326637,5024511.41821422,28,36,185.209991455078
199922.790326637,5024261.41821422,1218,1218,199672.790326637,5024511.41821422,200172.790326637,5024011.41821422,29,36,171.360000610352
199922.790326637,5023761.41821422,1219,1219,199672.790326637,5024011.41821422,200172.790326637,5023511.41821422,30,36,192.649993896484
199922.790326637,5023261.41821422,1220,1220,199672.790326637,5023511.41821422,200172.790326637,5023011.41821422,31,36,164.56999206543
199922.790326637,5022761.41821422,1221,1221,199672.790326637,5023011.41821422,200172.790326637,5022511.41821422,32,36,165.039993286133
200422.790326637,5038761.41821422,1222,1222,200172.790326637,5039011.41821422,200672.790326637,5038511.41821422,0,37,243.589996337891
200422.790326637,5038261.41821422,1223,1223,200172.790326637,5038511.41821422,200672.790326637,5038011.41821422,1,37,245.839996337891
200422.790326637,5037761.41821422,1224,1224,200172.790326637,5038011.41821422,200672.790326637,5037511.41821422,2,37,243.080001831055
200422.790326637,5037261.41821422,1225,1225,200172.790326637,5037511.41821422,200672.790326637,5037011.41821422,3,37,234.029998779297
200422.790326637,5036761.41821422,1226,1226,200172.790326637,5037011.41821422,200672.790326637,5036511.41821422,4,37,237.149993896484
200422.790326637,5036261.41821422,1227,1227,200172.790326637,5036511.41821422,200672.790326637,5036011.41821422,5,37,224.299987792969
200422.790326637,5035761.41821422,1228,1228,200172.790326637,5036011.41821422,200672.790326637,5035511.41821422,6,37,192.619995117188
200422.790326637,5035261.41821422,1229,1229,200172.790326637,5035511.41821422,200672.790326637,5035011.41821422,7,37,218.489990234375
200422.790326637,5034761.41821422,1230,1230,200172.790326637,5035011.41821422,200672.790326637,5034511.41821422,8,37,247.209991455078
200422.790326637,5034261.41821422,1231,1231,200172.790326637,5034511.41821422,200672.790326637,5034011.41821422,9,37,260.359985351562
200422.790326637,5033761.41821422,1232,1232,200172.790326637,5034011.41821422,200672.790326637,5033511.41821422,10,37,260.919982910156
200422.790326637,5033261.41821422,1233,1233,200172.790326637,5033511.41821422,200672.790326637,5033011.41821422,11,37,250.269989013672
200422.790326637,5032761.41821422,1234,1234,200172.790326637,5033011.41821422,200672.790326637,5032511.41821422,12,37,256.130004882812
200422.790326637,5032261.41821422,1235,1235,200172.790326637,5032511.41821422,200672.790326637,5032011.41821422,13,37,236.739990234375
200422.790326637,5031761.41821422,1236,1236,200172.790326637,5032011.41821422,200672.790326637,5031511.41821422,14,37,254.439987182617
200422.790326637,5031261.41821422,1237,1237,200172.790326637,5031511.41821422,200672.790326637,5031011.41821422,15,37,243.869995117188
200422.790326637,5030761.41821422,1238,1238,200172.790326637,5031011.41821422,200672.790326637,5030511.41821422,16,37,265.509979248047
200422.790326637,5030261.41821422,1239,1239,200172.790326637,5030511.41821422,200672.790326637,5030011.41821422,17,37,274.119995117188
200422.790326637,5029761.41821422,1240,1240,200172.790326637,5030011.41821422,200672.790326637,5029511.41821422,18,37,287.519989013672
200422.790326637,5029261.41821422,1241,1241,200172.790326637,5029511.41821422,200672.790326637,5029011.41821422,19,37,285.209991455078
200422.790326637,5028761.41821422,1242,1242,200172.790326637,5029011.41821422,200672.790326637,5028511.41821422,20,37,289.5
200422.790326637,5028261.41821422,1243,1243,200172.790326637,5028511.41821422,200672.790326637,5028011.41821422,21,37,262.769989013672
200422.790326637,5027761.41821422,1244,1244,200172.790326637,5028011.41821422,200672.790326637,5027511.41821422,22,37,226
200422.790326637,5027261.41821422,1245,1245,200172.790326637,5027511.41821422,200672.790326637,5027011.41821422,23,37,164.389999389648
200422.790326637,5026761.41821422,1246,1246,200172.790326637,5027011.41821422,200672.790326637,5026511.41821422,24,37,155.209991455078
200422.790326637,5026261.41821422,1247,1247,200172.790326637,5026511.41821422,200672.790326637,5026011.41821422,25,37,153.349990844727
200422.790326637,5025761.41821422,1248,1248,200172.790326637,5026011.41821422,200672.790326637,5025511.41821422,26,37,148.440002441406
200422.790326637,5025261.41821422,1249,1249,200172.790326637,5025511.41821422,200672.790326637,5025011.41821422,27,37,179.729995727539
200422.790326637,5024761.41821422,1250,1250,200172.790326637,5025011.41821422,200672.790326637,5024511.41821422,28,37,190.970001220703
200422.790326637,5024261.41821422,1251,1251,200172.790326637,5024511.41821422,200672.790326637,5024011.41821422,29,37,177.239990234375
200422.790326637,5023761.41821422,1252,1252,200172.790326637,5024011.41821422,200672.790326637,5023511.41821422,30,37,179.269989013672
200422.790326637,5023261.41821422,1253,1253,200172.790326637,5023511.41821422,200672.790326637,5023011.41821422,31,37,172.110000610352
200422.790326637,5022761.41821422,1254,1254,200172.790326637,5023011.41821422,200672.790326637,5022511.41821422,32,37,156.550003051758
200922.790326637,5038761.41821422,1255,1255,200672.790326637,5039011.41821422,201172.790326637,5038511.41821422,0,38,249.389999389648
200922.790326637,5038261.41821422,1256,1256,200672.790326637,5038511.41821422,201172.790326637,5038011.41821422,1,38,254.139999389648
200922.790326637,5037761.41821422,1257,1257,200672.790326637,5038011.41821422,201172.790326637,5037511.41821422,2,38,252.25
200922.790326637,5037261.41821422,1258,1258,200672.790326637,5037511.41821422,201172.790326637,5037011.41821422,3,38,239.099990844727
200922.790326637,5036761.41821422,1259,1259,200672.790326637,5037011.41821422,201172.790326637,5036511.41821422,4,38,235.199996948242
200922.790326637,5036261.41821422,1260,1260,200672.790326637,5036511.41821422,201172.790326637,5036011.41821422,5,38,223.759994506836
200922.790326637,5035761.41821422,1261,1261,200672.790326637,5036011.41821422,201172.790326637,5035511.41821422,6,38,204.269989013672
200922.790326637,5035261.41821422,1262,1262,200672.790326637,5035511.41821422,201172.790326637,5035011.41821422,7,38,185
200922.790326637,5034761.41821422,1263,1263,200672.790326637,5035011.41821422,201172.790326637,5034511.41821422,8,38,220.789993286133
200922.790326637,5034261.41821422,1264,1264,200672.790326637,5034511.41821422,201172.790326637,5034011.41821422,9,38,248.309997558594
200922.790326637,5033761.41821422,1265,1265,200672.790326637,5034011.41821422,201172.790326637,5033511.41821422,10,38,275.220001220703
200922.790326637,5033261.41821422,1266,1266,200672.790326637,5033511.41821422,201172.790326637,5033011.41821422,11,38,271.690002441406
200922.790326637,5032761.41821422,1267,1267,200672.790326637,5033011.41821422,201172.790326637,5032511.41821422,12,38,258.839996337891
200922.790326637,5032261.41821422,1268,1268,200672.790326637,5032511.41821422,201172.790326637,5032011.41821422,13,38,254.619995117188
200922.790326637,5031761.41821422,1269,1269,200672.790326637,5032011.41821422,201172.790326637,5031511.41821422,14,38,264.470001220703
200922.790326637,5031261.41821422,1270,1270,200672.790326637,5031511.41821422,201172.790326637,5031011.41821422,15,38,270.329986572266
200922.790326637,5030761.41821422,1271,1271,200672.790326637,5031011.41821422,201172.790326637,5030511.41821422,16,38,277.910003662109
200922.790326637,5030261.41821422,1272,1272,200672.790326637,5030511.41821422,201172.790326637,5030011.41821422,17,38,283.5
200922.790326637,5029761.41821422,1273,1273,200672.790326637,5030011.41821422,201172.790326637,5029511.41821422,18,38,275
200922.790326637,5029261.41821422,1274,1274,200672.790326637,5029511.41821422,201172.790326637,5029011.41821422,19,38,274.529998779297
200922.790326637,5028761.41821422,1275,1275,200672.790326637,5029011.41821422,201172.790326637,5028511.41821422,20,38,268.169982910156
200922.790326637,5028261.41821422,1276,1276,200672.790326637,5028511.41821422,201172.790326637,5028011.41821422,21,38,237.809997558594
200922.790326637,5027761.41821422,1277,1277,200672.790326637,5028011.41821422,201172.790326637,5027511.41821422,22,38,193.610000610352
200922.790326637,5027261.41821422,1278,1278,200672.790326637,5027511.41821422,201172.790326637,5027011.41821422,23,38,151.06999206543
200922.790326637,5026761.41821422,1279,1279,200672.790326637,5027011.41821422,201172.790326637,5026511.41821422,24,38,170.360000610352
200922.790326637,5026261.41821422,1280,1280,200672.790326637,5026511.41821422,201172.790326637,5026011.41821422,25,38,166.580001831055
200922.790326637,5025761.41821422,1281,1281,200672.790326637,5026011.41821422,201172.790326637,5025511.41821422,26,38,156.259994506836
200922.790326637,5025261.41821422,1282,1282,200672.790326637,5025511.41821422,201172.790326637,5025011.41821422,27,38,156.039993286133
200922.790326637,5024761.41821422,1283,1283,200672.790326637,5025011.41821422,201172.790326637,5024511.41821422,28,38,210.5
200922.790326637,5024261.41821422,1284,1284,200672.790326637,5024511.41821422,201172.790326637,5024011.41821422,29,38,178.089996337891
200922.790326637,5023761.41821422,1285,1285,200672.790326637,5024011.41821422,201172.790326637,5023511.41821422,30,38,171.690002441406
200922.790326637,5023261.41821422,1286,1286,200672.790326637,5023511.41821422,201172.790326637,5023011.41821422,31,38,191.06999206543
200922.790326637,5022761.41821422,1287,1287,200672.790326637,5023011.41821422,201172.790326637,5022511.41821422,32,38,199
201422.790326637,5038761.41821422,1288,1288,201172.790326637,5039011.41821422,201672.790326637,5038511.41821422,0,39,252.610000610352
201422.790326637,5038261.41821422,1289,1289,201172.790326637,5038511.41821422,201672.790326637,5038011.41821422,1,39,247.199996948242
201422.790326637,5037761.41821422,1290,1290,201172.790326637,5038011.41821422,201672.790326637,5037511.41821422,2,39,242.860000610352
201422.790326637,5037261.41821422,1291,1291,201172.790326637,5037511.41821422,201672.790326637,5037011.41821422,3,39,239.369995117188
201422.790326637,5036761.41821422,1292,1292,201172.790326637,5037011.41821422,201672.790326637,5036511.41821422,4,39,228.899993896484
201422.790326637,5036261.41821422,1293,1293,201172.790326637,5036511.41821422,201672.790326637,5036011.41821422,5,39,218.269989013672
201422.790326637,5035761.41821422,1294,1294,201172.790326637,5036011.41821422,201672.790326637,5035511.41821422,6,39,211.149993896484
201422.790326637,5035261.41821422,1295,1295,201172.790326637,5035511.41821422,201672.790326637,5035011.41821422,7,39,183.629989624023
201422.790326637,5034761.41821422,1296,1296,201172.790326637,5035011.41821422,201672.790326637,5034511.41821422,8,39,231.869995117188
201422.790326637,5034261.41821422,1297,1297,201172.790326637,5034511.41821422,201672.790326637,5034011.41821422,9,39,265.040008544922
201422.790326637,5033761.41821422,1298,1298,201172.790326637,5034011.41821422,201672.790326637,5033511.41821422,10,39,294.720001220703
201422.790326637,5033261.41821422,1299,1299,201172.790326637,5033511.41821422,201672.790326637,5033011.41821422,11,39,273.239990234375
201422.790326637,5032761.41821422,1300,1300,201172.790326637,5033011.41821422,201672.790326637,5032511.41821422,12,39,280.570007324219
201422.790326637,5032261.41821422,1301,1301,201172.790326637,5032511.41821422,201672.790326637,5032011.41821422,13,39,294.299987792969
201422.790326637,5031761.41821422,1302,1302,201172.790326637,5032011.41821422,201672.790326637,5031511.41821422,14,39,279.529998779297
201422.790326637,5031261.41821422,1303,1303,201172.790326637,5031511.41821422,201672.790326637,5031011.41821422,15,39,293.169982910156
201422.790326637,5030761.41821422,1304,1304,201172.790326637,5031011.41821422,201672.790326637,5030511.41821422,16,39,292.199981689453
201422.790326637,5030261.41821422,1305,1305,201172.790326637,5030511.41821422,201672.790326637,5030011.41821422,17,39,282.699981689453
201422.790326637,5029761.41821422,1306,1306,201172.790326637,5030011.41821422,201672.790326637,5029511.41821422,18,39,262.75
201422.790326637,5029261.41821422,1307,1307,201172.790326637,5029511.41821422,201672.790326637,5029011.41821422,19,39,238.479995727539
201422.790326637,5028761.41821422,1308,1308,201172.790326637,5029011.41821422,201672.790326637,5028511.41821422,20,39,219.779998779297
201422.790326637,5028261.41821422,1309,1309,201172.790326637,5028511.41821422,201672.790326637,5028011.41821422,21,39,191.869995117188
201422.790326637,5027761.41821422,1310,1310,201172.790326637,5028011.41821422,201672.790326637,5027511.41821422,22,39,166.789993286133
201422.790326637,5027261.41821422,1311,1311,201172.790326637,5027511.41821422,201672.790326637,5027011.41821422,23,39,145.699996948242
201422.790326637,5026761.41821422,1312,1312,201172.790326637,5027011.41821422,201672.790326637,5026511.41821422,24,39,186.90998840332
201422.790326637,5026261.41821422,1313,1313,201172.790326637,5026511.41821422,201672.790326637,5026011.41821422,25,39,180.459991455078
201422.790326637,5025761.41821422,1314,1314,201172.790326637,5026011.41821422,201672.790326637,5025511.41821422,26,39,163.330001831055
201422.790326637,5025261.41821422,1315,1315,201172.790326637,5025511.41821422,201672.790326637,5025011.41821422,27,39,155.81999206543
201422.790326637,5024761.41821422,1316,1316,201172.790326637,5025011.41821422,201672.790326637,5024511.41821422,28,39,167.229995727539
201422.790326637,5024261.41821422,1317,1317,201172.790326637,5024511.41821422,201672.790326637,5024011.41821422,29,39,196
201422.790326637,5023761.41821422,1318,1318,201172.790326637,5024011.41821422,201672.790326637,5023511.41821422,30,39,199.759994506836
201422.790326637,5023261.41821422,1319,1319,201172.790326637,5023511.41821422,201672.790326637,5023011.41821422,31,39,211.470001220703
201422.790326637,5022761.41821422,1320,1320,201172.790326637,5023011.41821422,201672.790326637,5022511.41821422,32,39,209.610000610352
201922.790326637,5038761.41821422,1321,1321,201672.790326637,5039011.41821422,202172.790326637,5038511.41821422,0,40,247.360000610352
201922.790326637,5038261.41821422,1322,1322,201672.790326637,5038511.41821422,202172.790326637,5038011.41821422,1,40,236.5
201922.790326637,5037761.41821422,1323,1323,201672.790326637,5038011.41821422,202172.790326637,5037511.41821422,2,40,227.059997558594
201922.790326637,5037261.41821422,1324,1324,201672.790326637,5037511.41821422,202172.790326637,5037011.41821422,3,40,222.889999389648
201922.790326637,5036761.41821422,1325,1325,201672.790326637,5037011.41821422,202172.790326637,5036511.41821422,4,40,210.709991455078
201922.790326637,5036261.41821422,1326,1326,201672.790326637,5036511.41821422,202172.790326637,5036011.41821422,5,40,239.449996948242
201922.790326637,5035761.41821422,1327,1327,201672.790326637,5036011.41821422,202172.790326637,5035511.41821422,6,40,217.029998779297
201922.790326637,5035261.41821422,1328,1328,201672.790326637,5035511.41821422,202172.790326637,5035011.41821422,7,40,183.589996337891
201922.790326637,5034761.41821422,1329,1329,201672.790326637,5035011.41821422,202172.790326637,5034511.41821422,8,40,216.479995727539
201922.790326637,5034261.41821422,1330,1330,201672.790326637,5034511.41821422,202172.790326637,5034011.41821422,9,40,263.359985351562
201922.790326637,5033761.41821422,1331,1331,201672.790326637,5034011.41821422,202172.790326637,5033511.41821422,10,40,261.97998046875
201922.790326637,5033261.41821422,1332,1332,201672.790326637,5033511.41821422,202172.790326637,5033011.41821422,11,40,279.720001220703
201922.790326637,5032761.41821422,1333,1333,201672.790326637,5033011.41821422,202172.790326637,5032511.41821422,12,40,308.179992675781
201922.790326637,5032261.41821422,1334,1334,201672.790326637,5032511.41821422,202172.790326637,5032011.41821422,13,40,297.259979248047
201922.790326637,5031761.41821422,1335,1335,201672.790326637,5032011.41821422,202172.790326637,5031511.41821422,14,40,306.019989013672
201922.790326637,5031261.41821422,1336,1336,201672.790326637,5031511.41821422,202172.790326637,5031011.41821422,15,40,293.149993896484
201922.790326637,5030761.41821422,1337,1337,201672.790326637,5031011.41821422,202172.790326637,5030511.41821422,16,40,292.359985351562
201922.790326637,5030261.41821422,1338,1338,201672.790326637,5030511.41821422,202172.790326637,5030011.41821422,17,40,263.009979248047
201922.790326637,5029761.41821422,1339,1339,201672.790326637,5030011.41821422,202172.790326637,5029511.41821422,18,40,232.209991455078
201922.790326637,5029261.41821422,1340,1340,201672.790326637,5029511.41821422,202172.790326637,5029011.41821422,19,40,213.149993896484
201922.790326637,5028761.41821422,1341,1341,201672.790326637,5029011.41821422,202172.790326637,5028511.41821422,20,40,150.559997558594
201922.790326637,5028261.41821422,1342,1342,201672.790326637,5028511.41821422,202172.790326637,5028011.41821422,21,40,150.940002441406
201922.790326637,5027761.41821422,1343,1343,201672.790326637,5028011.41821422,202172.790326637,5027511.41821422,22,40,165.660003662109
201922.790326637,5027261.41821422,1344,1344,201672.790326637,5027511.41821422,202172.790326637,5027011.41821422,23,40,172.690002441406
201922.790326637,5026761.41821422,1345,1345,201672.790326637,5027011.41821422,202172.790326637,5026511.41821422,24,40,193.81999206543
201922.790326637,5026261.41821422,1346,1346,201672.790326637,5026511.41821422,202172.790326637,5026011.41821422,25,40,199.779998779297
201922.790326637,5025761.41821422,1347,1347,201672.790326637,5026011.41821422,202172.790326637,5025511.41821422,26,40,189.65998840332
201922.790326637,5025261.41821422,1348,1348,201672.790326637,5025511.41821422,202172.790326637,5025011.41821422,27,40,198.379989624023
201922.790326637,5024761.41821422,1349,1349,201672.790326637,5025011.41821422,202172.790326637,5024511.41821422,28,40,204.509994506836
201922.790326637,5024261.41821422,1350,1350,201672.790326637,5024511.41821422,202172.790326637,5024011.41821422,29,40,189.539993286133
201922.790326637,5023761.41821422,1351,1351,201672.790326637,5024011.41821422,202172.790326637,5023511.41821422,30,40,220.879989624023
201922.790326637,5023261.41821422,1352,1352,201672.790326637,5023511.41821422,202172.790326637,5023011.41821422,31,40,220.889999389648
201922.790326637,5022761.41821422,1353,1353,201672.790326637,5023011.41821422,202172.790326637,5022511.41821422,32,40,225.899993896484
202422.790326637,5038761.41821422,1354,1354,202172.790326637,5039011.41821422,202672.790326637,5038511.41821422,0,41,247.449996948242
202422.790326637,5038261.41821422,1355,1355,202172.790326637,5038511.41821422,202672.790326637,5038011.41821422,1,41,246.269989013672
202422.790326637,5037761.41821422,1356,1356,202172.790326637,5038011.41821422,202672.790326637,5037511.41821422,2,41,239.279998779297
202422.790326637,5037261.41821422,1357,1357,202172.790326637,5037511.41821422,202672.790326637,5037011.41821422,3,41,222.809997558594
202422.790326637,5036761.41821422,1358,1358,202172.790326637,5037011.41821422,202672.790326637,5036511.41821422,4,41,225.440002441406
202422.790326637,5036261.41821422,1359,1359,202172.790326637,5036511.41821422,202672.790326637,5036011.41821422,5,41,218.349990844727
202422.790326637,5035761.41821422,1360,1360,202172.790326637,5036011.41821422,202672.790326637,5035511.41821422,6,41,217.369995117188
202422.790326637,5035261.41821422,1361,1361,202172.790326637,5035511.41821422,202672.790326637,5035011.41821422,7,41,199.959991455078
202422.790326637,5034761.41821422,1362,1362,202172.790326637,5035011.41821422,202672.790326637,5034511.41821422,8,41,205.229995727539
202422.790326637,5034261.41821422,1363,1363,202172.790326637,5034511.41821422,202672.790326637,5034011.41821422,9,41,236.419998168945
202422.790326637,5033761.41821422,1364,1364,202172.790326637,5034011.41821422,202672.790326637,5033511.41821422,10,41,253.459991455078
202422.790326637,5033261.41821422,1365,1365,202172.790326637,5033511.41821422,202672.790326637,5033011.41821422,11,41,282.540008544922
202422.790326637,5032761.41821422,1366,1366,202172.790326637,5033011.41821422,202672.790326637,5032511.41821422,12,41,304.769989013672
202422.790326637,5032261.41821422,1367,1367,202172.790326637,5032511.41821422,202672.790326637,5032011.41821422,13,41,278.72998046875
202422.790326637,5031761.41821422,1368,1368,202172.790326637,5032011.41821422,202672.790326637,5031511.41821422,14,41,279.959991455078
202422.790326637,5031261.41821422,1369,1369,202172.790326637,5031511.41821422,202672.790326637,5031011.41821422,15,41,274.149993896484
202422.790326637,5030761.41821422,1370,1370,202172.790326637,5031011.41821422,202672.790326637,5030511.41821422,16,41,228.40998840332
202422.790326637,5030261.41821422,1371,1371,202172.790326637,5030511.41821422,202672.790326637,5030011.41821422,17,41,179.080001831055
202422.790326637,5029761.41821422,1372,1372,202172.790326637,5030011.41821422,202672.790326637,5029511.41821422,18,41,163.839996337891
202422.790326637,5029261.41821422,1373,1373,202172.790326637,5029511.41821422,202672.790326637,5029011.41821422,19,41,147.809997558594
202422.790326637,5028761.41821422,1374,1374,202172.790326637,5029011.41821422,202672.790326637,5028511.41821422,20,41,156.979995727539
202422.790326637,5028261.41821422,1375,1375,202172.790326637,5028511.41821422,202672.790326637,5028011.41821422,21,41,196.300003051758
202422.790326637,5027761.41821422,1376,1376,202172.790326637,5028011.41821422,202672.790326637,5027511.41821422,22,41,204.979995727539
202422.790326637,5027261.41821422,1377,1377,202172.790326637,5027511.41821422,202672.790326637,5027011.41821422,23,41,206.759994506836
202422.790326637,5026761.41821422,1378,1378,202172.790326637,5027011.41821422,202672.790326637,5026511.41821422,24,41,212.509994506836
202422.790326637,5026261.41821422,1379,1379,202172.790326637,5026511.41821422,202672.790326637,5026011.41821422,25,41,218.839996337891
202422.790326637,5025761.41821422,1380,1380,202172.790326637,5026011.41821422,202672.790326637,5025511.41821422,26,41,232.5
202422.790326637,5025261.41821422,1381,1381,202172.790326637,5025511.41821422,202672.790326637,5025011.41821422,27,41,235.220001220703
202422.790326637,5024761.41821422,1382,1382,202172.790326637,5025011.41821422,202672.790326637,5024511.41821422,28,41,236.599990844727
202422.790326637,5024261.41821422,1383,1383,202172.790326637,5024511.41821422,202672.790326637,5024011.41821422,29,41,233.589996337891
202422.790326637,5023761.41821422,1384,1384,202172.790326637,5024011.41821422,202672.790326637,5023511.41821422,30,41,236.939987182617
202422.790326637,5023261.41821422,1385,1385,202172.790326637,5023511.41821422,202672.790326637,5023011.41821422,31,41,234.40998840332
202422.790326637,5022761.41821422,1386,1386,202172.790326637,5023011.41821422,202672.790326637,5022511.41821422,32,41,225.139999389648
