Temps,812,813,814,815,816,817,818,845,846,847,848,849,850,851,878,879,880,881,882,883,884,911,912,913,914,915,916,917
2025-05-17 00:00:00,0.0,0.0,0.0,0.0,0.0,0.0,0.0,0.0,0.0,0.0,0.0,0.0,0.0,0.0,0.0,0.0,0.0,0.0,0.0,0.0,0.0,0.0,0.0,0.0,0.0,0.0,0.0,0.0
2025-05-17 00:05:00,0.007626304706808216,0.007653259776708137,0.007640279094135058,0.007624343651849307,0.007642818323004634,0.007711405001379822,0.007835780630018588,0.007660999495894824,0.007678591969090983,0.007657064801229716,0.007626353729893927,0.007639882452444735,0.007703903701820773,0.007827003850775047,0.0076096710226798165,0.007621214170413185,0.007591276545765306,0.007536274051026893,0.007519786849013952,0.0076023589235649685,0.007778263251666282,0.007507067278233333,0.007489348444477181,0.007461557030101107,0.0073909318177885035,0.0073133993722296455,0.007442229325129847,0.0077162737052301955
2025-05-17 00:10:00,0.0,0.0,0.0,0.0,0.0,0.0,0.0,0.0,0.0,0.0,0.0,0.0,0.0,0.0,0.0,0.0,0.0,0.0,0.0,0.0,0.0,0.0,0.0,0.0,0.0,0.0,0.0,0.0
2025-05-17 00:15:00,0.0,0.0,0.0,0.0,0.0,0.0,0.0,0.0,0.0,0.0,0.0,0.0,0.0,0.0,0.0,0.0,0.0,0.0,0.0,0.0,0.0,0.0,0.0,0.0,0.0,0.0,0.0,0.0
2025-05-17 00:20:00,0.0,0.0,0.0,0.0,0.0,0.0,0.0,0.0,0.0,0.0,0.0,0.0,0.0,0.0,0.0,0.0,0.0,0.0,0.0,0.0,0.0,0.0,0.0,0.0,0.0,0.0,0.0,0.0
2025-05-17 00:25:00,0.0,0.0,0.0,0.0,0.0,0.0,0.0,0.0,0.0,0.0,0.0,0.0,0.0,0.0,0.0,0.0,0.0,0.0,0.0,0.0,0.0,0.0,0.0,0.0,0.0,0.0,0.0,0.0
2025-05-17 00:30:00,0.0,0.0,0.0,0.0,0.0,0.0,0.0,0.0,0.0,0.0,0.0,0.0,0.0,0.0,0.0,0.0,0.0,0.0,0.0,0.0,0.0,0.0,0.0,0.0,0.0,0.0,0.0,0.0
2025-05-17 00:35:00,0.0,0.0,0.0,0.0,0.0,0.0,0.0,0.0,0.0,0.0,0.0,0.0,0.0,0.0,0.0,0.0,0.0,0.0,0.0,0.0,0.0,0.0,0.0,0.0,0.0,0.0,0.0,0.0
2025-05-17 00:40:00,0.0,0.0,0.0,0.0,0.0,0.0,0.0,0.0,0.0,0.0,0.0,0.0,0.0,0.0,0.0,0.0,0.0,0.0,0.0,0.0,0.0,0.0,0.0,0.0,0.0,0.0,0.0,0.0
2025-05-17 00:45:00,0.0,0.0,0.0,0.0,0.0,0.0,0.0,0.0,0.0,0.0,0.0,0.0,0.0,0.0,0.0,0.0,0.0,0.0,0.0,0.0,0.0,0.0,0.0,0.0,0.0,0.0,0.0,0.0
2025-05-17 00:50:00,0.0,0.0,0.0,0.0,0.0,0.0,0.0,0.0,0.0,0.0,0.0,0.0,0.0,0.0,0.0,0.0,0.0,0.0,0.0,0.0,0.0,0.0,0.0,0.0,0.0,0.0,0.0,0.0
2025-05-17 00:55:00,0.0,0.0,0.0,0.0,0.0,0.0,0.0,0.0,0.0,0.0,0.0,0.0,0.0,0.0,0.0,0.0,0.0,0.0,0.0,0.0,0.0,0.0,0.0,0.0,0.0,0.0,0.0,0.0
2025-05-17 01:00:00,0.0,0.0,0.0,0.0,0.0,0.0,0.0,0.0,0.0,0.0,0.0,0.0,0.0,0.0,0.0,0.0,0.0,0.0,0.0,0.0,0.0,0.0,0.0,0.0,0.0,0.0,0.0,0.0
2025-05-17 01:05:00,0.0,0.0,0.0,0.0,0.0,0.0,0.0,0.0,0.0,0.0,0.0,0.0,0.0,0.0,0.0,0.0,0.0,0.0,0.0,0.0,0.0,0.0,0.0,0.0,0.0,0.0,0.0,0.0
2025-05-17 01:10:00,0.0,0.0,0.0,0.0,0.0,0.0,0.0,0.0,0.0,0.0,0.0,0.0,0.0,0.0,0.0,0.0,0.0,0.0,0.0,0.0,0.0,0.0,0.0,0.0,0.0,0.0,0.0,0.0
2025-05-17 01:15:00,0.0,0.0,0.0,0.0,0.0,0.0,0.0,0.0,0.0,0.0,0.0,0.0,0.0,0.0,0.0,0.0,0.0,0.0,0.0,0.0,0.0,0.0,0.0,0.0,0.0,0.0,0.0,0.0
2025-05-17 01:20:00,0.0,0.0,0.0,0.0,0.0,0.0,0.0,0.0,0.0,0.0,0.0,0.0,0.0,0.0,0.0,0.0,0.0,0.0,0.0,0.0,0.0,0.0,0.0,0.0,0.0,0.0,0.0,0.0
2025-05-17 01:25:00,0.0,0.0,0.0,0.0,0.0,0.0,0.0,0.0,0.0,0.0,0.0,0.0,0.0,0.0,0.0,0.0,0.0,0.0,0.0,0.0,0.0,0.0,0.0,0.0,0.0,0.0,0.0,0.0
2025-05-17 01:30:00,0.0,0.0,0.0,0.0,0.0,0.0,0.0,0.0,0.0,0.0,0.0,0.0,0.0,0.0,0.0,0.0,0.0,0.0,0.0,0.0,0.0,0.0,0.0,0.0,0.0,0.0,0.0,0.0
2025-05-17 01:35:00,0.0,0.0,0.0,0.0,0.0,0.0,0.0,0.0,0.0,0.0,0.0,0.0,0.0,0.0,0.0,0.0,0.0,0.0,0.0,0.0,0.0,0.0,0.0,0.0,0.0,0.0,0.0,0.0
2025-05-17 01:40:00,0.0,0.0,0.0,0.0,0.0,0.0,0.0,0.0,0.0,0.0,0.0,0.0,0.0,0.0,0.0,0.0,0.0,0.0,0.0,0.0,0.0,0.0,0.0,0.0,0.0,0.0,0.0,0.0
2025-05-17 01:45:00,0.0,0.0,0.0,0.0,0.0,0.0,0.0,0.0,0.0,0.0,0.0,0.0,0.0,0.0,0.0,0.0,0.0,0.0,0.0,0.0,0.0,0.0,0.0,0.0,0.0,0.0,0.0,0.0
2025-05-17 01:50:00,0.0,0.0,0.0,0.0,0.0,0.0,0.0,0.0,0.0,0.0,0.0,0.0,0.0,0.0,0.0,0.0,0.0,0.0,0.0,0.0,0.0,0.0,0.0,0.0,0.0,0.0,0.0,0.0
2025-05-17 01:55:00,0.004452885327202341,0.004613407705975182,0.004539940901210518,0.004445185886634114,0.004544214099356023,0.00492659211261403,0.005618878206398468,0.004689466571077338,0.0048086880268103285,0.004692606288937724,0.004513607083820383,0.004577963151706977,0.004924149593691973,0.005602329012491123,0.004465096074992702,0.004558667367420858,0.004396805351017096,0.004079138223964258,0.003969990433720736,0.0044052107479321005,0.005360906970519669,0.0039684419766670125,0.003900413640565335,0.0037431574157376505,0.0033310121440409974,0.0028801411511300886,0.003558492377099857,0.005037496755386398
2025-05-17 02:00:00,0.0,0.0,0.0,0.0,0.0,0.0,0.0,0.0,0.0,0.0,0.0,0.0,0.0,0.0,0.0,0.0,0.0,0.0,0.0,0.0,0.0,0.0,0.0,0.0,0.0,0.0,0.0,0.0
2025-05-17 02:05:00,0.0,0.0,0.0,0.0,0.0,0.0,0.0,0.0,0.0,0.0,0.0,0.0,0.0,0.0,0.0,0.0,0.0,0.0,0.0,0.0,0.0,0.0,0.0,0.0,0.0,0.0,0.0,0.0
2025-05-17 02:10:00,0.0,0.0,0.0,0.0,0.0,0.0,0.0,0.0,0.0,0.0,0.0,0.0,0.0,0.0,0.0,0.0,0.0,0.0,0.0,0.0,0.0,0.0,0.0,0.0,0.0,0.0,0.0,0.0
2025-05-17 02:15:00,0.0,0.0,0.0,0.0,0.0,0.0,0.0,0.0,0.0,0.0,0.0,0.0,0.0,0.0,0.0,0.0,0.0,0.0,0.0,0.0,0.0,0.0,0.0,0.0,0.0,0.0,0.0,0.0
2025-05-17 02:20:00,0.0,0.0,0.0,0.0,0.0,0.0,0.0,0.0,0.0,0.0,0.0,0.0,0.0,0.0,0.0,0.0,0.0,0.0,0.0,0.0,0.0,0.0,0.0,0.0,0.0,0.0,0.0,0.0
2025-05-17 02:25:00,0.0,0.0,0.0,0.0,0.0,0.0,0.0,0.0,0.0,0.0,0.0,0.0,0.0,0.0,0.0,0.0,0.0,0.0,0.0,0.0,0.0,0.0,0.0,0.0,0.0,0.0,0.0,0.0
2025-05-17 02:30:00,0.0,0.0,0.0,0.0,0.0,0.0,0.0,0.0,0.0,0.0,0.0,0.0,0.0,0.0,0.0,0.0,0.0,0.0,0.0,0.0,0.0,0.0,0.0,0.0,0.0,0.0,0.0,0.0
2025-05-17 02:35:00,0.0,0.0,0.0,0.0,0.0,0.0,0.0,0.0,0.0,0.0,0.0,0.0,0.0,0.0,0.0,0.0,0.0,0.0,0.0,0.0,0.0,0.0,0.0,0.0,0.0,0.0,0.0,0.0
2025-05-17 02:40:00,0.0,0.0,0.0,0.0,0.0,0.0,0.0,0.0,0.0,0.0,0.0,0.0,0.0,0.0,0.0,0.0,0.0,0.0,0.0,0.0,0.0,0.0,0.0,0.0,0.0,0.0,0.0,0.0
2025-05-17 02:45:00,0.005294053439169223,0.005417853240451272,0.005360643910105458,0.005287653935917041,0.005366028701044023,0.005665532280963542,0.006207798892016535,0.005472634560183893,0.005561872253199685,0.005470027442471267,0.0053310546232478075,0.005383215501704302,0.0056560936870557596,0.0061886293222906666,0.005287087143717437,0.005354600865076504,0.005226369830460524,0.00497900394402033,0.004896028772149799,0.0052409573177206945,0.005993787535808605,0.004885933093824485,0.004826558143243433,0.0047029309922081075,0.00438248784278691,0.004031756487012197,0.00456953108496863,0.005736367310639522
2025-05-17 02:50:00,0.0,0.0,0.0,0.0,0.0,0.0,0.0,0.0,0.0,0.0,0.0,0.0,0.0,0.0,0.0,0.0,0.0,0.0,0.0,0.0,0.0,0.0,0.0,0.0,0.0,0.0,0.0,0.0
2025-05-17 02:55:00,0.0,0.0,0.0,0.0,0.0,0.0,0.0,0.0,0.0,0.0,0.0,0.0,0.0,0.0,0.0,0.0,0.0,0.0,0.0,0.0,0.0,0.0,0.0,0.0,0.0,0.0,0.0,0.0
2025-05-17 03:00:00,0.0,0.0,0.0,0.0,0.0,0.0,0.0,0.0,0.0,0.0,0.0,0.0,0.0,0.0,0.0,0.0,0.0,0.0,0.0,0.0,0.0,0.0,0.0,0.0,0.0,0.0,0.0,0.0
2025-05-17 03:05:00,0.0,0.0,0.0,0.0,0.0,0.0,0.0,0.0,0.0,0.0,0.0,0.0,0.0,0.0,0.0,0.0,0.0,0.0,0.0,0.0,0.0,0.0,0.0,0.0,0.0,0.0,0.0,0.0
2025-05-17 03:10:00,0.0,0.0,0.0,0.0,0.0,0.0,0.0,0.0,0.0,0.0,0.0,0.0,0.0,0.0,0.0,0.0,0.0,0.0,0.0,0.0,0.0,0.0,0.0,0.0,0.0,0.0,0.0,0.0
2025-05-17 03:15:00,0.0,0.0,0.0,0.0,0.0,0.0,0.0,0.0,0.0,0.0,0.0,0.0,0.0,0.0,0.0,0.0,0.0,0.0,0.0,0.0,0.0,0.0,0.0,0.0,0.0,0.0,0.0,0.0
2025-05-17 03:20:00,0.004452885327202418,0.004613407705975259,0.004539940901210597,0.004445185886634191,0.004544214099356093,0.0049265921126140965,0.005618878206398545,0.004689466571077409,0.004808688026810414,0.0046926062889378,0.004513607083820452,0.00457796315170705,0.004924149593692047,0.005602329012491199,0.004465096074992773,0.004558667367420936,0.004396805351017165,0.004079138223964316,0.003969990433720794,0.004405210747932163,0.00536090697051974,0.003968441976667082,0.0039004136405654125,0.003743157415737707,0.003331012144041053,0.002880141151130132,0.003558492377099912,0.005037496755386471
2025-05-17 03:25:00,0.0,0.0,0.0,0.0,0.0,0.0,0.0,0.0,0.0,0.0,0.0,0.0,0.0,0.0,0.0,0.0,0.0,0.0,0.0,0.0,0.0,0.0,0.0,0.0,0.0,0.0,0.0,0.0
2025-05-17 03:30:00,0.0,0.0,0.0,0.0,0.0,0.0,0.0,0.0,0.0,0.0,0.0,0.0,0.0,0.0,0.0,0.0,0.0,0.0,0.0,0.0,0.0,0.0,0.0,0.0,0.0,0.0,0.0,0.0
2025-05-17 03:35:00,0.0,0.0,0.0,0.0,0.0,0.0,0.0,0.0,0.0,0.0,0.0,0.0,0.0,0.0,0.0,0.0,0.0,0.0,0.0,0.0,0.0,0.0,0.0,0.0,0.0,0.0,0.0,0.0
2025-05-17 03:40:00,0.0,0.0,0.0,0.0,0.0,0.0,0.0,0.0,0.0,0.0,0.0,0.0,0.0,0.0,0.0,0.0,0.0,0.0,0.0,0.0,0.0,0.0,0.0,0.0,0.0,0.0,0.0,0.0
2025-05-17 03:45:00,0.0,0.0,0.0,0.0,0.0,0.0,0.0,0.0,0.0,0.0,0.0,0.0,0.0,0.0,0.0,0.0,0.0,0.0,0.0,0.0,0.0,0.0,0.0,0.0,0.0,0.0,0.0,0.0
2025-05-17 03:50:00,0.0,0.0,0.0,0.0,0.0,0.0,0.0,0.0,0.0,0.0,0.0,0.0,0.0,0.0,0.0,0.0,0.0,0.0,0.0,0.0,0.0,0.0,0.0,0.0,0.0,0.0,0.0,0.0
2025-05-17 03:55:00,0.0,0.0,0.0,0.0,0.0,0.0,0.0,0.0,0.0,0.0,0.0,0.0,0.0,0.0,0.0,0.0,0.0,0.0,0.0,0.0,0.0,0.0,0.0,0.0,0.0,0.0,0.0,0.0
2025-05-17 04:00:00,0.0,0.0,0.0,0.0,0.0,0.0,0.0,0.0,0.0,0.0,0.0,0.0,0.0,0.0,0.0,0.0,0.0,0.0,0.0,0.0,0.0,0.0,0.0,0.0,0.0,0.0,0.0,0.0
2025-05-17 04:05:00,0.0,0.0,0.0,0.0,0.0,0.0,0.0,0.0,0.0,0.0,0.0,0.0,0.0,0.0,0.0,0.0,0.0,0.0,0.0,0.0,0.0,0.0,0.0,0.0,0.0,0.0,0.0,0.0
2025-05-17 04:10:00,0.0,0.0,0.0,0.0,0.0,0.0,0.0,0.0,0.0,0.0,0.0,0.0,0.0,0.0,0.0,0.0,0.0,0.0,0.0,0.0,0.0,0.0,0.0,0.0,0.0,0.0,0.0,0.0
2025-05-17 04:15:00,0.0,0.0,0.0,0.0,0.0,0.0,0.0,0.0,0.0,0.0,0.0,0.0,0.0,0.0,0.0,0.0,0.0,0.0,0.0,0.0,0.0,0.0,0.0,0.0,0.0,0.0,0.0,0.0
2025-05-17 04:20:00,0.0,0.0,0.0,0.0,0.0,0.0,0.0,0.0,0.0,0.0,0.0,0.0,0.0,0.0,0.0,0.0,0.0,0.0,0.0,0.0,0.0,0.0,0.0,0.0,0.0,0.0,0.0,0.0
2025-05-17 04:25:00,0.0,0.0,0.0,0.0,0.0,0.0,0.0,0.0,0.0,0.0,0.0,0.0,0.0,0.0,0.0,0.0,0.0,0.0,0.0,0.0,0.0,0.0,0.0,0.0,0.0,0.0,0.0,0.0
2025-05-17 04:30:00,0.0,0.0,0.0,0.0,0.0,0.0,0.0,0.0,0.0,0.0,0.0,0.0,0.0,0.0,0.0,0.0,0.0,0.0,0.0,0.0,0.0,0.0,0.0,0.0,0.0,0.0,0.0,0.0
2025-05-17 04:35:00,0.043400142257165514,0.035936673468171344,0.025211865172354665,0.014684484861909137,0.00675358387938908,0.003059794695545256,0.0037118739007576916,0.028699602668679554,0.024211049040458274,0.01710446120017638,0.009839212669162465,0.00473657161959444,0.0033898571958116096,0.004268060910867931,0.016138430200624294,0.013679525157566236,0.009479899552300919,0.0052326111834682,0.002981822106390087,0.003366445909125409,0.004449953107205311,0.007044511375063674,0.005863753139688132,0.004073230639964617,0.002592559622763751,0.002074969314603907,0.0027789857985661063,0.004340136504305193
2025-05-17 04:40:00,0.0,0.0,0.0,0.0,0.0,0.0,0.0,0.0,0.0,0.0,0.0,0.0,0.0,0.0,0.0,0.0,0.0,0.0,0.0,0.0,0.0,0.0,0.0,0.0,0.0,0.0,0.0,0.0
2025-05-17 04:45:00,0.0,0.0,0.0,0.0,0.0,0.0,0.0,0.0,0.0,0.0,0.0,0.0,0.0,0.0,0.0,0.0,0.0,0.0,0.0,0.0,0.0,0.0,0.0,0.0,0.0,0.0,0.0,0.0
2025-05-17 04:50:00,0.0,0.0,0.0,0.0,0.0,0.0,0.0,0.0,0.0,0.0,0.0,0.0,0.0,0.0,0.0,0.0,0.0,0.0,0.0,0.0,0.0,0.0,0.0,0.0,0.0,0.0,0.0,0.0
2025-05-17 04:55:00,0.0,0.0,0.0,0.0,0.0,0.0,0.0,0.0,0.0,0.0,0.0,0.0,0.0,0.0,0.0,0.0,0.0,0.0,0.0,0.0,0.0,0.0,0.0,0.0,0.0,0.0,0.0,0.0
2025-05-17 05:00:00,0.006947413724754464,0.007001986529941866,0.006975880242031539,0.006943369656486999,0.0069796373279246236,0.007116221616138831,0.007363727630312712,0.007022596007311363,0.007059387183839746,0.0070163083208465045,0.006953629140869707,0.006978735735994915,0.00710473729888109,0.007349059737002968,0.006928984141772565,0.006954357896641478,0.006894139857156705,0.006782109396675289,0.006746158359730834,0.006907111681180744,0.007254655494233733,0.006735052904283213,0.006702226130106859,0.006644939370760381,0.006500295011233302,0.0063419040514855925,0.0065930044791761375,0.007133281943429217
2025-05-17 05:05:00,0.0,0.0,0.0,0.0,0.0,0.0,0.0,0.0,0.0,0.0,0.0,0.0,0.0,0.0,0.0,0.0,0.0,0.0,0.0,0.0,0.0,0.0,0.0,0.0,0.0,0.0,0.0,0.0
2025-05-17 05:10:00,0.0,0.0,0.0,0.0,0.0,0.0,0.0,0.0,0.0,0.0,0.0,0.0,0.0,0.0,0.0,0.0,0.0,0.0,0.0,0.0,0.0,0.0,0.0,0.0,0.0,0.0,0.0,0.0
2025-05-17 05:15:00,0.0,0.0,0.0,0.0,0.0,0.0,0.0,0.0,0.0,0.0,0.0,0.0,0.0,0.0,0.0,0.0,0.0,0.0,0.0,0.0,0.0,0.0,0.0,0.0,0.0,0.0,0.0,0.0
2025-05-17 05:20:00,0.0,0.0,0.0,0.0,0.0,0.0,0.0,0.0,0.0,0.0,0.0,0.0,0.0,0.0,0.0,0.0,0.0,0.0,0.0,0.0,0.0,0.0,0.0,0.0,0.0,0.0,0.0,0.0
2025-05-17 05:25:00,0.0,0.0,0.0,0.0,0.0,0.0,0.0,0.0,0.0,0.0,0.0,0.0,0.0,0.0,0.0,0.0,0.0,0.0,0.0,0.0,0.0,0.0,0.0,0.0,0.0,0.0,0.0,0.0
2025-05-17 05:30:00,0.0,0.0,0.0,0.0,0.0,0.0,0.0,0.0,0.0,0.0,0.0,0.0,0.0,0.0,0.0,0.0,0.0,0.0,0.0,0.0,0.0,0.0,0.0,0.0,0.0,0.0,0.0,0.0
2025-05-17 05:35:00,0.0,0.0,0.0,0.0,0.0,0.0,0.0,0.0,0.0,0.0,0.0,0.0,0.0,0.0,0.0,0.0,0.0,0.0,0.0,0.0,0.0,0.0,0.0,0.0,0.0,0.0,0.0,0.0
2025-05-17 05:40:00,0.007626304706808216,0.007653259776708137,0.007640279094135058,0.007624343651849307,0.007642818323004634,0.007711405001379822,0.007835780630018588,0.007660999495894824,0.007678591969090983,0.007657064801229716,0.007626353729893927,0.007639882452444735,0.007703903701820773,0.007827003850775047,0.0076096710226798165,0.007621214170413185,0.007591276545765306,0.007536274051026893,0.007519786849013952,0.0076023589235649685,0.007778263251666282,0.007507067278233333,0.007489348444477181,0.007461557030101107,0.0073909318177885035,0.0073133993722296455,0.007442229325129847,0.0077162737052301955
2025-05-17 05:45:00,0.0,0.0,0.0,0.0,0.0,0.0,0.0,0.0,0.0,0.0,0.0,0.0,0.0,0.0,0.0,0.0,0.0,0.0,0.0,0.0,0.0,0.0,0.0,0.0,0.0,0.0,0.0,0.0
2025-05-17 05:50:00,0.0,0.0,0.0,0.0,0.0,0.0,0.0,0.0,0.0,0.0,0.0,0.0,0.0,0.0,0.0,0.0,0.0,0.0,0.0,0.0,0.0,0.0,0.0,0.0,0.0,0.0,0.0,0.0
2025-05-17 05:55:00,0.0,0.0,0.0,0.0,0.0,0.0,0.0,0.0,0.0,0.0,0.0,0.0,0.0,0.0,0.0,0.0,0.0,0.0,0.0,0.0,0.0,0.0,0.0,0.0,0.0,0.0,0.0,0.0
2025-05-17 06:00:00,0.0,0.0,0.0,0.0,0.0,0.0,0.0,0.0,0.0,0.0,0.0,0.0,0.0,0.0,0.0,0.0,0.0,0.0,0.0,0.0,0.0,0.0,0.0,0.0,0.0,0.0,0.0,0.0
2025-05-17 06:05:00,0.0,0.0,0.0,0.0,0.0,0.0,0.0,0.0,0.0,0.0,0.0,0.0,0.0,0.0,0.0,0.0,0.0,0.0,0.0,0.0,0.0,0.0,0.0,0.0,0.0,0.0,0.0,0.0
2025-05-17 06:10:00,0.0,0.0,0.0,0.0,0.0,0.0,0.0,0.0,0.0,0.0,0.0,0.0,0.0,0.0,0.0,0.0,0.0,0.0,0.0,0.0,0.0,0.0,0.0,0.0,0.0,0.0,0.0,0.0
2025-05-17 06:15:00,0.0,0.0,0.0,0.0,0.0,0.0,0.0,0.0,0.0,0.0,0.0,0.0,0.0,0.0,0.0,0.0,0.0,0.0,0.0,0.0,0.0,0.0,0.0,0.0,0.0,0.0,0.0,0.0
2025-05-17 06:20:00,0.0,0.0,0.0,0.0,0.0,0.0,0.0,0.0,0.0,0.0,0.0,0.0,0.0,0.0,0.0,0.0,0.0,0.0,0.0,0.0,0.0,0.0,0.0,0.0,0.0,0.0,0.0,0.0
2025-05-17 06:25:00,0.0,0.0,0.0,0.0,0.0,0.0,0.0,0.0,0.0,0.0,0.0,0.0,0.0,0.0,0.0,0.0,0.0,0.0,0.0,0.0,0.0,0.0,0.0,0.0,0.0,0.0,0.0,0.0
2025-05-17 06:30:00,0.0,0.0,0.0,0.0,0.0,0.0,0.0,0.0,0.0,0.0,0.0,0.0,0.0,0.0,0.0,0.0,0.0,0.0,0.0,0.0,0.0,0.0,0.0,0.0,0.0,0.0,0.0,0.0
2025-05-17 06:35:00,0.0,0.0,0.0,0.0,0.0,0.0,0.0,0.0,0.0,0.0,0.0,0.0,0.0,0.0,0.0,0.0,0.0,0.0,0.0,0.0,0.0,0.0,0.0,0.0,0.0,0.0,0.0,0.0
2025-05-17 06:40:00,0.007877016809756781,0.008243850197091675,0.008076488957190464,0.00785931660079616,0.008081957772717002,0.008948060074752745,0.010516296090730543,0.008424551904043856,0.00870171120370828,0.008439988515125322,0.008031898403652005,0.00817426950944971,0.008955359972289105,0.010489391397816482,0.007933499734219253,0.00815539807428553,0.00779082965411603,0.007068119973075997,0.006816008253011617,0.007794685643875927,0.009952276662575157,0.006829966904433645,0.006686328295515372,0.006330352709278209,0.00539186993996995,0.00436562332981407,0.005890777428223359,0.009226664043074113
2025-05-17 06:45:00,0.0,0.0,0.0,0.0,0.0,0.0,0.0,0.0,0.0,0.0,0.0,0.0,0.0,0.0,0.0,0.0,0.0,0.0,0.0,0.0,0.0,0.0,0.0,0.0,0.0,0.0,0.0,0.0
2025-05-17 06:50:00,0.0,0.0,0.0,0.0,0.0,0.0,0.0,0.0,0.0,0.0,0.0,0.0,0.0,0.0,0.0,0.0,0.0,0.0,0.0,0.0,0.0,0.0,0.0,0.0,0.0,0.0,0.0,0.0
2025-05-17 06:55:00,0.0,0.0,0.0,0.0,0.0,0.0,0.0,0.0,0.0,0.0,0.0,0.0,0.0,0.0,0.0,0.0,0.0,0.0,0.0,0.0,0.0,0.0,0.0,0.0,0.0,0.0,0.0,0.0
2025-05-17 07:00:00,0.0,0.0,0.0,0.0,0.0,0.0,0.0,0.0,0.0,0.0,0.0,0.0,0.0,0.0,0.0,0.0,0.0,0.0,0.0,0.0,0.0,0.0,0.0,0.0,0.0,0.0,0.0,0.0
2025-05-17 07:05:00,0.0,0.0,0.0,0.0,0.0,0.0,0.0,0.0,0.0,0.0,0.0,0.0,0.0,0.0,0.0,0.0,0.0,0.0,0.0,0.0,0.0,0.0,0.0,0.0,0.0,0.0,0.0,0.0
2025-05-17 07:10:00,0.0,0.0,0.0,0.0,0.0,0.0,0.0,0.0,0.0,0.0,0.0,0.0,0.0,0.0,0.0,0.0,0.0,0.0,0.0,0.0,0.0,0.0,0.0,0.0,0.0,0.0,0.0,0.0
2025-05-17 07:15:00,0.0,0.0,0.0,0.0,0.0,0.0,0.0,0.0,0.0,0.0,0.0,0.0,0.0,0.0,0.0,0.0,0.0,0.0,0.0,0.0,0.0,0.0,0.0,0.0,0.0,0.0,0.0,0.0
2025-05-17 07:20:00,0.0,0.0,0.0,0.0,0.0,0.0,0.0,0.0,0.0,0.0,0.0,0.0,0.0,0.0,0.0,0.0,0.0,0.0,0.0,0.0,0.0,0.0,0.0,0.0,0.0,0.0,0.0,0.0
2025-05-17 07:25:00,0.004452885327202418,0.004613407705975259,0.004539940901210597,0.004445185886634191,0.004544214099356093,0.0049265921126140965,0.005618878206398545,0.004689466571077409,0.004808688026810414,0.0046926062889378,0.004513607083820452,0.00457796315170705,0.004924149593692047,0.005602329012491199,0.004465096074992773,0.004558667367420936,0.004396805351017165,0.004079138223964316,0.003969990433720794,0.004405210747932163,0.00536090697051974,0.003968441976667082,0.0039004136405654125,0.003743157415737707,0.003331012144041053,0.002880141151130132,0.003558492377099912,0.005037496755386471
2025-05-17 07:30:00,0.0,0.0,0.0,0.0,0.0,0.0,0.0,0.0,0.0,0.0,0.0,0.0,0.0,0.0,0.0,0.0,0.0,0.0,0.0,0.0,0.0,0.0,0.0,0.0,0.0,0.0,0.0,0.0
2025-05-17 07:35:00,0.0,0.0,0.0,0.0,0.0,0.0,0.0,0.0,0.0,0.0,0.0,0.0,0.0,0.0,0.0,0.0,0.0,0.0,0.0,0.0,0.0,0.0,0.0,0.0,0.0,0.0,0.0,0.0
2025-05-17 07:40:00,-0.014713426988196115,-0.015989866836458894,-0.015842747784310492,-0.016097760828936793,-0.018167138107704685,-0.022840001944670726,-0.029488713488331854,-0.016572969779041224,-0.017634996367845997,-0.0173920612202512,-0.016987208286533145,-0.01756799584036515,-0.01989916012284575,-0.023568987889342603,-0.01682677899224223,-0.01703668015540699,-0.01619575802989039,-0.01464810351930167,-0.013283706517924255,-0.013662631295917067,-0.015364885596630563,-0.015659267090870687,-0.014766246645184588,-0.013382045306280066,-0.01061500154319242,-0.006288811915154335,-0.005026847211788277,-0.005765318773357059
2025-05-17 07:45:00,-0.0520629507278915,-0.05584293430071927,-0.055525775502141064,-0.05270774478586445,-0.04969023995718833,-0.048264211265007136,-0.04743395348753486,-0.05908808947747434,-0.06198457326796151,-0.060534383051918286,-0.05586833603694989,-0.04990013577240032,-0.044327788759922195,-0.038493221661850735,-0.05768859973899054,-0.05980698223952349,-0.05719988196300401,-0.04998614096702507,-0.03994570145937126,-0.030882278568952617,-0.022047314890581912,-0.04760768276134511,-0.049392400015810405,-0.0465913046264573,-0.03717675787235287,-0.020787398813483068,-0.008979128001036542,0.0006078817528784655
2025-05-17 07:50:00,0.22132772419647959,0.23139901158420834,0.22680325538959792,0.22084284564625978,0.22696451552711186,0.25076172754127124,0.29385027824145343,0.23634311105441824,0.24394090211233205,0.2367471294110205,0.22554136065269148,0.22946188881312168,0.25093083572812214,0.2930851008641744,0.2228083789479305,0.22888080172578157,0.21885918637049442,0.19901030836173533,0.19209576754765087,0.2190037809500873,0.27830346852871535,0.19243432046568018,0.18846200068052282,0.1786811250858501,0.15290816051425316,0.12472387177756418,0.16665746397707462,0.25834946683942606
2025-05-17 07:55:00,0.1562009846105829,0.16804968689733052,0.17324000915405796,0.17707920025112323,0.18460347407517963,0.19713557705741755,0.21595850619984275,0.162245537614946,0.16988909794498894,0.17067310120031293,0.16892053133021942,0.17361382295531103,0.18512262868324228,0.20541805401322666,0.1540540375241735,0.1581206490131229,0.15472929441733577,0.14607774875370183,0.1436185879443542,0.15833540772520738,0.18959250342327627,0.13732400593429442,0.1350226308660073,0.12973089208311325,0.11606430815410657,0.10094597276908111,0.12417887514010717,0.17454563918126875
2025-05-17 08:00:00,0.2999888106533764,0.3147101858924801,0.3164624740852464,0.31601132660866604,0.32264246964449034,0.33926517430367015,0.3681671338455888,0.2960752589604555,0.3056319848582968,0.30240964610091087,0.29487793472016827,0.29885697107824183,0.3159770149300888,0.3481466936836218,0.27179041068034127,0.2764044964353907,0.2680878973951468,0.2513755936533803,0.24596785872260662,0.26979969767385276,0.3202255606178214,0.23712904656904754,0.23236981343831106,0.22237598415827,0.1994165461606278,0.1749285560717268,0.21274354041169424,0.29460353326661337
2025-05-17 08:05:00,0.18616332661214866,0.19747358896907125,0.20662260596476084,0.21684527106540952,0.22876165961189257,0.24208026864079862,0.25796445362917525,0.13004502561534956,0.13990956515525332,0.14607760637038836,0.1518085113171932,0.1613222925253711,0.17887894621937656,0.20517806958654722,0.0806685842727464,0.08740311445977103,0.0891855266450634,0.0887266627657313,0.09313607414735896,0.11489700312237093,0.15363064413777422,0.04154525939528185,0.045352423715493695,0.04328774773486715,0.03626170830177741,0.028227538084994862,0.05524738598461522,0.11137811226123792
2025-05-17 08:10:00,0.25948719367427114,0.24809111053673022,0.23290011428490615,0.2188224380116023,0.2117435800162946,0.2156207330121861,0.22978316941996516,0.26408593284110815,0.24969422776979422,0.23082201062057378,0.21273514760701415,0.20247058017178504,0.20512565666140117,0.22083479599322456,0.26465972371823654,0.24825322817433101,0.2255150189379667,0.20119443123812653,0.18412224958847856,0.18652400898921942,0.2078270271140854,0.2643849637135676,0.24527594079161735,0.21995466531604535,0.18949823450741776,0.15964062353616706,0.1640902982683822,0.19644557710720104
2025-05-17 08:15:00,0.0444977077116243,0.02562762367800652,0.014545072799609485,0.016812343424825748,0.03458294141028347,0.06781285791169862,0.11437562199254464,0.03225917477882939,0.009714254977291585,-0.0021144400663788004,-0.0005895633532372116,0.014987901691881508,0.04381418467495493,0.08405796933248524,0.027825947652961525,-0.001239814063381868,-0.015307623976479239,-0.014633024054007803,-0.0005746693356721566,0.024983668653334894,0.060330944057541136,0.0319456684231832,-0.005166240837706651,-0.02150602567302885,-0.021480585366087535,-0.008480391139392612,0.014154323939144365,0.0451345111225306
2025-05-17 08:20:00,0.5117015546211257,0.6442200118210769,0.7823775015816226,0.9057476056303732,0.9825415620340505,0.9839296758679339,0.9207078622597844,0.4436269538970283,0.5425308502044828,0.6481807694350925,0.7397151277394023,0.8031172951986707,0.8151226875629438,0.7796265391696451,0.3800065681162201,0.4428200219709584,0.5200802611518748,0.5903764805573379,0.6466064864222316,0.6743396620271844,0.6709690725381724,0.3182440646687167,0.36488018636758923,0.42223757835477427,0.4803001397280825,0.5338656570847703,0.5802527125590575,0.6100163840737431
2025-05-17 08:25:00,0.7759972426628419,0.771645386960527,0.7567474230293786,0.7392946053424249,0.7231488879743528,0.7097677573270119,0.6985798168815377,0.7417963853170685,0.7483321384043424,0.744378426507587,0.7347561760974692,0.7242782277330424,0.7151225078463936,0.7037867471511657,0.7240437303561447,0.7372011516772267,0.7411713158453732,0.7399883156493816,0.7378696141517427,0.7294022425337342,0.7120412430058499,0.7226158570253353,0.7403181833625674,0.7477969196406388,0.7533295176654425,0.7611529312745218,0.7480080602281676,0.7201002374392959
2025-05-17 08:30:00,0.9091134202028754,0.722859341345504,0.6231660457572993,0.5647196214518525,0.5290516237238275,0.5292863365540457,0.5651083504498763,0.9562911298442622,0.7257584010928362,0.5935354287983331,0.5365772128752717,0.5036695678599484,0.508968148504468,0.5485180693645708,0.9512602272277294,0.7022701792264848,0.5550533624488754,0.4928799194616332,0.4545517486161956,0.4664428242651044,0.5209176878981461,0.8909708403639998,0.6508567140676106,0.5161374525676564,0.45158432622095523,0.3913397843845984,0.41151985678895436,0.4949021429659473
2025-05-17 08:35:00,0.4408216095065869,0.4281881281063158,0.41645839044815697,0.40812183534112867,0.4081657809920132,0.4206445149114487,0.44671591126476407,0.4502574487984512,0.43242128563362714,0.416988958176882,0.4070864230534345,0.40734645019527727,0.41983565301598036,0.44564485188580083,0.43847562668492535,0.41837776962955175,0.4009289537765587,0.3872160848844981,0.38252240974660817,0.3994736099822615,0.4360825785260406,0.41165400053839973,0.38734058021064366,0.37235167088361293,0.3567267137348245,0.34019350917617863,0.3666785904081117,0.42351188035745646
2025-05-17 08:40:00,-0.028386838616532586,-0.033232181555455494,-0.031584616642607644,-0.02406367232616432,-0.010371555959566084,0.01006526191258308,0.037662678665702554,-0.03293359568140736,-0.03490803778460184,-0.03209973567251443,-0.02413994626852569,-0.010072383654804593,0.011100634799154775,0.03986634451061197,-0.03346028938328745,-0.03304564143989559,-0.02990217128749691,-0.02253754705785551,-0.009021905906871873,0.012490163947977563,0.04246145105478893,-0.02897776595624396,-0.027236480736831478,-0.025261011818504316,-0.019708604633694136,-0.007872481318912735,0.013860537066688914,0.045451170535356286
2025-05-17 08:45:00,-0.005664127042485045,-0.006157048872652168,-0.0058828124630134785,-0.003880066571662277,0.0007067711261773107,0.008517125566856706,0.019776853622578167,-0.006339558223371602,-0.006574549701802445,-0.006114768331132786,-0.004070176650332269,0.0005619631919593221,0.008610500144451652,0.02033383691307787,-0.006253611217976981,-0.006414692624706824,-0.006143783731264454,-0.004502379616283447,-0.00023019252963540625,0.008068337498957067,0.020590127594478713,-0.005504615749916782,-0.0055606791595536964,-0.005792188907602696,-0.004898925974423682,-0.0016368626980246463,0.00704294881934207,0.020900228738793124
2025-05-17 08:50:00,0.01746492188276646,0.01812235002652808,0.017821666975853384,0.0174334468799017,0.017837920551928583,0.01940158039121362,0.022232581480096707,0.01843594417634499,0.0189256622880909,0.018451377573465266,0.017718636213524055,0.017980803749437432,0.01939554111622345,0.02216816305228874,0.01752365960354588,0.017909354323910925,0.017248126676566194,0.015948182547958066,0.015500401002933102,0.017277983612609724,0.02118391301455967,0.015499206057711294,0.015224226708864478,0.014581281910160473,0.01289446191350707,0.011049263008539523,0.013819793485379372,0.01986352889976291
2025-05-17 08:55:00,0.0,0.0,0.0,0.0,0.0,0.0,0.0,0.0,0.0,0.0,0.0,0.0,0.0,0.0,0.0,0.0,0.0,0.0,0.0,0.0,0.0,0.0,0.0,0.0,0.0,0.0,0.0,0.0
2025-05-17 09:00:00,0.0,0.0,0.0,0.0,0.0,0.0,0.0,0.0,0.0,0.0,0.0,0.0,0.0,0.0,0.0,0.0,0.0,0.0,0.0,0.0,0.0,0.0,0.0,0.0,0.0,0.0,0.0,0.0
2025-05-17 09:05:00,0.038298134932915534,0.045796739549476814,0.054605981456923094,0.06281806211239906,0.06837791401815942,0.06965182675062412,0.06702907247172313,0.04303825772049137,0.05483482204372042,0.06849855943118568,0.08140779708482578,0.09034360662202613,0.09143110049313778,0.08518894024755927,0.045530636646751346,0.06107742411710852,0.07962400267192808,0.09832981495014705,0.11239240823686246,0.11365165152540777,0.10290360227908822,0.044704338912584005,0.061885194355270366,0.08413656006968942,0.10859183462511343,0.13201057100437139,0.13299164001062513,0.11488075890731964
2025-05-17 09:10:00,0.02671731196321503,0.02768044623585152,0.02723964540726312,0.026671115319804338,0.02726528459613541,0.02955955267568325,0.03371326923838995,0.028136799426464618,0.02885212816086212,0.02815563773362589,0.0270816425029214,0.02746777891024071,0.0295448975621505,0.0336139740749455,0.026790576449956794,0.027352004204525125,0.02638083210610192,0.024474829343784265,0.02381994260232276,0.02643126448759087,0.03216544182311639,0.023810651860002613,0.023402481843391967,0.022458944494425166,0.019986072864244565,0.017280846906778568,0.021350954262597078,0.03022498053231654
2025-05-17 09:15:00,0.017811541308809676,0.018453630823900728,0.018159763604841807,0.017780743546535926,0.01817685639742332,0.019706368450455217,0.02247551282559297,0.018757866284309498,0.019234752107241095,0.018770425155750347,0.01805442833528071,0.01831185260682689,0.019696598374766748,0.02240931604996335,0.01786038429997091,0.018234669469683114,0.017587221404067672,0.01631655289585593,0.01587996173488161,0.01762084299172699,0.021443627882077317,0.01587376790666807,0.015601654562261062,0.014972629662949842,0.013324048576162812,0.011520564604518807,0.014233969508397832,0.020149987021544136
2025-05-17 09:20:00,0.005294053439169223,0.005417853240451272,0.005360643910105458,0.005287653935917041,0.005366028701044023,0.005665532280963542,0.006207798892016535,0.005472634560183893,0.005561872253199685,0.005470027442471267,0.0053310546232478075,0.005383215501704302,0.0056560936870557596,0.0061886293222906666,0.005287087143717437,0.005354600865076504,0.005226369830460524,0.00497900394402033,0.004896028772149799,0.0052409573177206945,0.005993787535808605,0.004885933093824485,0.004826558143243433,0.0047029309922081075,0.00438248784278691,0.004031756487012197,0.00456953108496863,0.005736367310639522
2025-05-17 09:25:00,0.004452885327202341,0.004613407705975182,0.004539940901210518,0.004445185886634114,0.004544214099356023,0.00492659211261403,0.005618878206398468,0.004689466571077338,0.0048086880268103285,0.004692606288937724,0.004513607083820383,0.004577963151706977,0.004924149593691973,0.005602329012491123,0.004465096074992702,0.004558667367420858,0.004396805351017096,0.004079138223964258,0.003969990433720736,0.0044052107479321005,0.005360906970519669,0.0039684419766670125,0.003900413640565335,0.0037431574157376505,0.0033310121440409974,0.0028801411511300886,0.003558492377099857,0.005037496755386398
2025-05-17 09:30:00,0.0,0.0,0.0,0.0,0.0,0.0,0.0,0.0,0.0,0.0,0.0,0.0,0.0,0.0,0.0,0.0,0.0,0.0,0.0,0.0,0.0,0.0,0.0,0.0,0.0,0.0,0.0,0.0
2025-05-17 09:35:00,0.0,0.0,0.0,0.0,0.0,0.0,0.0,0.0,0.0,0.0,0.0,0.0,0.0,0.0,0.0,0.0,0.0,0.0,0.0,0.0,0.0,0.0,0.0,0.0,0.0,0.0,0.0,0.0
2025-05-17 09:40:00,0.0,0.0,0.0,0.0,0.0,0.0,0.0,0.0,0.0,0.0,0.0,0.0,0.0,0.0,0.0,0.0,0.0,0.0,0.0,0.0,0.0,0.0,0.0,0.0,0.0,0.0,0.0,0.0
2025-05-17 09:45:00,0.0,0.0,0.0,0.0,0.0,0.0,0.0,0.0,0.0,0.0,0.0,0.0,0.0,0.0,0.0,0.0,0.0,0.0,0.0,0.0,0.0,0.0,0.0,0.0,0.0,0.0,0.0,0.0
2025-05-17 09:50:00,0.0,0.0,0.0,0.0,0.0,0.0,0.0,0.0,0.0,0.0,0.0,0.0,0.0,0.0,0.0,0.0,0.0,0.0,0.0,0.0,0.0,0.0,0.0,0.0,0.0,0.0,0.0,0.0
2025-05-17 09:55:00,0.0,0.0,0.0,0.0,0.0,0.0,0.0,0.0,0.0,0.0,0.0,0.0,0.0,0.0,0.0,0.0,0.0,0.0,0.0,0.0,0.0,0.0,0.0,0.0,0.0,0.0,0.0,0.0
2025-05-17 10:00:00,0.0,0.0,0.0,0.0,0.0,0.0,0.0,0.0,0.0,0.0,0.0,0.0,0.0,0.0,0.0,0.0,0.0,0.0,0.0,0.0,0.0,0.0,0.0,0.0,0.0,0.0,0.0,0.0
2025-05-17 10:05:00,0.0,0.0,0.0,0.0,0.0,0.0,0.0,0.0,0.0,0.0,0.0,0.0,0.0,0.0,0.0,0.0,0.0,0.0,0.0,0.0,0.0,0.0,0.0,0.0,0.0,0.0,0.0,0.0
2025-05-17 10:10:00,0.0,0.0,0.0,0.0,0.0,0.0,0.0,0.0,0.0,0.0,0.0,0.0,0.0,0.0,0.0,0.0,0.0,0.0,0.0,0.0,0.0,0.0,0.0,0.0,0.0,0.0,0.0,0.0
2025-05-17 10:15:00,0.0,0.0,0.0,0.0,0.0,0.0,0.0,0.0,0.0,0.0,0.0,0.0,0.0,0.0,0.0,0.0,0.0,0.0,0.0,0.0,0.0,0.0,0.0,0.0,0.0,0.0,0.0,0.0
2025-05-17 10:20:00,0.0,0.0,0.0,0.0,0.0,0.0,0.0,0.0,0.0,0.0,0.0,0.0,0.0,0.0,0.0,0.0,0.0,0.0,0.0,0.0,0.0,0.0,0.0,0.0,0.0,0.0,0.0,0.0
2025-05-17 10:25:00,0.0,0.0,0.0,0.0,0.0,0.0,0.0,0.0,0.0,0.0,0.0,0.0,0.0,0.0,0.0,0.0,0.0,0.0,0.0,0.0,0.0,0.0,0.0,0.0,0.0,0.0,0.0,0.0
2025-05-17 10:30:00,0.0,0.0,0.0,0.0,0.0,0.0,0.0,0.0,0.0,0.0,0.0,0.0,0.0,0.0,0.0,0.0,0.0,0.0,0.0,0.0,0.0,0.0,0.0,0.0,0.0,0.0,0.0,0.0
2025-05-17 10:35:00,0.0,0.0,0.0,0.0,0.0,0.0,0.0,0.0,0.0,0.0,0.0,0.0,0.0,0.0,0.0,0.0,0.0,0.0,0.0,0.0,0.0,0.0,0.0,0.0,0.0,0.0,0.0,0.0
2025-05-17 10:40:00,0.0,0.0,0.0,0.0,0.0,0.0,0.0,0.0,0.0,0.0,0.0,0.0,0.0,0.0,0.0,0.0,0.0,0.0,0.0,0.0,0.0,0.0,0.0,0.0,0.0,0.0,0.0,0.0
2025-05-17 10:45:00,0.0,0.0,0.0,0.0,0.0,0.0,0.0,0.0,0.0,0.0,0.0,0.0,0.0,0.0,0.0,0.0,0.0,0.0,0.0,0.0,0.0,0.0,0.0,0.0,0.0,0.0,0.0,0.0
2025-05-17 10:50:00,0.0,0.0,0.0,0.0,0.0,0.0,0.0,0.0,0.0,0.0,0.0,0.0,0.0,0.0,0.0,0.0,0.0,0.0,0.0,0.0,0.0,0.0,0.0,0.0,0.0,0.0,0.0,0.0
2025-05-17 10:55:00,0.0,0.0,0.0,0.0,0.0,0.0,0.0,0.0,0.0,0.0,0.0,0.0,0.0,0.0,0.0,0.0,0.0,0.0,0.0,0.0,0.0,0.0,0.0,0.0,0.0,0.0,0.0,0.0
2025-05-17 11:00:00,0.0,0.0,0.0,0.0,0.0,0.0,0.0,0.0,0.0,0.0,0.0,0.0,0.0,0.0,0.0,0.0,0.0,0.0,0.0,0.0,0.0,0.0,0.0,0.0,0.0,0.0,0.0,0.0
2025-05-17 11:05:00,0.0,0.0,0.0,0.0,0.0,0.0,0.0,0.0,0.0,0.0,0.0,0.0,0.0,0.0,0.0,0.0,0.0,0.0,0.0,0.0,0.0,0.0,0.0,0.0,0.0,0.0,0.0,0.0
2025-05-17 11:10:00,0.0,0.0,0.0,0.0,0.0,0.0,0.0,0.0,0.0,0.0,0.0,0.0,0.0,0.0,0.0,0.0,0.0,0.0,0.0,0.0,0.0,0.0,0.0,0.0,0.0,0.0,0.0,0.0
2025-05-17 11:15:00,0.0,0.0,0.0,0.0,0.0,0.0,0.0,0.0,0.0,0.0,0.0,0.0,0.0,0.0,0.0,0.0,0.0,0.0,0.0,0.0,0.0,0.0,0.0,0.0,0.0,0.0,0.0,0.0
2025-05-17 11:20:00,0.0,0.0,0.0,0.0,0.0,0.0,0.0,0.0,0.0,0.0,0.0,0.0,0.0,0.0,0.0,0.0,0.0,0.0,0.0,0.0,0.0,0.0,0.0,0.0,0.0,0.0,0.0,0.0
2025-05-17 11:25:00,0.0,0.0,0.0,0.0,0.0,0.0,0.0,0.0,0.0,0.0,0.0,0.0,0.0,0.0,0.0,0.0,0.0,0.0,0.0,0.0,0.0,0.0,0.0,0.0,0.0,0.0,0.0,0.0
2025-05-17 11:30:00,0.0,0.0,0.0,0.0,0.0,0.0,0.0,0.0,0.0,0.0,0.0,0.0,0.0,0.0,0.0,0.0,0.0,0.0,0.0,0.0,0.0,0.0,0.0,0.0,0.0,0.0,0.0,0.0
2025-05-17 11:35:00,0.004452885327202418,0.004613407705975259,0.004539940901210597,0.004445185886634191,0.004544214099356093,0.0049265921126140965,0.005618878206398545,0.004689466571077409,0.004808688026810414,0.0046926062889378,0.004513607083820452,0.00457796315170705,0.004924149593692047,0.005602329012491199,0.004465096074992773,0.004558667367420936,0.004396805351017165,0.004079138223964316,0.003969990433720794,0.004405210747932163,0.00536090697051974,0.003968441976667082,0.0039004136405654125,0.003743157415737707,0.003331012144041053,0.002880141151130132,0.003558492377099912,0.005037496755386471
2025-05-17 11:40:00,0.004452885327202418,0.004613407705975259,0.004539940901210597,0.004445185886634191,0.004544214099356093,0.0049265921126140965,0.005618878206398545,0.004689466571077409,0.004808688026810414,0.0046926062889378,0.004513607083820452,0.00457796315170705,0.004924149593692047,0.005602329012491199,0.004465096074992773,0.004558667367420936,0.004396805351017165,0.004079138223964316,0.003969990433720794,0.004405210747932163,0.00536090697051974,0.003968441976667082,0.0039004136405654125,0.003743157415737707,0.003331012144041053,0.002880141151130132,0.003558492377099912,0.005037496755386471
2025-05-17 11:45:00,0.004452885327202418,0.004613407705975259,0.004539940901210597,0.004445185886634191,0.004544214099356093,0.0049265921126140965,0.005618878206398545,0.004689466571077409,0.004808688026810414,0.0046926062889378,0.004513607083820452,0.00457796315170705,0.004924149593692047,0.005602329012491199,0.004465096074992773,0.004558667367420936,0.004396805351017165,0.004079138223964316,0.003969990433720794,0.004405210747932163,0.00536090697051974,0.003968441976667082,0.0039004136405654125,0.003743157415737707,0.003331012144041053,0.002880141151130132,0.003558492377099912,0.005037496755386471
2025-05-17 11:50:00,0.04020008952705216,0.0414728443692416,0.04089681476405337,0.040156825857354,0.040954716645698414,0.043999276217781894,0.04951024634076956,0.04201605768085289,0.04295393145474792,0.042042410330646304,0.04064443250817776,0.04118432785680525,0.04395792758455984,0.049361067078315043,0.04013227623663375,0.04086200018942309,0.039594743711949335,0.03710905022575798,0.03628686208051374,0.039792293399257314,0.04742311040323935,0.03605818346938572,0.0355021226182477,0.034290123488081026,0.031074430397697708,0.027549634382769736,0.03301285857797225,0.044834520398706244
2025-05-17 11:55:00,0.0853066177749102,0.09017727640604972,0.09204347535537002,0.09264431909720837,0.09407832448305109,0.09687605155275893,0.09997333213951823,0.09826829033635627,0.10059335825434669,0.09796186061918258,0.0925564721611642,0.0885023292540889,0.08799706564172986,0.09226138115590031,0.11372309473913102,0.11364482875390162,0.10600136139684123,0.09367029858849837,0.08267712777173242,0.07883691775334664,0.08415789099600564,0.13149192989411734,0.12897249454665255,0.11580458928687933,0.09618153744253594,0.0764320432255869,0.07092736516688314,0.07865724573487015
2025-05-17 12:00:00,0.20782348117261232,0.21011421505472083,0.21390684366096036,0.21773763650109035,0.2207418094098691,0.22239926648001945,0.22254784403171501,0.21547072799640665,0.21692655943412256,0.21958764999436456,0.22243266495852163,0.22439328483130005,0.22484556387835336,0.22446398173498658,0.22212314229509317,0.223176168197053,0.2249833650428138,0.2268894933676319,0.22781782037564496,0.22727859308819806,0.22623232706412758,0.22712072020918028,0.2278447989110823,0.22887286934644793,0.22984490611949243,0.2303923611038728,0.22943519305802254,0.22743428906838647
2025-05-17 12:05:00,0.21953837845227242,0.21393554742470455,0.2088085865674882,0.2049392681737473,0.20312632840905043,0.20431330702439832,0.20951005909366366,0.20927521906362498,0.20023172564260577,0.19276692244955612,0.187837857033504,0.18658364697767713,0.1900494781195497,0.19766590748208063,0.19359939481133057,0.18192005322021254,0.1728347543379809,0.16638751540595695,0.16415529543978177,0.17109827569536185,0.18497434891175019,0.17503483842103268,0.16190483971203992,0.15354153437534226,0.14660252370089902,0.13997849465570406,0.1512652520943654,0.17509852735574846
2025-05-17 12:10:00,0.24350027094924268,0.24846804707159392,0.25558110339924267,0.2626174383887799,0.2681654707074327,0.27126866546479733,0.2717965506375709,0.2571553858186304,0.2651277607112044,0.2752891894110162,0.28533740746176917,0.2924795223854681,0.29383270455358246,0.2904682975568438,0.267529630045883,0.2786428854936208,0.2920611696143453,0.3056547611052517,0.31537472764220714,0.3154779465270229,0.30763037838763496,0.2733955008275122,0.28555010672501047,0.3012839473042711,0.31821939182242,0.3340078759298939,0.33325289928962765,0.3187682170566982
2025-05-17 12:15:00,0.4546891557444908,0.4531139604320475,0.4522424591759838,0.45174051373094304,0.45140152791842386,0.4513004818973006,0.45156314518773705,0.4534148222509268,0.4511644818279336,0.44982517174298065,0.4492287183899279,0.4489938367582671,0.44924619045406333,0.44986765504577875,0.4514877665404495,0.44878600852726047,0.447172737784179,0.44644710426316003,0.44619215036513915,0.44688118025209944,0.44820790635256486,0.44907015522813737,0.4463270657792237,0.4448558869948408,0.4441290544759059,0.443479103321934,0.44462038642439056,0.4470120827821531
2025-05-17 12:20:00,0.3478353386937219,0.33654938110461896,0.3248184828354464,0.3144810418163742,0.30747591934073376,0.30576767807057315,0.30946734996614894,0.33800317867676943,0.32468961337967334,0.3114547394999235,0.3004134202727646,0.2934533727200608,0.29345699633124506,0.2993390987132232,0.3276119504510831,0.3127451714936878,0.2981539913407409,0.28556852935416277,0.2773490641780789,0.2790018148128376,0.2886626227878914,0.31833165398298297,0.30312604203042615,0.28850194347562697,0.27457706530582626,0.2616530530541788,0.2648167256842653,0.2808028638563924
2025-05-17 12:25:00,0.26063677463144286,0.2606985159057568,0.26120287216265414,0.2619056679503755,0.2622275307614507,0.2618643279214766,0.26139780223028125,0.25466366457439277,0.2547872490952959,0.25603340442855343,0.257924132070357,0.2597352078092596,0.26071562458002845,0.2605213775326367,0.24715503733503663,0.24728615399504095,0.24948706561155728,0.2528636111726936,0.25636292375897696,0.2589996115292802,0.25985996548160745,0.23864566372036747,0.23895533189904505,0.24259629593918297,0.2478216465271042,0.253039071006671,0.2571031035946024,0.2592818932114264
2025-05-17 12:30:00,0.32236627345641977,0.32822085781030824,0.33294683248501306,0.33644166575748213,0.3386498195207852,0.3389778698224478,0.3365540058439105,0.3334339428624812,0.3424087046865728,0.34920791337444285,0.3534485103104043,0.3550132166804444,0.35299210418069876,0.348135807140031,0.34787000472309415,0.3592927924661849,0.3674990086380579,0.37273154199558184,0.3746297414804472,0.3695818889023691,0.359678683420526,0.3639071866461494,0.37615514318077126,0.3837316416493078,0.3891366662031139,0.3940779019111739,0.3857496432665505,0.36812701451074087
2025-05-17 12:35:00,0.14276893626826304,0.1468552300129076,0.14693822841245632,0.14823255468890195,0.15449639927055414,0.16787279849494446,0.187541474092719,0.13272635199897842,0.14528949914293302,0.15381905584998357,0.16175116374853793,0.17347561881328347,0.1930367878967326,0.21957592589923364,0.13636255150824897,0.15496045671344397,0.170363454215135,0.18273069714941775,0.19656958220670773,0.22260435872105816,0.25912912549313644,0.15572268170490622,0.1797762332685428,0.20382993617364575,0.2209588019185975,0.22940999374568885,0.2626245371686759,0.31384893846880324
2025-05-17 12:40:00,0.36346347302749343,0.4020635056303326,0.4458407857124684,0.4848949690783709,0.504591385401005,0.4936624539752484,0.455352776007677,0.32087248611752284,0.3419555688703245,0.36807732374203384,0.3907882269512508,0.4020614830567296,0.3970174065918137,0.37503882139752853,0.2944691721564875,0.29712974632973455,0.30710509352070037,0.3175463686069699,0.32389499240702513,0.3232402922938782,0.3136387519596434,0.2804658628521439,0.2785117505659448,0.27596622270157173,0.27673352174749694,0.2781629425847698,0.27973016499423475,0.2809141607037712
2025-05-17 12:45:00,0.5655827424640707,0.5364360389114399,0.5047494750696883,0.475610948696193,0.45254037190775664,0.4396356917536562,0.4368467658587459,0.5307536666524506,0.5137377086971985,0.4969476848737116,0.48333001153364147,0.47222451217621175,0.4659032255466401,0.4597059264460479,0.5019002672031835,0.49488733505803295,0.4915959155032619,0.49356906386136473,0.4967295980511965,0.4942626919269791,0.4814044124902553,0.48006868447343637,0.480639916063872,0.48872688892255783,0.5048782792545847,0.5235599181892168,0.5190825075465373,0.4960784584962128
2025-05-17 12:50:00,0.5594043862562426,0.5857934872449471,0.6151725843548024,0.6411907697489619,0.6611499804489406,0.6718729168899154,0.6692191418244919,0.6426054172348316,0.684215440240705,0.7245535065258466,0.7572918406769027,0.7758138115485348,0.7720618896289095,0.751866441695357,0.7284902934213096,0.7845299334655303,0.8343952240168634,0.8750318028531526,0.8965717395822952,0.8772683148459528,0.8294592467096801,0.80775059254481,0.8682120566386117,0.918953565476221,0.9639427714350873,1.0046170552512832,0.9709919908230124,0.8824681014232773
2025-05-17 12:55:00,0.39556916923138125,0.5029789642330869,0.6117708023235532,0.7109655447215768,0.7947655109553355,0.8605428429410129,0.9090436052516808,0.3728038556893582,0.46386022312614855,0.5506409870986263,0.6282257690248308,0.6951960903770522,0.7522855834984697,0.799694369766097,0.36689568049627247,0.44336612023352706,0.5084386403641081,0.5626090833844173,0.6096336048896904,0.656004292062909,0.7013091290992743,0.38183473365010473,0.4421682923871683,0.48370152263802385,0.5125407534793015,0.5346866644124438,0.5701335259890253,0.6152134128205127
2025-05-17 13:00:00,1.0446237120161503,1.0446038875921364,1.044584113419489,1.0445667861281454,1.044550982051945,1.04453756294194,1.0445297142751315,1.0445513662964652,1.0445172863254533,1.0444864055796965,1.0444618030368518,1.0444457164770327,1.0444445060052927,1.0444529795263064,1.0444836320207256,1.0444357872646002,1.0443950726885363,1.0443629429021495,1.0443443670043524,1.0443547528658,1.0443843721041695,1.044425803917023,1.0443751845445608,1.0443315075818667,1.0442944492646251,1.0442614362492018,1.0442808805854893,1.0443400007512023
2025-05-17 13:05:00,1.5711438326853384,1.6067891879233391,1.6519727569532678,1.6950848615522975,1.7199945046740672,1.7152339490602075,1.6873737300106948,1.5107104885895668,1.5230695526705853,1.548366150540906,1.5764691619723876,1.5974839159114251,1.6039527722219207,1.5948894252386787,1.4479004523575525,1.4380093540643202,1.4472848766262463,1.4646917765059646,1.483221735222893,1.5034451372034048,1.5188383523063536,1.38409181408543,1.3669827542611446,1.3692332344534075,1.3815004794086436,1.3936633093341757,1.4278583781678746,1.472807703622213
2025-05-17 13:10:00,2.4619317640768497,2.396050507859587,2.321925016848295,2.2554378055293856,2.209163685649468,2.194710291668033,2.215745464708696,2.3619631248427577,2.2976618394101984,2.2325734074764605,2.179673281321993,2.1497146223311456,2.154153306754377,2.18349130028667,2.2520672958648493,2.1888919305789782,2.1327813811727925,2.0905719764836914,2.072054165122556,2.096155900701277,2.146049991181517,2.1460959423355295,2.085656539247501,2.045014150396665,2.0155935448072397,1.9920412572632504,2.031525455402539,2.1151579762469668
2025-05-17 13:15:00,1.749864817650665,1.7496841350491723,1.7488043492712106,1.747797863535596,1.7463982173417858,1.7443668254185647,1.7422626961228826,1.7385755573768555,1.737526518158967,1.7362669346636785,1.7350971553610612,1.7343343508609006,1.7341822569147776,1.7339112916855675,1.7282648889873122,1.72603339992431,1.724394708872036,1.7232827218834408,1.7232318703999765,1.7248701520222154,1.7268558015998052,1.7196035370811962,1.7172223015094958,1.7157503090871473,1.7150409305733252,1.7147676471593742,1.7176339834529832,1.7224834738018782
2025-05-17 13:20:00,2.952756136123478,2.8556812777617937,2.7390633614872444,2.6281430898366294,2.539673994011532,2.488789799307865,2.475321471302291,2.7875892079179634,2.6878940772203674,2.5724335169792125,2.464211632701132,2.3825759642715116,2.3560035777598554,2.367479952695205,2.665011753830594,2.558069149384286,2.4394865804746937,2.329642852332233,2.2517334806115215,2.2390326646927274,2.2709642601936766,2.594467483130856,2.4940077569343844,2.3752843885411083,2.262017736616734,2.1629780992054153,2.149518204065372,2.2108212706936534
2025-05-17 13:25:00,3.074876265504352,3.075687727332133,3.0766410145006677,3.0774580448958915,3.077197585829671,3.0752284016808025,3.0720604390938218,3.064946553400893,3.0629176060211734,3.061254187106056,3.0598607191801013,3.058709211803689,3.058267326077571,3.0580097039301877,3.056672237205771,3.0517980907486577,3.0477251557457956,3.044314928460962,3.042176884743588,3.043113955535043,3.046054856287006,3.0503861418081795,3.0447476217922382,3.0392216257781794,3.034236150773126,3.0297147749409077,3.03172370078094,3.038757038263004
2025-05-17 13:30:00,3.520742769584403,3.3815934613019274,3.252509604336251,3.140935704504049,3.0586522586245692,3.0244593714664454,3.035468206343503,3.4393854444703793,3.2810279400554077,3.1362184468591305,3.0192916155522145,2.934695152030672,2.9141972543891126,2.9453377235057028,3.376770149820058,3.205060177689443,3.046198387948254,2.916082530597723,2.821278691155755,2.806506407214067,2.8572895566115033,3.3385301827133214,3.172012659684662,3.009296027886994,2.864264552911357,2.7316216646795857,2.714543839336409,2.7983884287731744
2025-05-17 13:35:00,3.3642876500699677,3.675650172321773,4.0781292443922705,4.494280272450901,4.856268422912884,5.116150455528176,5.256636905767266,3.9269706086376432,4.314552763547007,4.837020135500878,5.40346201387298,5.880109280821467,6.137640424237243,6.163841177894907,4.314356422586494,4.788491657795731,5.461271523781543,6.239092793027179,6.916456652883523,7.170290527500857,7.012198426592322,4.472657707405061,5.013633656835565,5.830429594118523,6.839749910801035,7.901103749280903,8.11851553622375,7.639473748564341
2025-05-17 13:40:00,1.752147807823372,1.8311990332240162,1.9327140635129951,2.024589638828164,2.0802718313049833,2.080419359127919,2.016740080583905,1.8932774557727312,1.9704570655276792,2.0577543043817497,2.130242936172465,2.1597429788686675,2.1319429614057492,2.058083356112688,2.0777739144844793,2.1533161262830673,2.2260899101353013,2.2848356230618387,2.3010824730954633,2.2365647752289544,2.1181278545504374,2.2752504317439946,2.3545652298097086,2.4002847997734365,2.4390179955976703,2.4721137257192307,2.369392187210246,2.175345483753
2025-05-17 13:45:00,0.8331553529535645,0.8080952291029516,0.781957299965603,0.7559193058015762,0.7346536840791207,0.722793368587975,0.7207846932122495,0.9754129901635638,0.9457211660778566,0.9117081420380199,0.8763274134156678,0.845574718028651,0.8253831394156047,0.8163608405270604,1.123677365879402,1.0911096261285889,1.048583272137223,1.0006186204727592,0.9560988362607107,0.9274111636510833,0.9145550837849987,1.2767484646897695,1.243291571334979,1.1919878561829915,1.1299289594070032,1.0649410942870425,1.0291127719704083,1.017796943524632
2025-05-17 13:50:00,0.4339210628761421,0.4423222212961414,0.4515320989596076,0.46103110389209956,0.4704992613071234,0.4797214153525009,0.4884532160959725,0.44635270365765467,0.45512673793241587,0.46476256641199293,0.47472436064491375,0.48454178079539995,0.4938832060349768,0.502471039020164,0.4605209556223828,0.46970151252824344,0.4799395449549864,0.4904655480196677,0.5006003219707811,0.5100079921849736,0.5183940331249143,0.4762466529643916,0.4858543309793095,0.49708305475682224,0.5084371278720825,0.5188252090144774,0.5282182494628382,0.5363070242371786
2025-05-17 13:55:00,0.19979606079902315,0.188965551286038,0.1783225946647063,0.16928299010818534,0.16348135790773938,0.16215234117449995,0.16483586792941765,0.2087441322677575,0.20076331278602552,0.19407069990067438,0.18927122485586795,0.18690873194367555,0.18727302616596606,0.18999819590128977,0.21902229112197422,0.21402334714136212,0.21140534086820634,0.210760488489591,0.2116832811073456,0.2139944209376547,0.21734974334941556,0.22964654303653587,0.22804580540916825,0.23023525786989393,0.23414989607262945,0.23836937001284528,0.24271311134841794,0.24690385062488254
2025-05-17 14:00:00,0.2275044677534689,0.23605775578755425,0.24728474878692636,0.2583193289364769,0.2669236993106792,0.2716443067839177,0.272650838999221,0.23489667188316576,0.24024069959889746,0.2475983976109289,0.25513804457470507,0.2613073083507049,0.2651222277285108,0.2665289495497117,0.24084338612027484,0.2440681812641823,0.2484845294647555,0.2532286782400924,0.2574020675257697,0.2601163992409895,0.26127024612295924,0.24559851952245473,0.24735582291350672,0.2492888986615684,0.2516662163420609,0.25439525476526637,0.2560090785671286,0.25654875729376303
2025-05-17 14:05:00,0.2859807123632857,0.2867316085468424,0.28752032748642725,0.28827847782468896,0.28891577478637953,0.28934480698479204,0.2895433578978441,0.2848024812788203,0.28559027991313213,0.2864457765994662,0.28729001131469,0.2880348143460283,0.2886047518370195,0.2889548798669357,0.2837473167780599,0.28455022687112186,0.2854744924943302,0.2864122168050167,0.2872599440248271,0.2879554383632075,0.288443451792126,0.28288872431924506,0.28367304881227856,0.2846886812022598,0.2857359462000279,0.28666182089406445,0.28746123416282515,0.2880714899944929
2025-05-17 14:10:00,0.14252003727641735,0.1155080573073502,0.09278175126834189,0.07525017625100328,0.06301546450001086,0.05577201559816892,0.053042070640559054,0.11929754408068925,0.09221798854572488,0.07045202585051066,0.05426835534925964,0.04409345304926101,0.04050022644001509,0.04271297917623522,0.09383882132124062,0.06722641847433669,0.04740253516904107,0.03314340047031483,0.024777279167991623,0.025457934831284473,0.03395168854850593,0.06681287406054744,0.042115325268945195,0.026882810379531254,0.016221036478977574,0.0077092325485204356,0.013458239025242503,0.030318783274478074
2025-05-17 14:15:00,0.05306883120951842,0.05312172995262671,0.052855028600624895,0.05249481066584015,0.052338904004452486,0.05252554052540143,0.052885978982103926,0.054711603821045146,0.05471378364817035,0.05417781579889991,0.05337319958206041,0.05271937823023077,0.05250771764741721,0.05284353978792743,0.05676244791960556,0.056715533068783075,0.05582668655182341,0.05446026470255398,0.05318572188232376,0.052512024144144034,0.05268651081934839,0.05914810408845689,0.05896778678126927,0.05759073882946871,0.055566472074957296,0.05355012335019789,0.052529186369562664,0.05257631451493916
2025-05-17 14:20:00,0.006947413724754464,0.007001986529941866,0.006975880242031539,0.006943369656486999,0.0069796373279246236,0.007116221616138831,0.007363727630312712,0.007022596007311363,0.007059387183839746,0.0070163083208465045,0.006953629140869707,0.006978735735994915,0.00710473729888109,0.007349059737002968,0.006928984141772565,0.006954357896641478,0.006894139857156705,0.006782109396675289,0.006746158359730834,0.006907111681180744,0.007254655494233733,0.006735052904283213,0.006702226130106859,0.006644939370760381,0.006500295011233302,0.0063419040514855925,0.0065930044791761375,0.007133281943429217
2025-05-17 14:25:00,0.0,0.0,0.0,0.0,0.0,0.0,0.0,0.0,0.0,0.0,0.0,0.0,0.0,0.0,0.0,0.0,0.0,0.0,0.0,0.0,0.0,0.0,0.0,0.0,0.0,0.0,0.0,0.0
2025-05-17 14:30:00,0.0,0.0,0.0,0.0,0.0,0.0,0.0,0.0,0.0,0.0,0.0,0.0,0.0,0.0,0.0,0.0,0.0,0.0,0.0,0.0,0.0,0.0,0.0,0.0,0.0,0.0,0.0,0.0
2025-05-17 14:35:00,0.0,0.0,0.0,0.0,0.0,0.0,0.0,0.0,0.0,0.0,0.0,0.0,0.0,0.0,0.0,0.0,0.0,0.0,0.0,0.0,0.0,0.0,0.0,0.0,0.0,0.0,0.0,0.0
2025-05-17 14:40:00,0.0,0.0,0.0,0.0,0.0,0.0,0.0,0.0,0.0,0.0,0.0,0.0,0.0,0.0,0.0,0.0,0.0,0.0,0.0,0.0,0.0,0.0,0.0,0.0,0.0,0.0,0.0,0.0
2025-05-17 14:45:00,0.0,0.0,0.0,0.0,0.0,0.0,0.0,0.0,0.0,0.0,0.0,0.0,0.0,0.0,0.0,0.0,0.0,0.0,0.0,0.0,0.0,0.0,0.0,0.0,0.0,0.0,0.0,0.0
2025-05-17 14:50:00,0.0,0.0,0.0,0.0,0.0,0.0,0.0,0.0,0.0,0.0,0.0,0.0,0.0,0.0,0.0,0.0,0.0,0.0,0.0,0.0,0.0,0.0,0.0,0.0,0.0,0.0,0.0,0.0
2025-05-17 14:55:00,0.0,0.0,0.0,0.0,0.0,0.0,0.0,0.0,0.0,0.0,0.0,0.0,0.0,0.0,0.0,0.0,0.0,0.0,0.0,0.0,0.0,0.0,0.0,0.0,0.0,0.0,0.0,0.0
2025-05-17 15:00:00,0.0,0.0,0.0,0.0,0.0,0.0,0.0,0.0,0.0,0.0,0.0,0.0,0.0,0.0,0.0,0.0,0.0,0.0,0.0,0.0,0.0,0.0,0.0,0.0,0.0,0.0,0.0,0.0
2025-05-17 15:05:00,0.0,0.0,0.0,0.0,0.0,0.0,0.0,0.0,0.0,0.0,0.0,0.0,0.0,0.0,0.0,0.0,0.0,0.0,0.0,0.0,0.0,0.0,0.0,0.0,0.0,0.0,0.0,0.0
2025-05-17 15:10:00,0.0,0.0,0.0,0.0,0.0,0.0,0.0,0.0,0.0,0.0,0.0,0.0,0.0,0.0,0.0,0.0,0.0,0.0,0.0,0.0,0.0,0.0,0.0,0.0,0.0,0.0,0.0,0.0
2025-05-17 15:15:00,0.0,0.0,0.0,0.0,0.0,0.0,0.0,0.0,0.0,0.0,0.0,0.0,0.0,0.0,0.0,0.0,0.0,0.0,0.0,0.0,0.0,0.0,0.0,0.0,0.0,0.0,0.0,0.0
2025-05-17 15:20:00,0.0,0.0,0.0,0.0,0.0,0.0,0.0,0.0,0.0,0.0,0.0,0.0,0.0,0.0,0.0,0.0,0.0,0.0,0.0,0.0,0.0,0.0,0.0,0.0,0.0,0.0,0.0,0.0
2025-05-17 15:25:00,0.0,0.0,0.0,0.0,0.0,0.0,0.0,0.0,0.0,0.0,0.0,0.0,0.0,0.0,0.0,0.0,0.0,0.0,0.0,0.0,0.0,0.0,0.0,0.0,0.0,0.0,0.0,0.0
2025-05-17 15:30:00,0.0,0.0,0.0,0.0,0.0,0.0,0.0,0.0,0.0,0.0,0.0,0.0,0.0,0.0,0.0,0.0,0.0,0.0,0.0,0.0,0.0,0.0,0.0,0.0,0.0,0.0,0.0,0.0
2025-05-17 15:35:00,0.0,0.0,0.0,0.0,0.0,0.0,0.0,0.0,0.0,0.0,0.0,0.0,0.0,0.0,0.0,0.0,0.0,0.0,0.0,0.0,0.0,0.0,0.0,0.0,0.0,0.0,0.0,0.0
2025-05-17 15:40:00,0.0,0.0,0.0,0.0,0.0,0.0,0.0,0.0,0.0,0.0,0.0,0.0,0.0,0.0,0.0,0.0,0.0,0.0,0.0,0.0,0.0,0.0,0.0,0.0,0.0,0.0,0.0,0.0
2025-05-17 15:45:00,0.0,0.0,0.0,0.0,0.0,0.0,0.0,0.0,0.0,0.0,0.0,0.0,0.0,0.0,0.0,0.0,0.0,0.0,0.0,0.0,0.0,0.0,0.0,0.0,0.0,0.0,0.0,0.0
2025-05-17 15:50:00,0.0,0.0,0.0,0.0,0.0,0.0,0.0,0.0,0.0,0.0,0.0,0.0,0.0,0.0,0.0,0.0,0.0,0.0,0.0,0.0,0.0,0.0,0.0,0.0,0.0,0.0,0.0,0.0
2025-05-17 15:55:00,0.0,0.0,0.0,0.0,0.0,0.0,0.0,0.0,0.0,0.0,0.0,0.0,0.0,0.0,0.0,0.0,0.0,0.0,0.0,0.0,0.0,0.0,0.0,0.0,0.0,0.0,0.0,0.0
2025-05-17 16:00:00,0.0,0.0,0.0,0.0,0.0,0.0,0.0,0.0,0.0,0.0,0.0,0.0,0.0,0.0,0.0,0.0,0.0,0.0,0.0,0.0,0.0,0.0,0.0,0.0,0.0,0.0,0.0,0.0
2025-05-17 16:05:00,0.0,0.0,0.0,0.0,0.0,0.0,0.0,0.0,0.0,0.0,0.0,0.0,0.0,0.0,0.0,0.0,0.0,0.0,0.0,0.0,0.0,0.0,0.0,0.0,0.0,0.0,0.0,0.0
2025-05-17 16:10:00,0.0,0.0,0.0,0.0,0.0,0.0,0.0,0.0,0.0,0.0,0.0,0.0,0.0,0.0,0.0,0.0,0.0,0.0,0.0,0.0,0.0,0.0,0.0,0.0,0.0,0.0,0.0,0.0
2025-05-17 16:15:00,0.0,0.0,0.0,0.0,0.0,0.0,0.0,0.0,0.0,0.0,0.0,0.0,0.0,0.0,0.0,0.0,0.0,0.0,0.0,0.0,0.0,0.0,0.0,0.0,0.0,0.0,0.0,0.0
2025-05-17 16:20:00,0.0,0.0,0.0,0.0,0.0,0.0,0.0,0.0,0.0,0.0,0.0,0.0,0.0,0.0,0.0,0.0,0.0,0.0,0.0,0.0,0.0,0.0,0.0,0.0,0.0,0.0,0.0,0.0
2025-05-17 16:25:00,0.0,0.0,0.0,0.0,0.0,0.0,0.0,0.0,0.0,0.0,0.0,0.0,0.0,0.0,0.0,0.0,0.0,0.0,0.0,0.0,0.0,0.0,0.0,0.0,0.0,0.0,0.0,0.0
2025-05-17 16:30:00,0.0,0.0,0.0,0.0,0.0,0.0,0.0,0.0,0.0,0.0,0.0,0.0,0.0,0.0,0.0,0.0,0.0,0.0,0.0,0.0,0.0,0.0,0.0,0.0,0.0,0.0,0.0,0.0
2025-05-17 16:35:00,0.007626304706808216,0.007653259776708137,0.007640279094135058,0.007624343651849307,0.007642818323004634,0.007711405001379822,0.007835780630018588,0.007660999495894824,0.007678591969090983,0.007657064801229716,0.007626353729893927,0.007639882452444735,0.007703903701820773,0.007827003850775047,0.0076096710226798165,0.007621214170413185,0.007591276545765306,0.007536274051026893,0.007519786849013952,0.0076023589235649685,0.007778263251666282,0.007507067278233333,0.007489348444477181,0.007461557030101107,0.0073909318177885035,0.0073133993722296455,0.007442229325129847,0.0077162737052301955
2025-05-17 16:40:00,0.0,0.0,0.0,0.0,0.0,0.0,0.0,0.0,0.0,0.0,0.0,0.0,0.0,0.0,0.0,0.0,0.0,0.0,0.0,0.0,0.0,0.0,0.0,0.0,0.0,0.0,0.0,0.0
2025-05-17 16:45:00,0.005899248298890472,0.013239628137456265,0.021898771219261266,0.02983563946037242,0.0346211854997801,0.034368698895791104,0.029521310964366904,0.0039014327357885905,0.008050025714270966,0.013335259144608586,0.01812929567801804,0.021015587803928894,0.02095609890707989,0.018292093984649406,0.003206074019552283,0.0042858397001358855,0.0065788143463447,0.008805860784144167,0.01014934802908631,0.010338894313899151,0.009570314976145253,0.003123037185444975,0.0031059484506536375,0.003072626381476994,0.0031914576141700464,0.0031271638733654412,0.003753321232152434,0.004805139402535432
2025-05-17 16:50:00,0.05600969669557909,0.056666178947908055,0.057209108155654304,0.057644160665985614,0.05781407976303135,0.05756665498182938,0.05698461078134566,0.055220468748733764,0.057164140825967616,0.05917948846396807,0.061003817860816344,0.06221864222980604,0.06220903731060103,0.06089149944232312,0.0543302278222505,0.057322115104669086,0.060721785377172745,0.06414196465029684,0.06679386047429009,0.0669958996914534,0.06469341497098807,0.05324101563714685,0.05675727887056117,0.06121157934545202,0.06617357849624939,0.07104279956389625,0.07116459436749711,0.06726410290385876
2025-05-17 16:55:00,0.02978890543818198,0.03460360282339457,0.0395579066356464,0.04402431418940589,0.047130586994470015,0.04798846899823957,0.04695434462972199,0.028951051694931028,0.031728968947587,0.03455333772471833,0.03692484627706199,0.038834623651523154,0.039762779781617276,0.04003230279874634,0.027617546487591932,0.02846943615276627,0.029386679943847544,0.029865412459943966,0.030413311975229923,0.03179254522658906,0.034015735057050474,0.02591565413772741,0.025667871577607092,0.02523248438277025,0.024225695111011913,0.023011351621115755,0.025363931645533067,0.030188213843479618
2025-05-17 17:00:00,0.13174592083320472,0.11444781936813675,0.09626917199911492,0.07889819174870037,0.06573095226147738,0.05978552080868088,0.061229210323746994,0.1521137857030248,0.1279331123841852,0.10130428379667092,0.07502443543227089,0.054008648575946,0.04294709755738539,0.042034605814306326,0.1749702353400332,0.14537960040092482,0.10999350094018079,0.07260152041923534,0.040658882408752595,0.024768170799713243,0.024496132872591322,0.20057153727478413,0.16768263051184168,0.12383502605373252,0.0745002556199751,0.026031389828506266,0.0068269686904435835,0.012244569841965876
2025-05-17 17:05:00,0.2089496737017672,0.20950192650778907,0.21013022943022036,0.2107057531712918,0.21107529569872047,0.2111130763860204,0.21085149357053123,0.20897479228328109,0.2094890609782963,0.21008477897316494,0.21063017070728574,0.2109966786215368,0.2110384542067227,0.21078655882820502,0.2089844999824998,0.20945114123540037,0.2100312892515413,0.21059926693409925,0.21101765833536754,0.2110812247973278,0.210817285244161,0.20892984231533393,0.2093785448808035,0.20994506131684948,0.21055804274846388,0.21113430418475204,0.21122385298219956,0.21088340482341766
2025-05-17 17:10:00,0.47726840399384807,0.47813083762545433,0.47192411809617824,0.4641470374550319,0.45737288235070733,0.45223337189534374,0.449623405713548,0.4473070151773473,0.44697804132350855,0.4398954574791608,0.43013241680915415,0.42344535440471703,0.4223918952658088,0.4250589923484548,0.4226041423752658,0.41944332167350007,0.41049404373114007,0.3986475084571648,0.3913467967335447,0.39392774683886544,0.4031051615358435,0.40584984621095666,0.4013341870278654,0.39093923743527564,0.377527872637185,0.36558886187132456,0.3707000332000251,0.3889753794049432
2025-05-17 17:15:00,0.5572758831538444,0.55971260758351,0.575898373863539,0.5953464610067885,0.6087182672980691,0.6117663376917444,0.6079699064006825,0.5448701361807079,0.5376980982878838,0.5479292764332219,0.5670052448007731,0.5834938612632039,0.5915007746072458,0.5911308522413761,0.5178111066251497,0.5039829533224338,0.5119650324540739,0.5325224998856966,0.5526504325444599,0.5684815807813697,0.576957665982953,0.47687490882376815,0.46184323061954125,0.47361049593215376,0.49865593400389313,0.5225564305409774,0.5472717222713637,0.56712305582258
2025-05-17 17:20:00,0.9829678520769467,0.8971967636967925,0.78437220977196,0.6788376784261858,0.6094411317445233,0.5968945362482547,0.6445652236646783,0.857498597165111,0.7747447664034078,0.6720203639116068,0.5779608373708021,0.5243140696096228,0.5333007440554589,0.5932059807488181,0.7188363610774066,0.6371916930300194,0.5420386400810269,0.45255590544506025,0.40320972100630764,0.4359435161800649,0.5290386944790539,0.5904572898524624,0.5072982702964153,0.4267974228981099,0.3441815778356428,0.2697871497530304,0.3242025729117383,0.4748069781604976
2025-05-17 17:25:00,0.5262837472254228,0.5370160991822179,0.535961814217375,0.5345194292367759,0.5427098201392451,0.564342145190328,0.6037584214868752,0.5137813909790282,0.522787290881092,0.5231544165094191,0.5227083154418211,0.536113277130808,0.5617319826552987,0.6010793332081633,0.46592931838969137,0.47387598289934263,0.47648999042898,0.4752601589577491,0.48662133525330437,0.525294935551837,0.5857204135386297,0.39645345323227504,0.39567516127046404,0.4057122030057469,0.40804591540443963,0.40786653323717914,0.46780667061962244,0.565035096313518
2025-05-17 17:30:00,0.34926768367412725,0.36316578669256855,0.37082905104862396,0.37719980589024715,0.38772684387801987,0.40387646974605007,0.4267478774733731,0.36579968661923024,0.3749782073347888,0.3773698294328021,0.3771922336960308,0.38382599561158515,0.39730295216683986,0.42054258524434485,0.3648227679375367,0.37044189939517047,0.36800949567574237,0.35967996373635225,0.3574478910718254,0.3732407597156482,0.40744114128680103,0.3521843353219017,0.35056027213570384,0.3457172393939478,0.3312093716784784,0.3146247981275229,0.3393376114986495,0.39335436437625027
2025-05-17 17:35:00,0.4180896957880586,0.4253599702068731,0.42101320862156316,0.4154046113005391,0.41827982564004285,0.4335747752727127,0.4627183559665598,0.4208571846372989,0.42627392039449186,0.4201960175164796,0.4108561925638549,0.4125858332335252,0.4274172621653728,0.457042654646772,0.40468640621047514,0.4085209100320179,0.40037085386200555,0.38499963472787,0.37952223815687364,0.3992313735453149,0.44225497590679763,0.37836099401042156,0.3750174630086104,0.36707365259961416,0.3477307911465705,0.3270235336052941,0.3579486133149853,0.4254880142936839
2025-05-17 17:40:00,0.42818174353593497,0.44901293095870426,0.471715017058206,0.4964776852343795,0.5256960861246431,0.5615872353020113,0.6028007338383972,0.3800837118309651,0.39777087726775795,0.4178499674343618,0.4408344563416868,0.46836842413291374,0.5018575398817691,0.5401803394097626,0.33963572101423484,0.3548213139430014,0.37215127611747284,0.3920331731212001,0.41617627513667743,0.44748531135624925,0.48471336881847366,0.30673908447070697,0.31981713415529833,0.3346872555461099,0.35110990263276404,0.3696394251077094,0.39928677682852554,0.4374628029865963
2025-05-17 17:45:00,0.8193717074864229,0.8275335463321398,0.8312775674916729,0.8340049161074902,0.8384223189705148,0.8450136438325943,0.8548801234361532,0.818430617426276,0.8265334977039921,0.8306419038495474,0.8329315683540035,0.8380582759460624,0.8450424910516977,0.8547001042895674,0.8087347997583512,0.8166020048129027,0.8210437157526285,0.8225720950266165,0.8265987657330924,0.8364841947308828,0.8513433004016444,0.7937553889683089,0.7988391334519216,0.8044752136266855,0.8063663185451913,0.8073017458837068,0.8225593674984841,0.8464871994495281
2025-05-17 17:50:00,1.2684241376753915,1.2726604151201815,1.27670965951637,1.2802877521992717,1.282774652216411,1.2834401438148975,1.2826700355014575,1.2663071242172372,1.2686881312890348,1.2708514238608664,1.2725504173648285,1.274058957649351,1.2750043133703866,1.275592358812514,1.2637026839975218,1.2642726509957056,1.264721670659655,1.2647076326817597,1.265023031430418,1.26662454846503,1.2693358050611918,1.2609218440448888,1.2604314242745356,1.2597201472054687,1.258404845402384,1.2569535369653664,1.2596683173932508,1.2652773442808884
2025-05-17 17:55:00,3.22445776409678,3.3659746855557033,3.4383180686686563,3.469696504607433,3.429324527165008,3.278964255967916,3.036854103747712,2.639074964994269,2.690818452492283,2.6709854853211983,2.598956174393105,2.5120560437336854,2.4369850602629737,2.3410931850634054,2.2510837692256227,2.1851531911155404,2.0629245201948807,1.9028235931257638,1.7807689706591094,1.7545070729701764,1.7767956372130458,2.065765258286171,1.9716727289742741,1.7607033510870331,1.5236150462411642,1.315613974484498,1.3026865967339019,1.4554753605149706
2025-05-17 18:00:00,4.137434602884445,4.043050728992149,3.9400067595975115,3.8375680497875146,3.7428613424911372,3.6615968028189627,3.5991370292765694,4.147860013872831,4.0416109713675565,3.9254079547168743,3.8084724427247245,3.7017099060100005,3.6154100836586625,3.5547565303174196,4.1475578210380775,4.032388630476892,3.9039148094856717,3.7720827543109796,3.6519722100128766,3.5628374965951197,3.508862940952758,4.136880932855816,4.019115878776186,3.8806788358430566,3.734882005463815,3.5959076426176106,3.507763970504099,3.468633655973754
2025-05-17 18:05:00,2.9276325585742073,2.5944406887644273,2.2630753343742045,1.9487835391895612,1.6738186113149611,1.4565419857444875,1.2972895840867387,3.056458184536831,2.721114656476818,2.375329316597576,2.0384456238318793,1.7434920311173623,1.5229683126933287,1.3767271024530519,3.204202545485445,2.871299748869539,2.508931405544781,2.13554706999634,1.7986111707747419,1.5772620106250725,1.4660333081258496,3.381647870735437,3.06036601098113,2.6889798203118698,2.277638927748032,1.8536971904928101,1.6413752566852124,1.6018955874786949
2025-05-17 18:10:00,1.5721841034337773,1.5218954132837539,1.4532914328081024,1.3942334948741233,1.379264496059904,1.4308130084803348,1.5522547929193051,1.5973848441158367,1.5319138894625446,1.4517668756036999,1.3836951841370544,1.3670121065990877,1.4178651382739493,1.5398079469244763,1.5425966317671953,1.470427881494877,1.3817327689176073,1.2928303458236334,1.2494919062577898,1.3177188524447752,1.488186011526406,1.4388165944601021,1.3460753914580676,1.2637441997123495,1.1607559197600623,1.0555314881705786,1.16303872517039,1.4258327438745617
2025-05-17 18:15:00,0.5471045027978424,0.5327717103453017,0.541099386428616,0.5797571063059042,0.6570828143585381,0.780120688038864,0.9524130971715392,0.560039000315218,0.552933238564908,0.5651220017924135,0.6054704656918102,0.6838775145981724,0.8083511571917611,0.9830794471240389,0.5866174826953392,0.5831206520562713,0.5933033234713615,0.6294726108798958,0.7048209725482819,0.8296776780365815,1.0081797169467115,0.6260572063648367,0.6226743998822337,0.6227399605699026,0.6480979396779764,0.7161381261617055,0.8414401769594098,1.0262927517528158
2025-05-17 18:20:00,1.7580270159722042,1.766166666666665,1.766166666666665,1.766166666666665,1.766166666666665,1.766166666666665,1.766166666666665,1.766166666666665,1.766166666666665,1.766166666666665,1.766166666666665,1.766792715537513,1.7661676626751726,1.766166666666665,1.766166666666665,1.766166666666665,1.766166666666665,1.9413078361742657,2.4671440381985787,2.4117747069556263,1.8796784026053093,1.7529200621363372,1.7552861360140384,1.7687799703944787,2.4984531183791283,3.93233023200423,3.7466692510607698,2.336783261125592
2025-05-17 18:25:00,0.6008384328159908,0.6005198729550304,0.5993088844858371,0.5979729208488602,0.5968574151545952,0.5961002745231325,0.5958637343333318,0.5972086265753906,0.5993124268823632,0.6009210672178775,0.6021989528218167,0.6031374340081639,0.603133857665004,0.6018225782576404,0.5934558262043835,0.5974749572854161,0.6016475075839124,0.6057628776027807,0.6092442492972368,0.609935559662862,0.6073869045824078,0.5898072070229674,0.5947306257884422,0.6009292665155432,0.6077884486079312,0.61465502161832,0.6154616639147065,0.6109875045156612
2025-05-17 18:30:00,0.5258407530274987,0.5247147867473951,0.5239539971116837,0.523433980751537,0.5232430266116137,0.5235611470698848,0.5243543235713907,0.5267780436256975,0.525102913188957,0.5237863758511752,0.5228774491265824,0.5223881382447294,0.5225883499904967,0.5235240575858737,0.5272161257214091,0.5252060109443014,0.5234418380744996,0.5220124810987314,0.5209994676602837,0.5211588674975014,0.5224944251483624,0.5272448624563305,0.5250696660281251,0.5230911555345399,0.5211768735796987,0.5192811161006495,0.5195798168740999,0.5216602840035297
2025-05-17 18:35:00,0.3845059247793042,0.3923442443673716,0.4006957600871134,0.4089580054370233,0.4164667421562915,0.4226906021608273,0.4276527253072985,0.36320797995148224,0.36964038359628826,0.376428451242082,0.3832721096946551,0.3901317523730974,0.3971979441904098,0.4043385757396525,0.34335634351679123,0.34843505187892715,0.3538226883991412,0.35924314707508104,0.3651326544734573,0.3729877073719906,0.382475679556359,0.3258594828093636,0.3295580880832759,0.3339909860575673,0.33822508396862017,0.34209697308983217,0.35088419895847023,0.36339699769592476
2025-05-17 18:40:00,0.3542839690748879,0.34993057170460445,0.34740542163982346,0.3458410189833203,0.34474923844867617,0.344395078869232,0.3449586544045121,0.35371735264208154,0.3514988864262237,0.3519202689618369,0.3540125726753595,0.35571346935011044,0.3560906763415722,0.35480633517150467,0.3509972112051526,0.3510534132241618,0.35465956910532326,0.3606221789534142,0.3656918525668953,0.36686179298863303,0.36370129206918683,0.34603618162099514,0.34760028894911693,0.354355336356232,0.36413203699418695,0.3738138308767258,0.3751942101972442,0.36928368190717836
2025-05-17 18:45:00,0.07898785285803435,0.05114645003555653,0.02942978361729695,0.013525338437313399,0.0030850142378689507,-0.0022720033077143964,-0.0031355563911796922,0.07345672362310328,0.045217748061730914,0.02434578402854847,0.010124719555753888,0.0016590110568649678,-0.0018058240331678835,-0.0010267974226359847,0.06410089337407644,0.0363087885417764,0.017470986841397886,0.005929161674100202,3.9815357274769134e-05,-0.0010346774498944254,0.0018422799515623832,0.05058428809308133,0.024293209130612572,0.009464523428239889,0.002073249545543089,-0.0007878745721511173,0.000901806216425861,0.006219622274800108
2025-05-17 18:50:00,0.042986093481672136,0.04378817366381212,0.04341505870002395,0.0429416968040484,0.043455708676733346,0.04541158019821709,0.04895320534591248,0.04413065686790649,0.04469997820770015,0.04409661688161953,0.0431922225140664,0.043537929820241204,0.045325392030845804,0.0488077641701713,0.04288763862990554,0.04330985173949071,0.042467073446365085,0.04085531201700832,0.040320729656313385,0.042586047190022194,0.047516509701952855,0.040229430175298356,0.039821925504876204,0.03901224487195519,0.036925965619127823,0.03464208030764654,0.03817443929581381,0.04582195255252028
2025-05-17 18:55:00,0.01913630349512587,0.01972011629944179,0.019452080105137565,0.019107805273705578,0.019471694105205033,0.020870691160672104,0.023403498820194064,0.0199895995199676,0.02041825163400564,0.01999201262651016,0.019339557132491976,0.019578352337731694,0.020848099114250028,0.023331688883856096,0.01915074284866207,0.01948256546139326,0.018887892461121936,0.017728555325709015,0.01733401304414493,0.01893375422022598,0.022438010775698434,0.01731134640279789,0.01705137580050775,0.016475415209914426,0.014972166403897903,0.013327302787353838,0.01582099795500776,0.021247338670731256
2025-05-17 19:00:00,0.02986577879341517,0.028572363289215787,0.026593604719818933,0.024643952329059114,0.023240562824421336,0.02271454375851581,0.023104021072244407,0.027186851098680964,0.026395865738660897,0.02504230350586801,0.023642483255393757,0.022742097522383604,0.022647000036784742,0.023093838071523647,0.02470150820357274,0.02424838269654644,0.02339274987858719,0.022478018462058363,0.022026102096944247,0.022303925977978006,0.022935440947288367,0.022737023855782506,0.02244409972468066,0.022028078888288907,0.021576851355791526,0.021287916014860297,0.02174361617763126,0.02272229071267409
2025-05-17 19:05:00,0.0,0.0,0.0,0.0,0.0,0.0,0.0,0.0,0.0,0.0,0.0,0.0,0.0,0.0,0.0,0.0,0.0,0.0,0.0,0.0,0.0,0.0,0.0,0.0,0.0,0.0,0.0,0.0
2025-05-17 19:10:00,0.02031174804935038,0.020266889430175246,0.01903598312461734,0.017400844339293738,0.016464989783349454,0.01675930966236831,0.01746115899283572,0.027477069896852963,0.027228361589211558,0.024777388386999877,0.02116461547545196,0.01794519847419672,0.0164550714013677,0.01710125200924177,0.03722968097133037,0.03676009600485214,0.03270068051227809,0.026633695930613627,0.02074380148037779,0.01698966082328517,0.01653803982660779,0.04897675153578272,0.048104783210454145,0.0417440212616428,0.032714464847326326,0.023789522550566884,0.01808324506963899,0.016368200384781796
2025-05-17 19:15:00,0.0,0.0,0.0,0.0,0.0,0.0,0.0,0.0,0.0,0.0,0.0,0.0,0.0,0.0,0.0,0.0,0.0,0.0,0.0,0.0,0.0,0.0,0.0,0.0,0.0,0.0,0.0,0.0
2025-05-17 19:20:00,0.0,0.0,0.0,0.0,0.0,0.0,0.0,0.0,0.0,0.0,0.0,0.0,0.0,0.0,0.0,0.0,0.0,0.0,0.0,0.0,0.0,0.0,0.0,0.0,0.0,0.0,0.0,0.0
2025-05-17 19:25:00,0.01610472991557129,0.017463196832062895,0.018845146788038343,0.020118998712117305,0.021131244670581653,0.021761097733107013,0.02202248893604122,0.014873020037964575,0.016042010331702553,0.01720918191153797,0.018284150556174435,0.01918700226756719,0.019874489056147915,0.020339881904027128,0.01366414350131154,0.014665860490998711,0.01565862403175163,0.01657360024578624,0.01737925511361325,0.01811238596769613,0.018751821732470586,0.012560596753531062,0.013410863430825913,0.014271958803429985,0.01506259565500567,0.015737045891210825,0.016518374340538884,0.017344446448124908
2025-05-17 19:30:00,0.0,0.0,0.0,0.0,0.0,0.0,0.0,0.0,0.0,0.0,0.0,0.0,0.0,0.0,0.0,0.0,0.0,0.0,0.0,0.0,0.0,0.0,0.0,0.0,0.0,0.0,0.0,0.0
2025-05-17 19:35:00,0.0,0.0,0.0,0.0,0.0,0.0,0.0,0.0,0.0,0.0,0.0,0.0,0.0,0.0,0.0,0.0,0.0,0.0,0.0,0.0,0.0,0.0,0.0,0.0,0.0,0.0,0.0,0.0
2025-05-17 19:40:00,0.012459130900596749,0.012980620294035418,0.01274244812334427,0.012434155034022034,0.012752838745751768,0.013988589634555081,0.016226005805685936,0.01323343594804259,0.013624678246030699,0.01325059234598994,0.01266997207329874,0.012875169525433099,0.013991432037424957,0.016181375138154132,0.012522617542647378,0.01283333168044757,0.012312012689232182,0.011282829835909851,0.010926086381245436,0.012326691089627828,0.015409299066568573,0.01093536656264434,0.010724249023694595,0.01021629577837722,0.008880325395643226,0.007419158743019944,0.009601983873140494,0.014369921497436556
2025-05-17 19:45:00,0.031690839387636185,0.032544675930652515,0.033444860570646676,0.034258025998752994,0.03480229089881163,0.0349062153885033,0.034633617614691414,0.03146233140177453,0.03194635679236143,0.03246155034952094,0.03290113119976805,0.033233197694602194,0.0333617433048357,0.0333365227050893,0.0312012767350169,0.03133237294180178,0.031503033519909136,0.031612221198895,0.03171711350164656,0.03192483326643737,0.03223445631632618,0.030913152367250785,0.030861214665288555,0.03078470700785284,0.03063385598600904,0.03045193998906775,0.030814255643500224,0.031552521978165216
2025-05-17 19:50:00,0.05471324254688753,0.05480756085156359,0.05488512537979302,0.05494701815679304,0.054971245525879495,0.05493624311801,0.054853393475868026,0.05460484120570536,0.05488253760383412,0.055169335192673606,0.05542818827242041,0.0556001364824879,0.05559804322257647,0.05541028040527322,0.0544833725708275,0.054910357290768604,0.05539363648422985,0.05587870344278151,0.05625413399961568,0.056280992351009605,0.055952173560216284,0.054334490960979365,0.05483598526328884,0.05546835868744984,0.05617168672572988,0.05686178562121194,0.05687617630181521,0.05631873104112348
2025-05-17 19:55:00,0.055205619635778753,0.04894067044122123,0.04690836812752728,0.04667189274883775,0.04717669206971666,0.04875518516984781,0.051537400162710426,0.06012619202151875,0.05138177399959938,0.047406553092059184,0.04682116086653716,0.04720883057394259,0.04866802882909414,0.05140585404406586,0.06090057633554757,0.051041156095807214,0.046092604418043824,0.044886050056877146,0.044599703270700695,0.046467303415798224,0.05037670507125424,0.057556688317873556,0.047608445390681514,0.04316370203762247,0.04166406870317444,0.04003165672386333,0.04294055756424334,0.04902892998767068
2025-05-17 20:00:00,0.024999999402767065,0.024999999848631053,0.0250000003340686,0.025000000774055713,0.025000001056948953,0.025000001084979413,0.025000000890455273,0.02499999926000944,0.024999999511281217,0.02499999979403362,0.025000000039957813,0.025000000211795027,0.025000000255965937,0.025000000195302075,0.024999999133299953,0.024999999197530934,0.02499999929917052,0.02499999937789526,0.024999999440300638,0.024999999520887155,0.024999999620463467,0.02499999901274131,0.024999998990246977,0.024999998959132103,0.024999998905172696,0.02499999883753028,0.024999998983888223,0.024999999276912252
2025-05-17 20:05:00,0.007626304706808216,0.007653259776708137,0.007640279094135058,0.007624343651849307,0.007642818323004634,0.007711405001379822,0.007835780630018588,0.007660999495894824,0.007678591969090983,0.007657064801229716,0.007626353729893927,0.007639882452444735,0.007703903701820773,0.007827003850775047,0.0076096710226798165,0.007621214170413185,0.007591276545765306,0.007536274051026893,0.007519786849013952,0.0076023589235649685,0.007778263251666282,0.007507067278233333,0.007489348444477181,0.007461557030101107,0.0073909318177885035,0.0073133993722296455,0.007442229325129847,0.0077162737052301955
2025-05-17 20:10:00,0.0,0.0,0.0,0.0,0.0,0.0,0.0,0.0,0.0,0.0,0.0,0.0,0.0,0.0,0.0,0.0,0.0,0.0,0.0,0.0,0.0,0.0,0.0,0.0,0.0,0.0,0.0,0.0
2025-05-17 20:15:00,0.004452885327202341,0.004613407705975182,0.004539940901210518,0.004445185886634114,0.004544214099356023,0.00492659211261403,0.005618878206398468,0.004689466571077338,0.0048086880268103285,0.004692606288937724,0.004513607083820383,0.004577963151706977,0.004924149593691973,0.005602329012491123,0.004465096074992702,0.004558667367420858,0.004396805351017096,0.004079138223964258,0.003969990433720736,0.0044052107479321005,0.005360906970519669,0.0039684419766670125,0.003900413640565335,0.0037431574157376505,0.0033310121440409974,0.0028801411511300886,0.003558492377099857,0.005037496755386398
2025-05-17 20:20:00,0.0,0.0,0.0,0.0,0.0,0.0,0.0,0.0,0.0,0.0,0.0,0.0,0.0,0.0,0.0,0.0,0.0,0.0,0.0,0.0,0.0,0.0,0.0,0.0,0.0,0.0,0.0,0.0
2025-05-17 20:25:00,0.0,0.0,0.0,0.0,0.0,0.0,0.0,0.0,0.0,0.0,0.0,0.0,0.0,0.0,0.0,0.0,0.0,0.0,0.0,0.0,0.0,0.0,0.0,0.0,0.0,0.0,0.0,0.0
2025-05-17 20:30:00,0.0,0.0,0.0,0.0,0.0,0.0,0.0,0.0,0.0,0.0,0.0,0.0,0.0,0.0,0.0,0.0,0.0,0.0,0.0,0.0,0.0,0.0,0.0,0.0,0.0,0.0,0.0,0.0
2025-05-17 20:35:00,0.0,0.0,0.0,0.0,0.0,0.0,0.0,0.0,0.0,0.0,0.0,0.0,0.0,0.0,0.0,0.0,0.0,0.0,0.0,0.0,0.0,0.0,0.0,0.0,0.0,0.0,0.0,0.0
2025-05-17 20:40:00,0.0,0.0,0.0,0.0,0.0,0.0,0.0,0.0,0.0,0.0,0.0,0.0,0.0,0.0,0.0,0.0,0.0,0.0,0.0,0.0,0.0,0.0,0.0,0.0,0.0,0.0,0.0,0.0
2025-05-17 20:45:00,0.0,0.0,0.0,0.0,0.0,0.0,0.0,0.0,0.0,0.0,0.0,0.0,0.0,0.0,0.0,0.0,0.0,0.0,0.0,0.0,0.0,0.0,0.0,0.0,0.0,0.0,0.0,0.0
2025-05-17 20:50:00,0.0,0.0,0.0,0.0,0.0,0.0,0.0,0.0,0.0,0.0,0.0,0.0,0.0,0.0,0.0,0.0,0.0,0.0,0.0,0.0,0.0,0.0,0.0,0.0,0.0,0.0,0.0,0.0
2025-05-17 20:55:00,0.0,0.0,0.0,0.0,0.0,0.0,0.0,0.0,0.0,0.0,0.0,0.0,0.0,0.0,0.0,0.0,0.0,0.0,0.0,0.0,0.0,0.0,0.0,0.0,0.0,0.0,0.0,0.0
2025-05-17 21:00:00,0.0,0.0,0.0,0.0,0.0,0.0,0.0,0.0,0.0,0.0,0.0,0.0,0.0,0.0,0.0,0.0,0.0,0.0,0.0,0.0,0.0,0.0,0.0,0.0,0.0,0.0,0.0,0.0
2025-05-17 21:05:00,0.0,0.0,0.0,0.0,0.0,0.0,0.0,0.0,0.0,0.0,0.0,0.0,0.0,0.0,0.0,0.0,0.0,0.0,0.0,0.0,0.0,0.0,0.0,0.0,0.0,0.0,0.0,0.0
2025-05-17 21:10:00,0.0,0.0,0.0,0.0,0.0,0.0,0.0,0.0,0.0,0.0,0.0,0.0,0.0,0.0,0.0,0.0,0.0,0.0,0.0,0.0,0.0,0.0,0.0,0.0,0.0,0.0,0.0,0.0
2025-05-17 21:15:00,0.0,0.0,0.0,0.0,0.0,0.0,0.0,0.0,0.0,0.0,0.0,0.0,0.0,0.0,0.0,0.0,0.0,0.0,0.0,0.0,0.0,0.0,0.0,0.0,0.0,0.0,0.0,0.0
2025-05-17 21:20:00,0.0,0.0,0.0,0.0,0.0,0.0,0.0,0.0,0.0,0.0,0.0,0.0,0.0,0.0,0.0,0.0,0.0,0.0,0.0,0.0,0.0,0.0,0.0,0.0,0.0,0.0,0.0,0.0
2025-05-17 21:25:00,0.0,0.0,0.0,0.0,0.0,0.0,0.0,0.0,0.0,0.0,0.0,0.0,0.0,0.0,0.0,0.0,0.0,0.0,0.0,0.0,0.0,0.0,0.0,0.0,0.0,0.0,0.0,0.0
2025-05-17 21:30:00,0.0,0.0,0.0,0.0,0.0,0.0,0.0,0.0,0.0,0.0,0.0,0.0,0.0,0.0,0.0,0.0,0.0,0.0,0.0,0.0,0.0,0.0,0.0,0.0,0.0,0.0,0.0,0.0
2025-05-17 21:35:00,0.0,0.0,0.0,0.0,0.0,0.0,0.0,0.0,0.0,0.0,0.0,0.0,0.0,0.0,0.0,0.0,0.0,0.0,0.0,0.0,0.0,0.0,0.0,0.0,0.0,0.0,0.0,0.0
2025-05-17 21:40:00,0.0,0.0,0.0,0.0,0.0,0.0,0.0,0.0,0.0,0.0,0.0,0.0,0.0,0.0,0.0,0.0,0.0,0.0,0.0,0.0,0.0,0.0,0.0,0.0,0.0,0.0,0.0,0.0
2025-05-17 21:45:00,0.0,0.0,0.0,0.0,0.0,0.0,0.0,0.0,0.0,0.0,0.0,0.0,0.0,0.0,0.0,0.0,0.0,0.0,0.0,0.0,0.0,0.0,0.0,0.0,0.0,0.0,0.0,0.0
2025-05-17 21:50:00,0.0,0.0,0.0,0.0,0.0,0.0,0.0,0.0,0.0,0.0,0.0,0.0,0.0,0.0,0.0,0.0,0.0,0.0,0.0,0.0,0.0,0.0,0.0,0.0,0.0,0.0,0.0,0.0
2025-05-17 21:55:00,0.0,0.0,0.0,0.0,0.0,0.0,0.0,0.0,0.0,0.0,0.0,0.0,0.0,0.0,0.0,0.0,0.0,0.0,0.0,0.0,0.0,0.0,0.0,0.0,0.0,0.0,0.0,0.0
2025-05-17 22:00:00,0.0,0.0,0.0,0.0,0.0,0.0,0.0,0.0,0.0,0.0,0.0,0.0,0.0,0.0,0.0,0.0,0.0,0.0,0.0,0.0,0.0,0.0,0.0,0.0,0.0,0.0,0.0,0.0
2025-05-17 22:05:00,0.0,0.0,0.0,0.0,0.0,0.0,0.0,0.0,0.0,0.0,0.0,0.0,0.0,0.0,0.0,0.0,0.0,0.0,0.0,0.0,0.0,0.0,0.0,0.0,0.0,0.0,0.0,0.0
2025-05-17 22:10:00,0.007877016809756781,0.008243850197091675,0.008076488957190464,0.00785931660079616,0.008081957772717002,0.008948060074752745,0.010516296090730543,0.008424551904043856,0.00870171120370828,0.008439988515125322,0.008031898403652005,0.00817426950944971,0.008955359972289105,0.010489391397816482,0.007933499734219253,0.00815539807428553,0.00779082965411603,0.007068119973075997,0.006816008253011617,0.007794685643875927,0.009952276662575157,0.006829966904433645,0.006686328295515372,0.006330352709278209,0.00539186993996995,0.00436562332981407,0.005890777428223359,0.009226664043074113
2025-05-17 22:15:00,0.017646430860877138,0.017785045786053097,0.017718735814760807,0.0176361589274777,0.01772827881292928,0.018075202904993367,0.018703868180995065,0.01783739385857169,0.017930843446953674,0.017821423134950793,0.017662218017809705,0.01772598876942773,0.018046032739158634,0.018666611731988258,0.017599619720103113,0.017664069057470064,0.017511115237178656,0.017226557867555815,0.017135242233716867,0.017544063670199696,0.01842682495535434,0.017107034376880135,0.017023654370472076,0.016878146001731965,0.016510749328533112,0.016108436290773864,0.016746231377107904,0.01811853613631083
2025-05-17 22:20:00,0.023596993195558986,0.05295851254982212,0.08759508487704198,0.1193425578414865,0.13848474199911717,0.13747479558316114,0.11808524385746447,0.015605730943151559,0.0322001028570809,0.05334103657843118,0.07251718271206882,0.08406235121571207,0.08382439562831595,0.07316837593859407,0.012824296078206563,0.017143358800540656,0.026315257385375542,0.03522344313657312,0.04059739211634133,0.0413555772555926,0.03828125990457721,0.01249214874177755,0.012423793802611847,0.012290505525904882,0.012765830456676492,0.012508655493457555,0.015013284928605429,0.01922055761013769
2025-05-17 22:25:00,0.04842835743409413,0.048305789594925534,0.046294410799428067,0.04377307249623307,0.040711791506857206,0.03687100959601719,0.03278840062634538,0.03217189693505962,0.031836431703260316,0.030061700365313783,0.027656360045982535,0.025499813364195704,0.024132401639838312,0.022395899420257714,0.019262894837558865,0.017914750694199184,0.016056439435263168,0.014089942753524905,0.013207741571256012,0.01376937263758399,0.014079692324632794,0.010322643059172682,0.009150714224952916,0.007373645305958902,0.006048367062475422,0.005482293146396217,0.006781435930583283,0.009331659505086822
2025-05-17 22:30:00,0.05824103009539763,0.06787675971070012,0.0754241750158137,0.08193730813379364,0.08811740880348509,0.09338458722278785,0.09855528353503522,0.05972614631466111,0.06561129812552845,0.06919909152251347,0.07136957777636932,0.07515110933807972,0.08007246245363865,0.08720003451533284,0.055883209606728296,0.058360309021238704,0.05831539412163724,0.055928291552978154,0.05566331654974812,0.06209646689317156,0.07508907135289812,0.048742628864954674,0.04779879141267636,0.04549671391352246,0.039639684479728356,0.03304145437779093,0.043396160271979296,0.06571645311888794
2025-05-17 22:35:00,0.02918015039292928,0.027656769994232056,0.021586067963470523,0.011860092677411312,0.0006969160965662835,-0.009641946774912355,-0.01777318792986015,0.05283001252030121,0.049664277238958825,0.03849607727717351,0.022028001108621065,0.004897831068782293,-0.008322006638372719,-0.0162065474938946,0.08527015239695449,0.0802867719859512,0.0622882277641791,0.0361787406891759,0.009853773189437644,-0.006934179524532559,-0.013234013526948071,0.12794429509135138,0.12098353464313713,0.09385947000327269,0.055618296927563315,0.014802430920493265,-0.005032402775205647,-0.006389518110313891
2025-05-17 22:40:00,0.11488877205045574,0.11530679989848852,0.11510284848267949,0.1148515740194537,0.11513473758791547,0.11619693516885035,0.11812296734238772,0.11545296180734603,0.11572621270534686,0.11538640854967787,0.1149000574412324,0.11509880188599901,0.11608368924706473,0.11798913457415763,0.11469584370869373,0.11487539474842813,0.11440038348525737,0.11353017242012306,0.11325557612781277,0.11451897940994485,0.11723628702143377,0.11315250790517933,0.1128782319433733,0.1124284921035448,0.11130659362095617,0.11007807033158487,0.11204963746940377,0.11627893963250989
2025-05-17 22:45:00,0.06851891438435706,0.06745389694767298,0.06642903519597475,0.06569323849228514,0.06552047290358143,0.06607963073437631,0.06727518227071215,0.0663565861618183,0.06546464161532212,0.0646670803095716,0.06419185893238494,0.06429091340763107,0.06514069789658058,0.0666306625219751,0.06433155912649184,0.06347373945670186,0.06280060247738294,0.062433487454173237,0.06261868587754499,0.06376691566871077,0.06572733412631238,0.06254551688701779,0.06165759119484687,0.061121867533164995,0.06081697625885466,0.06076553877038266,0.06223782732876059,0.06488742542909107
2025-05-17 22:50:00,0.14710842569144766,0.13792701241290697,0.1229048928819009,0.10784810320832657,0.09652626642648969,0.0912304981271374,0.09248291440113304,0.12087231937809303,0.11517057860685743,0.10470111397754964,0.09358260193699142,0.0862359335966701,0.08509633035240544,0.08779281032329792,0.09731655210700361,0.09356772473231197,0.08659667572576578,0.07907615128441364,0.07542249363737459,0.07783646546511382,0.08287397244469707,0.07913193024718591,0.07653438336163987,0.07273569424583494,0.06876733190254203,0.06627656900952057,0.07038861836899366,0.07911349680191468
2025-05-17 22:55:00,0.12282730743746098,0.1186153017372309,0.11585235604933883,0.11394648823633316,0.11229519579037486,0.11101586897831801,0.11057301607265893,0.11538934479613637,0.10933677863526922,0.10539622961897024,0.10328255977587461,0.10213863701125057,0.10241574291253092,0.10350727746475169,0.10711916046353898,0.09961994307823709,0.09493956193191361,0.09261823447837664,0.09177020716504206,0.09367055718872787,0.09709242863584867,0.09856599442258028,0.0910276788617548,0.08674524364610499,0.08460013084495335,0.08285097781853032,0.0860956081217606,0.09280514701018347
2025-05-17 23:00:00,0.12184880238027956,0.12203544362203186,0.12259917548126863,0.12321888881360357,0.12360146510809719,0.12360018252740099,0.1232766815127947,0.12179651037256876,0.12193273124666275,0.12252503852622741,0.1232866459696183,0.12381900092758129,0.12389649424405134,0.12352764141896981,0.12153384179612525,0.12166142155814287,0.12235501756748737,0.12333579820251583,0.12411393299184709,0.12429711125518508,0.12387027355114774,0.12098294317384557,0.12118087216507809,0.12203937756621783,0.12327796816745049,0.12447483816479865,0.12473216265362477,0.12414068155538097
2025-05-17 23:05:00,0.06844083463391747,0.062043809077003985,0.05920791494758275,0.05790314504160725,0.056760803418449274,0.055851569062431786,0.05551736874319074,0.0650405037091731,0.05619692513394219,0.05165182872567749,0.05019077449302806,0.049419223079351496,0.0496373087638712,0.0504112873034133,0.059946100388785555,0.049571787418301934,0.044108889403949456,0.042465592695166886,0.041916095078262314,0.04331643395735428,0.045780869507446385,0.05319026247333721,0.043064554497352796,0.038118097565283844,0.03663878887972956,0.035456677631717524,0.037841765259687354,0.0426867758169657
2025-05-17 23:10:00,0.0404249344741234,0.04042515059445442,0.03924659450463661,0.03777931976936892,0.03612593340005592,0.034204456885617365,0.03234064143898592,0.031385462007428866,0.031221983394021637,0.030141185661557858,0.02869164118696152,0.027536632578245276,0.026997790514384126,0.026452058177509764,0.023909891332641268,0.023149639972590837,0.02199228159107335,0.02071014193751515,0.02017436401461839,0.020794953378651906,0.02159331120840976,0.018469473581792694,0.01770811075674058,0.016612243192686227,0.015644571520247813,0.015079767475235744,0.016285868704751197,0.018697995723825522
2025-05-17 23:15:00,0.0296457978176497,0.02951344031019367,0.028525404409919207,0.026929500215649403,0.025241116525431786,0.02416952999754422,0.024081649844070404,0.03520067293997314,0.03494367129093637,0.03331656098617537,0.030760703086495415,0.027964172281622526,0.025786949255886066,0.024684016528426424,0.04185635123664068,0.041462997074704855,0.0389617858222885,0.03510171359458681,0.030907529117071852,0.027597405403034438,0.025640344454323966,0.049355989665216676,0.048741643471009226,0.044912853403852274,0.03935956672196583,0.03339822539622265,0.029065055057033877,0.026631349144674944
2025-05-17 23:20:00,0.0,0.0,0.0,0.0,0.0,0.0,0.0,0.0,0.0,0.0,0.0,0.0,0.0,0.0,0.0,0.0,0.0,0.0,0.0,0.0,0.0,0.0,0.0,0.0,0.0,0.0,0.0,0.0
2025-05-17 23:25:00,0.013158623899709156,0.010963355462578555,0.00923221943596349,0.007941178526166399,0.0071049083882811,0.006742470968460283,0.006838036246463611,0.01343754124550358,0.011219304532572479,0.009454198242039465,0.008141271138781679,0.007296158944045001,0.006938556074042798,0.0070487634393163355,0.013766184926673003,0.011523635935397151,0.00973196057254578,0.008386759901943375,0.007508056096027033,0.007161579487347275,0.00731989117519185,0.014170496144744514,0.011883912070543283,0.010088658106699294,0.008722798253020365,0.007761887521668759,0.007439830104395435,0.0076933936311925615
2025-05-17 23:30:00,0.0,0.0,0.0,0.0,0.0,0.0,0.0,0.0,0.0,0.0,0.0,0.0,0.0,0.0,0.0,0.0,0.0,0.0,0.0,0.0,0.0,0.0,0.0,0.0,0.0,0.0,0.0,0.0
2025-05-17 23:35:00,0.0,0.0,0.0,0.0,0.0,0.0,0.0,0.0,0.0,0.0,0.0,0.0,0.0,0.0,0.0,0.0,0.0,0.0,0.0,0.0,0.0,0.0,0.0,0.0,0.0,0.0,0.0,0.0
2025-05-17 23:40:00,0.0,0.0,0.0,0.0,0.0,0.0,0.0,0.0,0.0,0.0,0.0,0.0,0.0,0.0,0.0,0.0,0.0,0.0,0.0,0.0,0.0,0.0,0.0,0.0,0.0,0.0,0.0,0.0
2025-05-17 23:45:00,0.0,0.0,0.0,0.0,0.0,0.0,0.0,0.0,0.0,0.0,0.0,0.0,0.0,0.0,0.0,0.0,0.0,0.0,0.0,0.0,0.0,0.0,0.0,0.0,0.0,0.0,0.0,0.0
2025-05-17 23:50:00,0.0,0.0,0.0,0.0,0.0,0.0,0.0,0.0,0.0,0.0,0.0,0.0,0.0,0.0,0.0,0.0,0.0,0.0,0.0,0.0,0.0,0.0,0.0,0.0,0.0,0.0,0.0,0.0
2025-05-17 23:55:00,0.0,0.0,0.0,0.0,0.0,0.0,0.0,0.0,0.0,0.0,0.0,0.0,0.0,0.0,0.0,0.0,0.0,0.0,0.0,0.0,0.0,0.0,0.0,0.0,0.0,0.0,0.0,0.0
2025-05-18 00:00:00,0.0,0.0,0.0,0.0,0.0,0.0,0.0,0.0,0.0,0.0,0.0,0.0,0.0,0.0,0.0,0.0,0.0,0.0,0.0,0.0,0.0,0.0,0.0,0.0,0.0,0.0,0.0,0.0
2025-05-18 00:05:00,0.0,0.0,0.0,0.0,0.0,0.0,0.0,0.0,0.0,0.0,0.0,0.0,0.0,0.0,0.0,0.0,0.0,0.0,0.0,0.0,0.0,0.0,0.0,0.0,0.0,0.0,0.0,0.0
2025-05-18 00:10:00,0.0,0.0,0.0,0.0,0.0,0.0,0.0,0.0,0.0,0.0,0.0,0.0,0.0,0.0,0.0,0.0,0.0,0.0,0.0,0.0,0.0,0.0,0.0,0.0,0.0,0.0,0.0,0.0
2025-05-18 00:15:00,0.0,0.0,0.0,0.0,0.0,0.0,0.0,0.0,0.0,0.0,0.0,0.0,0.0,0.0,0.0,0.0,0.0,0.0,0.0,0.0,0.0,0.0,0.0,0.0,0.0,0.0,0.0,0.0
2025-05-18 00:20:00,0.0,0.0,0.0,0.0,0.0,0.0,0.0,0.0,0.0,0.0,0.0,0.0,0.0,0.0,0.0,0.0,0.0,0.0,0.0,0.0,0.0,0.0,0.0,0.0,0.0,0.0,0.0,0.0
2025-05-18 00:25:00,0.0,0.0,0.0,0.0,0.0,0.0,0.0,0.0,0.0,0.0,0.0,0.0,0.0,0.0,0.0,0.0,0.0,0.0,0.0,0.0,0.0,0.0,0.0,0.0,0.0,0.0,0.0,0.0
2025-05-18 00:30:00,0.0,0.0,0.0,0.0,0.0,0.0,0.0,0.0,0.0,0.0,0.0,0.0,0.0,0.0,0.0,0.0,0.0,0.0,0.0,0.0,0.0,0.0,0.0,0.0,0.0,0.0,0.0,0.0
2025-05-18 00:35:00,0.0,0.0,0.0,0.0,0.0,0.0,0.0,0.0,0.0,0.0,0.0,0.0,0.0,0.0,0.0,0.0,0.0,0.0,0.0,0.0,0.0,0.0,0.0,0.0,0.0,0.0,0.0,0.0
2025-05-18 00:40:00,0.0,0.0,0.0,0.0,0.0,0.0,0.0,0.0,0.0,0.0,0.0,0.0,0.0,0.0,0.0,0.0,0.0,0.0,0.0,0.0,0.0,0.0,0.0,0.0,0.0,0.0,0.0,0.0
2025-05-18 00:45:00,0.0,0.0,0.0,0.0,0.0,0.0,0.0,0.0,0.0,0.0,0.0,0.0,0.0,0.0,0.0,0.0,0.0,0.0,0.0,0.0,0.0,0.0,0.0,0.0,0.0,0.0,0.0,0.0
2025-05-18 00:50:00,0.0,0.0,0.0,0.0,0.0,0.0,0.0,0.0,0.0,0.0,0.0,0.0,0.0,0.0,0.0,0.0,0.0,0.0,0.0,0.0,0.0,0.0,0.0,0.0,0.0,0.0,0.0,0.0
2025-05-18 00:55:00,0.0,0.0,0.0,0.0,0.0,0.0,0.0,0.0,0.0,0.0,0.0,0.0,0.0,0.0,0.0,0.0,0.0,0.0,0.0,0.0,0.0,0.0,0.0,0.0,0.0,0.0,0.0,0.0
2025-05-18 01:00:00,0.0,0.0,0.0,0.0,0.0,0.0,0.0,0.0,0.0,0.0,0.0,0.0,0.0,0.0,0.0,0.0,0.0,0.0,0.0,0.0,0.0,0.0,0.0,0.0,0.0,0.0,0.0,0.0
2025-05-18 01:05:00,0.0,0.0,0.0,0.0,0.0,0.0,0.0,0.0,0.0,0.0,0.0,0.0,0.0,0.0,0.0,0.0,0.0,0.0,0.0,0.0,0.0,0.0,0.0,0.0,0.0,0.0,0.0,0.0
2025-05-18 01:10:00,0.0,0.0,0.0,0.0,0.0,0.0,0.0,0.0,0.0,0.0,0.0,0.0,0.0,0.0,0.0,0.0,0.0,0.0,0.0,0.0,0.0,0.0,0.0,0.0,0.0,0.0,0.0,0.0
2025-05-18 01:15:00,0.0,0.0,0.0,0.0,0.0,0.0,0.0,0.0,0.0,0.0,0.0,0.0,0.0,0.0,0.0,0.0,0.0,0.0,0.0,0.0,0.0,0.0,0.0,0.0,0.0,0.0,0.0,0.0
2025-05-18 01:20:00,0.0,0.0,0.0,0.0,0.0,0.0,0.0,0.0,0.0,0.0,0.0,0.0,0.0,0.0,0.0,0.0,0.0,0.0,0.0,0.0,0.0,0.0,0.0,0.0,0.0,0.0,0.0,0.0
2025-05-18 01:25:00,0.0,0.0,0.0,0.0,0.0,0.0,0.0,0.0,0.0,0.0,0.0,0.0,0.0,0.0,0.0,0.0,0.0,0.0,0.0,0.0,0.0,0.0,0.0,0.0,0.0,0.0,0.0,0.0
2025-05-18 01:30:00,0.0,0.0,0.0,0.0,0.0,0.0,0.0,0.0,0.0,0.0,0.0,0.0,0.0,0.0,0.0,0.0,0.0,0.0,0.0,0.0,0.0,0.0,0.0,0.0,0.0,0.0,0.0,0.0
2025-05-18 01:35:00,0.0,0.0,0.0,0.0,0.0,0.0,0.0,0.0,0.0,0.0,0.0,0.0,0.0,0.0,0.0,0.0,0.0,0.0,0.0,0.0,0.0,0.0,0.0,0.0,0.0,0.0,0.0,0.0
2025-05-18 01:40:00,0.0,0.0,0.0,0.0,0.0,0.0,0.0,0.0,0.0,0.0,0.0,0.0,0.0,0.0,0.0,0.0,0.0,0.0,0.0,0.0,0.0,0.0,0.0,0.0,0.0,0.0,0.0,0.0
2025-05-18 01:45:00,0.0,0.0,0.0,0.0,0.0,0.0,0.0,0.0,0.0,0.0,0.0,0.0,0.0,0.0,0.0,0.0,0.0,0.0,0.0,0.0,0.0,0.0,0.0,0.0,0.0,0.0,0.0,0.0
2025-05-18 01:50:00,0.0,0.0,0.0,0.0,0.0,0.0,0.0,0.0,0.0,0.0,0.0,0.0,0.0,0.0,0.0,0.0,0.0,0.0,0.0,0.0,0.0,0.0,0.0,0.0,0.0,0.0,0.0,0.0
2025-05-18 01:55:00,0.0,0.0,0.0,0.0,0.0,0.0,0.0,0.0,0.0,0.0,0.0,0.0,0.0,0.0,0.0,0.0,0.0,0.0,0.0,0.0,0.0,0.0,0.0,0.0,0.0,0.0,0.0,0.0
2025-05-18 02:00:00,0.0,0.0,0.0,0.0,0.0,0.0,0.0,0.0,0.0,0.0,0.0,0.0,0.0,0.0,0.0,0.0,0.0,0.0,0.0,0.0,0.0,0.0,0.0,0.0,0.0,0.0,0.0,0.0
2025-05-18 02:05:00,0.0,0.0,0.0,0.0,0.0,0.0,0.0,0.0,0.0,0.0,0.0,0.0,0.0,0.0,0.0,0.0,0.0,0.0,0.0,0.0,0.0,0.0,0.0,0.0,0.0,0.0,0.0,0.0
2025-05-18 02:10:00,0.004452885327202418,0.004613407705975259,0.004539940901210597,0.004445185886634191,0.004544214099356093,0.0049265921126140965,0.005618878206398545,0.004689466571077409,0.004808688026810414,0.0046926062889378,0.004513607083820452,0.00457796315170705,0.004924149593692047,0.005602329012491199,0.004465096074992773,0.004558667367420936,0.004396805351017165,0.004079138223964316,0.003969990433720794,0.004405210747932163,0.00536090697051974,0.003968441976667082,0.0039004136405654125,0.003743157415737707,0.003331012144041053,0.002880141151130132,0.003558492377099912,0.005037496755386471
2025-05-18 02:15:00,0.035895871042806976,0.035888246633818656,0.035052885327442336,0.03401571733213514,0.03284893799037588,0.03149562407693106,0.03018529293726563,0.029527119965138703,0.02939856697664483,0.028626533360058763,0.02759773534666242,0.026779370913611322,0.02640033285099444,0.0260215619871884,0.024258513112513657,0.023705369238735986,0.022874702535524122,0.021958950646230175,0.021572630625387015,0.022010869905137627,0.022583584424646957,0.020422701068056597,0.019867304554200493,0.0190774162480802,0.0183787702085409,0.017964469998977693,0.018816512884342867,0.020533443222249467
2025-05-18 02:20:00,0.004452885327202418,0.004613407705975259,0.004539940901210597,0.004445185886634191,0.004544214099356093,0.0049265921126140965,0.005618878206398545,0.004689466571077409,0.004808688026810414,0.0046926062889378,0.004513607083820452,0.00457796315170705,0.004924149593692047,0.005602329012491199,0.004465096074992773,0.004558667367420936,0.004396805351017165,0.004079138223964316,0.003969990433720794,0.004405210747932163,0.00536090697051974,0.003968441976667082,0.0039004136405654125,0.003743157415737707,0.003331012144041053,0.002880141151130132,0.003558492377099912,0.005037496755386471
2025-05-18 02:25:00,0.0,0.0,0.0,0.0,0.0,0.0,0.0,0.0,0.0,0.0,0.0,0.0,0.0,0.0,0.0,0.0,0.0,0.0,0.0,0.0,0.0,0.0,0.0,0.0,0.0,0.0,0.0,0.0
2025-05-18 02:30:00,0.0,0.0,0.0,0.0,0.0,0.0,0.0,0.0,0.0,0.0,0.0,0.0,0.0,0.0,0.0,0.0,0.0,0.0,0.0,0.0,0.0,0.0,0.0,0.0,0.0,0.0,0.0,0.0
2025-05-18 02:35:00,0.005294053439169223,0.005417853240451272,0.005360643910105458,0.005287653935917041,0.005366028701044023,0.005665532280963542,0.006207798892016535,0.005472634560183893,0.005561872253199685,0.005470027442471267,0.0053310546232478075,0.005383215501704302,0.0056560936870557596,0.0061886293222906666,0.005287087143717437,0.005354600865076504,0.005226369830460524,0.00497900394402033,0.004896028772149799,0.0052409573177206945,0.005993787535808605,0.004885933093824485,0.004826558143243433,0.0047029309922081075,0.00438248784278691,0.004031756487012197,0.00456953108496863,0.005736367310639522
2025-05-18 02:40:00,0.0156752343843962,0.016960003280790736,0.018410895778579697,0.019731595109965878,0.02054917833392718,0.02055720426546901,0.019842892769049297,0.01524486741287,0.01596900566846114,0.016833225686217507,0.017599564876724497,0.018093898110922126,0.018149789927522055,0.017826591968999977,0.014959482783606603,0.015142310975559369,0.015483456303607757,0.01578537550589064,0.015990617811078935,0.016127410783703257,0.016208575151500874,0.014747156194629324,0.014708998786234505,0.014655915590559525,0.014584185566238176,0.01447887103432776,0.014752206773249826,0.015280643870433801
2025-05-18 02:45:00,0.05131271560706512,0.047611576002386705,0.04155200936512265,0.03555398894980441,0.031452261071456995,0.03036148595674149,0.03242403202151656,0.04363614262748863,0.04142463406369729,0.037219778282605656,0.03279280635107769,0.030169844333717916,0.03031619583075026,0.032506260888843404,0.03595745691720498,0.03475891721574545,0.03201896464360009,0.028898392809362183,0.027418347172074975,0.02878361929194402,0.03184303076642589,0.02949309518032041,0.028583286080705157,0.027185082998995556,0.025356143747290682,0.023963554926375304,0.02615468393972385,0.030869135506334997
2025-05-18 02:50:00,0.11615683972215093,0.1205957834816038,0.12262044891127724,0.12359025663556644,0.12300882179187878,0.11993293305872119,0.11536663267277296,0.09674868706734795,0.09897618204775582,0.09923916233693457,0.09829220014968493,0.09762594181849873,0.09746028510431791,0.09681528862385716,0.07999905169080425,0.07922136992082741,0.0775590244917235,0.07516728966630119,0.0744647556782067,0.07713213592132145,0.08114819157101803,0.06706459035722286,0.06522324314200395,0.06243956241214518,0.059290856761626515,0.05677782970335704,0.06161764917698425,0.0715298600330645
2025-05-18 02:55:00,0.2829073634275667,0.269449658775265,0.2513552410539617,0.23406205244527756,0.22245627973664373,0.21995468517743869,0.22629540741541793,0.2690351137448195,0.25476013226774874,0.235916834759067,0.2175735803314895,0.20558757366184732,0.20486506670914706,0.2138881145305654,0.2567271445407797,0.24143381001592293,0.22119243070462255,0.20034339055694728,0.1859278293812967,0.18663608748185515,0.2001779231500498,0.248725531928905,0.23272431163497728,0.21175359152190792,0.18829489765326732,0.16636442477929475,0.16830531243173033,0.18989334020054466
2025-05-18 03:00:00,0.2258653091610763,0.22593740738271806,0.2270691497276613,0.22855908115763418,0.22965353300892327,0.2300170596975074,0.23018726619124674,0.22277183407950718,0.2230063509663741,0.224985006639706,0.2278830200366588,0.23051970282289383,0.23186123948378945,0.2317698899381282,0.21725383037966295,0.2177709357822564,0.2209214160308514,0.22552103326738138,0.22990255759024025,0.2326703341256633,0.23318364371392084,0.20970737863376596,0.210458913110201,0.21527945506868068,0.22193612454811695,0.2284109375652423,0.23256514279945745,0.23383677119695442
2025-05-18 03:05:00,0.3068445132514796,0.31141601769549754,0.31645357427553494,0.32111047475907356,0.32453135939780314,0.3258970618712818,0.3254548308288677,0.30860560907844914,0.3112738882662483,0.31424523663450715,0.316893288736485,0.3190279334142629,0.32006901449560754,0.3205006491734357,0.3094449866003052,0.3104404894558973,0.31160813600802356,0.31239498757386125,0.3130467869582688,0.31419081860642784,0.3161144636878557,0.3093545136585524,0.3092982387016555,0.30915520781129896,0.30842818552823403,0.3073902828541935,0.3093004790932957,0.3132648629711897
2025-05-18 03:10:00,0.38652100257146427,0.38634597197709103,0.3858116723930994,0.3852167637053121,0.38479465631844584,0.3846570288168024,0.38476580291682605,0.3860688636821974,0.38593215343711734,0.3853827346785685,0.38467624036402615,0.3841560809991317,0.38402735829108897,0.38424521170647563,0.3859236587526536,0.38576551213391824,0.3851302893202905,0.384259672437744,0.383579886026135,0.383412982457738,0.38372294722070144,0.38615749618355893,0.3859554922011786,0.38518255309026816,0.38411821875380325,0.38311436092676876,0.3828907301286381,0.38337324111587684
2025-05-18 03:15:00,0.3595596675516131,0.3554616570090812,0.34640556934218547,0.33714644897938506,0.33119669783818334,0.3304033812562801,0.3352748972652281,0.34507620554383617,0.3426559283694245,0.3359062011269286,0.3283244857894777,0.324455814721165,0.3259561636120767,0.3317290445576614,0.32937312496548987,0.3278082637680831,0.3227249402919646,0.31630303698049744,0.31348669652851285,0.317712604852292,0.3267589277955885,0.31523558932646556,0.31328204954523137,0.3100181675205261,0.3050328693411363,0.3006846674250953,0.30750017300186566,0.32218390007659775
2025-05-18 03:20:00,0.33572813062222195,0.3329674792018321,0.33027617789288355,0.32779801919960905,0.3256416262176428,0.3238751767546016,0.32249604813657495,0.33446866132011427,0.3317162898925686,0.32909523654181405,0.32670633890440254,0.3246554009081729,0.32302966471193756,0.321821567612815,0.3329713647795379,0.33025689377530215,0.3277292144548776,0.3254301761301655,0.32346255730700324,0.3220161219589541,0.3210661550961429,0.3312727162097405,0.32864974738639435,0.3262912847826771,0.3241276459247085,0.322158456469454,0.32093907077905215,0.32036220461395293
2025-05-18 03:25:00,0.2952896652642388,0.2949217982569142,0.2945887169581261,0.2943527162666083,0.29429195162746824,0.29446111817747206,0.29483698163557476,0.29512438956955,0.2948290415485683,0.2945821829095828,0.2944335864966137,0.29444164709171133,0.2946466710512979,0.29502494178571126,0.29502118310512937,0.2947848719631569,0.29460507663293584,0.29450793280155735,0.29454271318105324,0.294785825488301,0.295207456152229,0.29497989814788333,0.29479295952451334,0.29468227812863046,0.2946251751195845,0.29462512013017406,0.29491133799315583,0.2954202140524952
2025-05-18 03:30:00,0.2648866937953792,0.24977468425101054,0.23894363901973203,0.231124497851103,0.22744116701882183,0.2301971113325224,0.23902904624007631,0.27244443384314937,0.24986267100731874,0.23152359405902156,0.21834107410382025,0.2107350008111219,0.21260089742422955,0.22417606477448235,0.27500118742008817,0.24753620917557628,0.2229961818573447,0.20279100998746993,0.1884166638835573,0.1901201696822834,0.2075065500398878,0.2737947318274476,0.24421592025705352,0.21656688673242003,0.1898139756440763,0.16359825601918876,0.1670902662839249,0.1948159205790406
2025-05-18 03:35:00,0.19436090190300825,0.18980696840275424,0.18807108814191223,0.18784756467929775,0.18794486501346125,0.1883357944948385,0.19020355382739224,0.18678156145031077,0.18497843633804065,0.18806485415843785,0.19420479464380558,0.20007237150115312,0.20314582058171624,0.2027391996795584,0.17246473678428256,0.17363222859920255,0.18223489838556872,0.1953716248267105,0.20775148291293122,0.21446463331911156,0.21369095575556765,0.15246355945362894,0.1554393883768,0.17037924257152404,0.19111714679594724,0.21149526146785622,0.22125071816111178,0.2198888813772948
2025-05-18 03:40:00,0.15159664725398356,0.14849922970187138,0.14578204153298324,0.14352770249679989,0.14243385499818054,0.14319644773894635,0.14543491192522617,0.1559199770814527,0.1512083404438705,0.1464851269626438,0.14236990928771814,0.13960352351156857,0.1394997447024776,0.1422720585572594,0.1600892785748231,0.15429187434325142,0.14768334764003532,0.14117373566971125,0.13597373175718475,0.13499921886470811,0.13860537623981473,0.16417616689527856,0.1577597290134141,0.149648818439671,0.14065901904071232,0.13181040843274375,0.1305172284991048,0.13587732588236087
2025-05-18 03:45:00,0.19839207956235863,0.21732550648630852,0.23375981891662362,0.247632969759977,0.25881888326624036,0.26725889395818253,0.2727852574296613,0.2089066869697806,0.23310269573529585,0.25542985884377034,0.27513883537055517,0.2903271394151422,0.2987854856634415,0.3007067850811881,0.22017831075974362,0.24836399407994716,0.2758393353933358,0.30172190449866493,0.32231224407553616,0.3304400329191952,0.32698093162493747,0.23141602630332075,0.2613298900585069,0.2919435304141225,0.32317187184679874,0.3530854818231681,0.35968726590363415,0.3472523587731474
2025-05-18 03:50:00,0.3449274861910431,0.3468185407993372,0.3511002827829695,0.35531315135885233,0.3571495134215766,0.35533269517354027,0.3497397929031718,0.34452710309083157,0.34175810902607107,0.34080305223104274,0.3403247021131257,0.3387027768796907,0.33657807819443725,0.33407175131690936,0.3479707348810042,0.3410799053602212,0.33532335049846995,0.33031706651538756,0.3253414536789032,0.32224203314295946,0.321459258646837,0.35393004344122986,0.34610538271644087,0.3363824086071682,0.3269628667469758,0.31788199545149665,0.3137025450442068,0.3145612203592277
2025-05-18 03:55:00,0.5468970679672127,0.5403762448568291,0.5311646686350461,0.5200301950737335,0.5071008525212441,0.49230123975527595,0.47601227664845736,0.5457782915723548,0.5344912156059604,0.5204841346187976,0.5046119815904115,0.48812435824444333,0.472369244734771,0.45750568683623205,0.5422713327488669,0.5265209204540816,0.5079594620097154,0.4872367561534261,0.4665589088041139,0.4500521654890387,0.4374878800465405,0.537237019215452,0.5178181067399228,0.4954995804612881,0.4703039858662831,0.4433084401833379,0.4266967162475376,0.4183997270757403
2025-05-18 04:00:00,0.2905770010826162,0.2988154846048446,0.30912093785885614,0.318687571948203,0.3243011826532965,0.32366596181808904,0.31718098060271926,0.29290086292842576,0.30635204377987296,0.32254969088016006,0.3379159127668388,0.3476846447342933,0.3472872764468565,0.33696676330759606,0.29510787430663615,0.31292043536753783,0.3349758459317851,0.3576847370678543,0.37426893562368024,0.37391897450086214,0.35745159767564716,0.2952597633638601,0.3156496280932531,0.3419524013900254,0.37177782100593826,0.4006639458470934,0.3990365704179081,0.3720936797703976
2025-05-18 04:05:00,0.2718662425260052,0.28086035450241914,0.28582450821339406,0.2862738292971435,0.28324235046135793,0.2781306302366231,0.27215727500894005,0.3046890534786576,0.30808850162136747,0.30391629484146776,0.2938737897319864,0.2817552155409968,0.2715955014248359,0.2645453242759981,0.3427795245247808,0.3411013576451034,0.3267655430496939,0.3038696125338869,0.2797165530784637,0.26391883567117336,0.2570920486030526,0.38748185105685806,0.3812160279926939,0.3551908133489584,0.31754806211662095,0.27616746853092167,0.25545019290432,0.2523824370271418
2025-05-18 04:10:00,0.2276507323508939,0.24527902653791636,0.26861047909159763,0.2909221157895069,0.30626915276520156,0.31040642021338394,0.30373433957849144,0.2464710030892613,0.26505469949009447,0.28927589698251716,0.31283729280344863,0.3286500761027058,0.33038433575909965,0.32013232609333103,0.26209615144906184,0.2819749917762977,0.30795736691705905,0.33454379019756675,0.35319052322663846,0.3532613397076065,0.33769106472492055,0.2713495522372981,0.29183222936039116,0.31884827928729936,0.34869501487184423,0.37645708074421774,0.3754650710095449,0.35051190948430216
2025-05-18 04:15:00,0.211119303758684,0.21769306814884,0.22798798672924556,0.23799223700868108,0.24400983733109213,0.24377816935030233,0.23730152738933075,0.21991819586463807,0.2313262455199129,0.24686958714343127,0.26229672250196434,0.27172170712308724,0.27069317987873687,0.2597725121450962,0.22874813547459522,0.24457765882621554,0.2655225642437351,0.28779654068867777,0.3033447953892477,0.3011286961961225,0.2827479363139327,0.2348696307893045,0.2535347000464762,0.2782141057918575,0.3068756747227823,0.3344993042745933,0.32988739190611227,0.29918355316762196
2025-05-18 04:20:00,0.1338368614627897,0.1335859403087889,0.1329307124001553,0.13224838666693664,0.13179514828791247,0.13169663998589085,0.13201051221069118,0.1324262758074266,0.1322554454626466,0.1317386330056522,0.13115016601922588,0.13085467749382654,0.13097998896059346,0.1314279990999955,0.13094063444784845,0.1307793442126545,0.13035365287023656,0.12982658766745137,0.12960765333134439,0.12999337263254593,0.13077921656132796,0.1296148831969963,0.12940286244059912,0.12910059114028047,0.1286703356878468,0.12829743524413453,0.12892724609112727,0.13025936302640406
2025-05-18 04:25:00,0.15234949769263043,0.15583283030038292,0.16330334107764571,0.17094560796811328,0.17604134971580543,0.1771553594031823,0.1738498133885307,0.16533927171136958,0.1674550852819437,0.17300714248978138,0.17921225022013276,0.18251944411234916,0.18157566597443778,0.17737962981913077,0.1788718814931356,0.1803425733472767,0.18450828711572426,0.18964346308448748,0.19189379880521706,0.18864470289175622,0.1818074394374748,0.1907486430234825,0.1924244049017115,0.1950868422523959,0.19893573127299502,0.2021952670983131,0.19691888986021644,0.18564407130236307
2025-05-18 04:30:00,0.1289353550932468,0.13346862848754415,0.1369941481108128,0.13976162474367754,0.1408969536169416,0.1394151834954053,0.13598507903474544,0.12003245156130808,0.12681817967622908,0.1332498499230304,0.13867858868897517,0.1423783473595376,0.14256154276996952,0.13875437059755985,0.11155298691047497,0.11970943782401622,0.1288243083789367,0.1377038894726393,0.1450315336957116,0.14688901199388585,0.14244435648750195,0.10364052032943091,0.11260829276703208,0.1239319208389675,0.13645883867587322,0.14888306498089188,0.1515239053190798,0.14532920946731814
2025-05-18 04:35:00,0.13218185822922207,0.13111044120194223,0.130013571961774,0.12903006414751403,0.1283730657042953,0.12824912544818712,0.1285784022472691,0.13227076925195413,0.1310184798659855,0.1296926608586415,0.12850442321773672,0.12764943633100007,0.12747459202506328,0.12793371092838654,0.13254845381422092,0.13117483220847562,0.1296108643622119,0.12810735318137612,0.1269301383707738,0.1266415376436056,0.12722166567382936,0.13305149458889765,0.1316524791120577,0.12989492603868077,0.1280352987426599,0.1262642077701642,0.12586750800582627,0.12671614479059806
2025-05-18 04:40:00,0.1207432831823701,0.12548205250246536,0.129636364886339,0.1332006271403522,0.13557953287507743,0.13599309405074111,0.134935868148654,0.11823299718853643,0.12523516785297784,0.13213100760839758,0.13818660876562816,0.14272769170675126,0.14382933499210604,0.14151191042960504,0.11435411883687234,0.12305982828298163,0.13258993509064182,0.14173429572079388,0.14918800644150812,0.1513382807495071,0.14796162717520234,0.10924447622023468,0.11849435347997256,0.1301859544438495,0.14259116387230023,0.1545667504487699,0.15750927806229878,0.1521932163515887
2025-05-18 04:45:00,0.13217897878848017,0.1224777612546211,0.11267091805452346,0.10318713988168916,0.09464862736245497,0.08760304036214722,0.08227548357111569,0.14001308299371515,0.12893426989720283,0.1173245651219684,0.105877039523474,0.0957148414884483,0.08794286458793328,0.08274872615216519,0.14764775667015204,0.1354811033073107,0.12201566559672888,0.10818376587355635,0.09576489626468757,0.08731572868559198,0.08285356349988851,0.15521863746172115,0.14242854142598846,0.1272114508245409,0.11085652870780724,0.09489655567243485,0.08611589300960391,0.08352300057151256
2025-05-18 04:50:00,0.04600582791411495,0.047349568217861744,0.0486765326854991,0.049865982676562504,0.05072589439732683,0.051032711806890306,0.05089381168218203,0.045751238515436804,0.046519293471885326,0.047248526124798414,0.047843261824017436,0.04837158663898647,0.0487029078505595,0.048931566638694454,0.045262011994388424,0.04548715342405597,0.04567958163419792,0.04572360409503356,0.045843385173330864,0.04633114651529047,0.04717498489047452,0.04462061569236945,0.04450704544611831,0.04433103453193423,0.0439483622695307,0.043503612184149394,0.044321889660453445,0.046019337691264
2025-05-18 04:55:00,0.06763877609255405,0.06787818435418248,0.06818703978184387,0.0686418818300057,0.0693301198307264,0.07031257144612335,0.0715555314450279,0.0661924591000226,0.06643051831702881,0.06676493344836361,0.06725329934803823,0.0679736464865457,0.06899033289048279,0.07027246189280001,0.06512630394863625,0.06533112517417333,0.06566123538993217,0.06613299630169286,0.06682154547195274,0.06787927076425027,0.06926375272820212,0.06443709594563747,0.06461315626533022,0.06496143173928813,0.06540897601176901,0.06595137527814984,0.06706462678876668,0.06863363014087816
2025-05-18 05:00:00,0.0846478527227927,0.08568538978541226,0.08643393097036492,0.08693959578480377,0.08719303121062547,0.08707849731771071,0.08646469439532399,0.0858832887520285,0.08746168024130876,0.08858379189326623,0.0892205852501111,0.08939522796811064,0.08897331503925968,0.0880364061169499,0.08787214730356227,0.08983589363118762,0.09119829843502125,0.09202368602916372,0.09230829530362573,0.09143377511866796,0.08969584044233939,0.09032880314542734,0.092444547065955,0.09369295441322507,0.09457037086743178,0.0954000804881935,0.09397520250241088,0.09097215142406158
2025-05-18 05:05:00,0.07302439076714241,0.07517295227954429,0.08005144446577232,0.08519945639063843,0.08848916909109766,0.08879333958717822,0.08638017377862996,0.07522682743564514,0.07666451318240022,0.08112303306526703,0.0865289029174847,0.09013283136170509,0.09044591083112002,0.08774125933180088,0.07639363090935676,0.07748457077585534,0.08202226206161918,0.08817837859595945,0.09272149367515475,0.09317361883783978,0.08983452958731213,0.07570625858972908,0.07709414247943101,0.08206540328779653,0.08916852608442918,0.0959174289265932,0.09645230003243889,0.09163577363600033
2025-05-18 05:10:00,0.10119013517118708,0.0997728307845742,0.09613860276422032,0.0921319730607452,0.08927387019698055,0.08832891353581115,0.08892693091686049,0.09950067885397343,0.09843089778342398,0.09469606157271881,0.0899269183509521,0.0862677816946391,0.08513540819260891,0.08628435148804611,0.10014961549775855,0.09906118999399713,0.0947418813138164,0.0888375973118336,0.0840145272607459,0.08228718065108018,0.08361060663726501,0.10341387973138286,0.10213554421649612,0.09677789027083561,0.08945289826733989,0.0825246591691378,0.08005377127596686,0.08188430439893188
2025-05-18 05:15:00,0.1186504986526275,0.12126474130787461,0.12342553140132295,0.12504667237327383,0.1260650260921659,0.12645730858293416,0.1262764328282632,0.12250591384761475,0.12553848630949008,0.1280245615597632,0.12989440691791923,0.13103032660240485,0.13131284231554705,0.13082011485198292,0.12641176781884922,0.1297829011524837,0.1325184724704582,0.13463102437210592,0.13595853669722444,0.13606942351198614,0.1350917287945415,0.13035322497234322,0.1338805547931032,0.13662706360160184,0.13885569215528315,0.14062666776887578,0.1404654336000089,0.13872905605760946
2025-05-18 05:20:00,0.13750611291771497,0.12608605298146017,0.11411542989282059,0.10218185143866865,0.09123187866315999,0.08210164260081554,0.07508879277998401,0.1495543267172356,0.13577631513678168,0.1206197894735527,0.1051512755358184,0.0913151082789712,0.08109795010643737,0.07470552748455175,0.16148629173652437,0.1459967516284571,0.12768979966688807,0.10797134152269028,0.09003066458535008,0.07883591483244431,0.07424139864309216,0.17367017989390807,0.1575295137546632,0.13653298362817123,0.11247111385156927,0.0878207055833162,0.07632700583551795,0.07578389847452364
2025-05-18 05:25:00,0.09947110168830305,0.10106072643930643,0.10254342399597433,0.10382460307323538,0.10460225552763934,0.10456383659043866,0.10386415181967618,0.09851778480768987,0.10091961423072018,0.10337485575845802,0.10555371942486395,0.1070884932997977,0.10729673064944559,0.10616390579382357,0.09732914900575147,0.10033789735829395,0.10372578066791482,0.10703441446736894,0.10965297512105554,0.11017032729686471,0.1085272445107114,0.09585971619136763,0.0991328019459349,0.1032576514861799,0.10773150155578484,0.11207461952135443,0.11273915913056005,0.11015885093043941
2025-05-18 05:30:00,0.04423785865975752,0.04617361916135724,0.04808842503758934,0.049805410120679613,0.05104614235473406,0.05148788356804009,0.051284373657515356,0.0438858006684086,0.044995116874743085,0.04605121139412432,0.046913842193621616,0.04767731417925683,0.048152037600663944,0.0484745709003578,0.04319778942499933,0.043528020061530094,0.04381317301303909,0.0438852269373666,0.044062086271889636,0.04475895765268578,0.04596091619989785,0.042289849880248746,0.042134258667836794,0.04188947806129917,0.041348700087085646,0.040718003766896965,0.04188708185756771,0.044308265026435374
2025-05-18 05:35:00,0.0821496649554386,0.0766550700326351,0.07181989654543683,0.06770240129834117,0.06511509255452017,0.0650440198329558,0.06689178318316935,0.08686423744592198,0.08060007841418682,0.07461317509958972,0.06953058529947392,0.06571868028962105,0.064728947584192,0.06658938878468304,0.09227675412358025,0.08573094509947252,0.07862600640788711,0.07200358747835243,0.06642761754587445,0.06417777143056355,0.06567545491656013,0.09813678421018168,0.09162739322904474,0.08349159785349228,0.0749994422396338,0.06679323141896577,0.06343595919050052,0.06491521333239167
2025-05-18 05:40:00,0.019314741772289826,0.017793756984513315,0.016727948484136175,0.016088730621499653,0.01590553872894701,0.016210778232557305,0.01696815232077344,0.020802979811764023,0.019336771536960787,0.01830231566442671,0.017688643318198305,0.017529648975086656,0.01787366270209036,0.018677792440812798,0.022464102367484955,0.021069941420847036,0.020090703097745015,0.019482127882223747,0.019286200406103814,0.019678258455270038,0.020597501942348474,0.02432376874927559,0.023015492933676447,0.022170064937255513,0.021604688160308885,0.02124248126630813,0.021707908218976724,0.022844786883396362
2025-05-18 05:45:00,0.006947413724754464,0.007001986529941866,0.006975880242031539,0.006943369656486999,0.0069796373279246236,0.007116221616138831,0.007363727630312712,0.007022596007311363,0.007059387183839746,0.0070163083208465045,0.006953629140869707,0.006978735735994915,0.00710473729888109,0.007349059737002968,0.006928984141772565,0.006954357896641478,0.006894139857156705,0.006782109396675289,0.006746158359730834,0.006907111681180744,0.007254655494233733,0.006735052904283213,0.006702226130106859,0.006644939370760381,0.006500295011233302,0.0063419040514855925,0.0065930044791761375,0.007133281943429217
2025-05-18 05:50:00,0.006947413724754464,0.007001986529941866,0.006975880242031539,0.006943369656486999,0.0069796373279246236,0.007116221616138831,0.007363727630312712,0.007022596007311363,0.007059387183839746,0.0070163083208465045,0.006953629140869707,0.006978735735994915,0.00710473729888109,0.007349059737002968,0.006928984141772565,0.006954357896641478,0.006894139857156705,0.006782109396675289,0.006746158359730834,0.006907111681180744,0.007254655494233733,0.006735052904283213,0.006702226130106859,0.006644939370760381,0.006500295011233302,0.0063419040514855925,0.0065930044791761375,0.007133281943429217
2025-05-18 05:55:00,0.0,0.0,0.0,0.0,0.0,0.0,0.0,0.0,0.0,0.0,0.0,0.0,0.0,0.0,0.0,0.0,0.0,0.0,0.0,0.0,0.0,0.0,0.0,0.0,0.0,0.0,0.0,0.0
2025-05-18 06:00:00,0.004452885327202418,0.004613407705975259,0.004539940901210597,0.004445185886634191,0.004544214099356093,0.0049265921126140965,0.005618878206398545,0.004689466571077409,0.004808688026810414,0.0046926062889378,0.004513607083820452,0.00457796315170705,0.004924149593692047,0.005602329012491199,0.004465096074992773,0.004558667367420936,0.004396805351017165,0.004079138223964316,0.003969990433720794,0.004405210747932163,0.00536090697051974,0.003968441976667082,0.0039004136405654125,0.003743157415737707,0.003331012144041053,0.002880141151130132,0.003558492377099912,0.005037496755386471
2025-05-18 06:05:00,0.0,0.0,0.0,0.0,0.0,0.0,0.0,0.0,0.0,0.0,0.0,0.0,0.0,0.0,0.0,0.0,0.0,0.0,0.0,0.0,0.0,0.0,0.0,0.0,0.0,0.0,0.0,0.0
2025-05-18 06:10:00,0.0,0.0,0.0,0.0,0.0,0.0,0.0,0.0,0.0,0.0,0.0,0.0,0.0,0.0,0.0,0.0,0.0,0.0,0.0,0.0,0.0,0.0,0.0,0.0,0.0,0.0,0.0,0.0
2025-05-18 06:15:00,0.0,0.0,0.0,0.0,0.0,0.0,0.0,0.0,0.0,0.0,0.0,0.0,0.0,0.0,0.0,0.0,0.0,0.0,0.0,0.0,0.0,0.0,0.0,0.0,0.0,0.0,0.0,0.0
2025-05-18 06:20:00,0.0,0.0,0.0,0.0,0.0,0.0,0.0,0.0,0.0,0.0,0.0,0.0,0.0,0.0,0.0,0.0,0.0,0.0,0.0,0.0,0.0,0.0,0.0,0.0,0.0,0.0,0.0,0.0
2025-05-18 06:25:00,0.0,0.0,0.0,0.0,0.0,0.0,0.0,0.0,0.0,0.0,0.0,0.0,0.0,0.0,0.0,0.0,0.0,0.0,0.0,0.0,0.0,0.0,0.0,0.0,0.0,0.0,0.0,0.0
2025-05-18 06:30:00,0.0,0.0,0.0,0.0,0.0,0.0,0.0,0.0,0.0,0.0,0.0,0.0,0.0,0.0,0.0,0.0,0.0,0.0,0.0,0.0,0.0,0.0,0.0,0.0,0.0,0.0,0.0,0.0
2025-05-18 06:35:00,0.0,0.0,0.0,0.0,0.0,0.0,0.0,0.0,0.0,0.0,0.0,0.0,0.0,0.0,0.0,0.0,0.0,0.0,0.0,0.0,0.0,0.0,0.0,0.0,0.0,0.0,0.0,0.0
2025-05-18 06:40:00,0.005294053439169223,0.005417853240451272,0.005360643910105458,0.005287653935917041,0.005366028701044023,0.005665532280963542,0.006207798892016535,0.005472634560183893,0.005561872253199685,0.005470027442471267,0.0053310546232478075,0.005383215501704302,0.0056560936870557596,0.0061886293222906666,0.005287087143717437,0.005354600865076504,0.005226369830460524,0.00497900394402033,0.004896028772149799,0.0052409573177206945,0.005993787535808605,0.004885933093824485,0.004826558143243433,0.0047029309922081075,0.00438248784278691,0.004031756487012197,0.00456953108496863,0.005736367310639522
2025-05-18 06:45:00,0.0,0.0,0.0,0.0,0.0,0.0,0.0,0.0,0.0,0.0,0.0,0.0,0.0,0.0,0.0,0.0,0.0,0.0,0.0,0.0,0.0,0.0,0.0,0.0,0.0,0.0,0.0,0.0
2025-05-18 06:50:00,0.0,0.0,0.0,0.0,0.0,0.0,0.0,0.0,0.0,0.0,0.0,0.0,0.0,0.0,0.0,0.0,0.0,0.0,0.0,0.0,0.0,0.0,0.0,0.0,0.0,0.0,0.0,0.0
2025-05-18 06:55:00,0.004452885327202341,0.004613407705975182,0.004539940901210518,0.004445185886634114,0.004544214099356023,0.00492659211261403,0.005618878206398468,0.004689466571077338,0.0048086880268103285,0.004692606288937724,0.004513607083820383,0.004577963151706977,0.004924149593691973,0.005602329012491123,0.004465096074992702,0.004558667367420858,0.004396805351017096,0.004079138223964258,0.003969990433720736,0.0044052107479321005,0.005360906970519669,0.0039684419766670125,0.003900413640565335,0.0037431574157376505,0.0033310121440409974,0.0028801411511300886,0.003558492377099857,0.005037496755386398
2025-05-18 07:00:00,0.0,0.0,0.0,0.0,0.0,0.0,0.0,0.0,0.0,0.0,0.0,0.0,0.0,0.0,0.0,0.0,0.0,0.0,0.0,0.0,0.0,0.0,0.0,0.0,0.0,0.0,0.0,0.0
2025-05-18 07:05:00,0.0,0.0,0.0,0.0,0.0,0.0,0.0,0.0,0.0,0.0,0.0,0.0,0.0,0.0,0.0,0.0,0.0,0.0,0.0,0.0,0.0,0.0,0.0,0.0,0.0,0.0,0.0,0.0
2025-05-18 07:10:00,0.007626304706808216,0.007653259776708137,0.007640279094135058,0.007624343651849307,0.007642818323004634,0.007711405001379822,0.007835780630018588,0.007660999495894824,0.007678591969090983,0.007657064801229716,0.007626353729893927,0.007639882452444735,0.007703903701820773,0.007827003850775047,0.0076096710226798165,0.007621214170413185,0.007591276545765306,0.007536274051026893,0.007519786849013952,0.0076023589235649685,0.007778263251666282,0.007507067278233333,0.007489348444477181,0.007461557030101107,0.0073909318177885035,0.0073133993722296455,0.007442229325129847,0.0077162737052301955
2025-05-18 07:15:00,0.0,0.0,0.0,0.0,0.0,0.0,0.0,0.0,0.0,0.0,0.0,0.0,0.0,0.0,0.0,0.0,0.0,0.0,0.0,0.0,0.0,0.0,0.0,0.0,0.0,0.0,0.0,0.0
2025-05-18 07:20:00,0.0,0.0,0.0,0.0,0.0,0.0,0.0,0.0,0.0,0.0,0.0,0.0,0.0,0.0,0.0,0.0,0.0,0.0,0.0,0.0,0.0,0.0,0.0,0.0,0.0,0.0,0.0,0.0
2025-05-18 07:25:00,0.0,0.0,0.0,0.0,0.0,0.0,0.0,0.0,0.0,0.0,0.0,0.0,0.0,0.0,0.0,0.0,0.0,0.0,0.0,0.0,0.0,0.0,0.0,0.0,0.0,0.0,0.0,0.0
2025-05-18 07:30:00,0.0,0.0,0.0,0.0,0.0,0.0,0.0,0.0,0.0,0.0,0.0,0.0,0.0,0.0,0.0,0.0,0.0,0.0,0.0,0.0,0.0,0.0,0.0,0.0,0.0,0.0,0.0,0.0
2025-05-18 07:35:00,0.0,0.0,0.0,0.0,0.0,0.0,0.0,0.0,0.0,0.0,0.0,0.0,0.0,0.0,0.0,0.0,0.0,0.0,0.0,0.0,0.0,0.0,0.0,0.0,0.0,0.0,0.0,0.0
2025-05-18 07:40:00,0.0,0.0,0.0,0.0,0.0,0.0,0.0,0.0,0.0,0.0,0.0,0.0,0.0,0.0,0.0,0.0,0.0,0.0,0.0,0.0,0.0,0.0,0.0,0.0,0.0,0.0,0.0,0.0
2025-05-18 07:45:00,0.0,0.0,0.0,0.0,0.0,0.0,0.0,0.0,0.0,0.0,0.0,0.0,0.0,0.0,0.0,0.0,0.0,0.0,0.0,0.0,0.0,0.0,0.0,0.0,0.0,0.0,0.0,0.0
2025-05-18 07:50:00,0.0,0.0,0.0,0.0,0.0,0.0,0.0,0.0,0.0,0.0,0.0,0.0,0.0,0.0,0.0,0.0,0.0,0.0,0.0,0.0,0.0,0.0,0.0,0.0,0.0,0.0,0.0,0.0
2025-05-18 07:55:00,0.0,0.0,0.0,0.0,0.0,0.0,0.0,0.0,0.0,0.0,0.0,0.0,0.0,0.0,0.0,0.0,0.0,0.0,0.0,0.0,0.0,0.0,0.0,0.0,0.0,0.0,0.0,0.0
2025-05-18 08:00:00,0.0,0.0,0.0,0.0,0.0,0.0,0.0,0.0,0.0,0.0,0.0,0.0,0.0,0.0,0.0,0.0,0.0,0.0,0.0,0.0,0.0,0.0,0.0,0.0,0.0,0.0,0.0,0.0
2025-05-18 08:05:00,0.0,0.0,0.0,0.0,0.0,0.0,0.0,0.0,0.0,0.0,0.0,0.0,0.0,0.0,0.0,0.0,0.0,0.0,0.0,0.0,0.0,0.0,0.0,0.0,0.0,0.0,0.0,0.0
2025-05-18 08:10:00,0.0,0.0,0.0,0.0,0.0,0.0,0.0,0.0,0.0,0.0,0.0,0.0,0.0,0.0,0.0,0.0,0.0,0.0,0.0,0.0,0.0,0.0,0.0,0.0,0.0,0.0,0.0,0.0
2025-05-18 08:15:00,0.0,0.0,0.0,0.0,0.0,0.0,0.0,0.0,0.0,0.0,0.0,0.0,0.0,0.0,0.0,0.0,0.0,0.0,0.0,0.0,0.0,0.0,0.0,0.0,0.0,0.0,0.0,0.0
2025-05-18 08:20:00,0.0,0.0,0.0,0.0,0.0,0.0,0.0,0.0,0.0,0.0,0.0,0.0,0.0,0.0,0.0,0.0,0.0,0.0,0.0,0.0,0.0,0.0,0.0,0.0,0.0,0.0,0.0,0.0
2025-05-18 08:25:00,0.0,0.0,0.0,0.0,0.0,0.0,0.0,0.0,0.0,0.0,0.0,0.0,0.0,0.0,0.0,0.0,0.0,0.0,0.0,0.0,0.0,0.0,0.0,0.0,0.0,0.0,0.0,0.0
2025-05-18 08:30:00,0.0,0.0,0.0,0.0,0.0,0.0,0.0,0.0,0.0,0.0,0.0,0.0,0.0,0.0,0.0,0.0,0.0,0.0,0.0,0.0,0.0,0.0,0.0,0.0,0.0,0.0,0.0,0.0
2025-05-18 08:35:00,0.0,0.0,0.0,0.0,0.0,0.0,0.0,0.0,0.0,0.0,0.0,0.0,0.0,0.0,0.0,0.0,0.0,0.0,0.0,0.0,0.0,0.0,0.0,0.0,0.0,0.0,0.0,0.0
2025-05-18 08:40:00,0.0,0.0,0.0,0.0,0.0,0.0,0.0,0.0,0.0,0.0,0.0,0.0,0.0,0.0,0.0,0.0,0.0,0.0,0.0,0.0,0.0,0.0,0.0,0.0,0.0,0.0,0.0,0.0
2025-05-18 08:45:00,0.0,0.0,0.0,0.0,0.0,0.0,0.0,0.0,0.0,0.0,0.0,0.0,0.0,0.0,0.0,0.0,0.0,0.0,0.0,0.0,0.0,0.0,0.0,0.0,0.0,0.0,0.0,0.0
2025-05-18 08:50:00,0.0,0.0,0.0,0.0,0.0,0.0,0.0,0.0,0.0,0.0,0.0,0.0,0.0,0.0,0.0,0.0,0.0,0.0,0.0,0.0,0.0,0.0,0.0,0.0,0.0,0.0,0.0,0.0
2025-05-18 08:55:00,0.0,0.0,0.0,0.0,0.0,0.0,0.0,0.0,0.0,0.0,0.0,0.0,0.0,0.0,0.0,0.0,0.0,0.0,0.0,0.0,0.0,0.0,0.0,0.0,0.0,0.0,0.0,0.0
2025-05-18 09:00:00,0.0,0.0,0.0,0.0,0.0,0.0,0.0,0.0,0.0,0.0,0.0,0.0,0.0,0.0,0.0,0.0,0.0,0.0,0.0,0.0,0.0,0.0,0.0,0.0,0.0,0.0,0.0,0.0
2025-05-18 09:05:00,0.0,0.0,0.0,0.0,0.0,0.0,0.0,0.0,0.0,0.0,0.0,0.0,0.0,0.0,0.0,0.0,0.0,0.0,0.0,0.0,0.0,0.0,0.0,0.0,0.0,0.0,0.0,0.0
2025-05-18 09:10:00,0.0,0.0,0.0,0.0,0.0,0.0,0.0,0.0,0.0,0.0,0.0,0.0,0.0,0.0,0.0,0.0,0.0,0.0,0.0,0.0,0.0,0.0,0.0,0.0,0.0,0.0,0.0,0.0
2025-05-18 09:15:00,0.0,0.0,0.0,0.0,0.0,0.0,0.0,0.0,0.0,0.0,0.0,0.0,0.0,0.0,0.0,0.0,0.0,0.0,0.0,0.0,0.0,0.0,0.0,0.0,0.0,0.0,0.0,0.0
2025-05-18 09:20:00,0.0,0.0,0.0,0.0,0.0,0.0,0.0,0.0,0.0,0.0,0.0,0.0,0.0,0.0,0.0,0.0,0.0,0.0,0.0,0.0,0.0,0.0,0.0,0.0,0.0,0.0,0.0,0.0
2025-05-18 09:25:00,0.0,0.0,0.0,0.0,0.0,0.0,0.0,0.0,0.0,0.0,0.0,0.0,0.0,0.0,0.0,0.0,0.0,0.0,0.0,0.0,0.0,0.0,0.0,0.0,0.0,0.0,0.0,0.0
2025-05-18 09:30:00,0.0,0.0,0.0,0.0,0.0,0.0,0.0,0.0,0.0,0.0,0.0,0.0,0.0,0.0,0.0,0.0,0.0,0.0,0.0,0.0,0.0,0.0,0.0,0.0,0.0,0.0,0.0,0.0
2025-05-18 09:35:00,0.0,0.0,0.0,0.0,0.0,0.0,0.0,0.0,0.0,0.0,0.0,0.0,0.0,0.0,0.0,0.0,0.0,0.0,0.0,0.0,0.0,0.0,0.0,0.0,0.0,0.0,0.0,0.0
2025-05-18 09:40:00,0.0,0.0,0.0,0.0,0.0,0.0,0.0,0.0,0.0,0.0,0.0,0.0,0.0,0.0,0.0,0.0,0.0,0.0,0.0,0.0,0.0,0.0,0.0,0.0,0.0,0.0,0.0,0.0
2025-05-18 09:45:00,0.0,0.0,0.0,0.0,0.0,0.0,0.0,0.0,0.0,0.0,0.0,0.0,0.0,0.0,0.0,0.0,0.0,0.0,0.0,0.0,0.0,0.0,0.0,0.0,0.0,0.0,0.0,0.0
2025-05-18 09:50:00,0.0,0.0,0.0,0.0,0.0,0.0,0.0,0.0,0.0,0.0,0.0,0.0,0.0,0.0,0.0,0.0,0.0,0.0,0.0,0.0,0.0,0.0,0.0,0.0,0.0,0.0,0.0,0.0
2025-05-18 09:55:00,0.0,0.0,0.0,0.0,0.0,0.0,0.0,0.0,0.0,0.0,0.0,0.0,0.0,0.0,0.0,0.0,0.0,0.0,0.0,0.0,0.0,0.0,0.0,0.0,0.0,0.0,0.0,0.0
2025-05-18 10:00:00,0.0,0.0,0.0,0.0,0.0,0.0,0.0,0.0,0.0,0.0,0.0,0.0,0.0,0.0,0.0,0.0,0.0,0.0,0.0,0.0,0.0,0.0,0.0,0.0,0.0,0.0,0.0,0.0
2025-05-18 10:05:00,0.0,0.0,0.0,0.0,0.0,0.0,0.0,0.0,0.0,0.0,0.0,0.0,0.0,0.0,0.0,0.0,0.0,0.0,0.0,0.0,0.0,0.0,0.0,0.0,0.0,0.0,0.0,0.0
2025-05-18 10:10:00,0.0,0.0,0.0,0.0,0.0,0.0,0.0,0.0,0.0,0.0,0.0,0.0,0.0,0.0,0.0,0.0,0.0,0.0,0.0,0.0,0.0,0.0,0.0,0.0,0.0,0.0,0.0,0.0
2025-05-18 10:15:00,0.0,0.0,0.0,0.0,0.0,0.0,0.0,0.0,0.0,0.0,0.0,0.0,0.0,0.0,0.0,0.0,0.0,0.0,0.0,0.0,0.0,0.0,0.0,0.0,0.0,0.0,0.0,0.0
2025-05-18 10:20:00,0.0,0.0,0.0,0.0,0.0,0.0,0.0,0.0,0.0,0.0,0.0,0.0,0.0,0.0,0.0,0.0,0.0,0.0,0.0,0.0,0.0,0.0,0.0,0.0,0.0,0.0,0.0,0.0
2025-05-18 10:25:00,0.0,0.0,0.0,0.0,0.0,0.0,0.0,0.0,0.0,0.0,0.0,0.0,0.0,0.0,0.0,0.0,0.0,0.0,0.0,0.0,0.0,0.0,0.0,0.0,0.0,0.0,0.0,0.0
2025-05-18 10:30:00,0.0,0.0,0.0,0.0,0.0,0.0,0.0,0.0,0.0,0.0,0.0,0.0,0.0,0.0,0.0,0.0,0.0,0.0,0.0,0.0,0.0,0.0,0.0,0.0,0.0,0.0,0.0,0.0
2025-05-18 10:35:00,0.0,0.0,0.0,0.0,0.0,0.0,0.0,0.0,0.0,0.0,0.0,0.0,0.0,0.0,0.0,0.0,0.0,0.0,0.0,0.0,0.0,0.0,0.0,0.0,0.0,0.0,0.0,0.0
2025-05-18 10:40:00,0.0,0.0,0.0,0.0,0.0,0.0,0.0,0.0,0.0,0.0,0.0,0.0,0.0,0.0,0.0,0.0,0.0,0.0,0.0,0.0,0.0,0.0,0.0,0.0,0.0,0.0,0.0,0.0
2025-05-18 10:45:00,0.0,0.0,0.0,0.0,0.0,0.0,0.0,0.0,0.0,0.0,0.0,0.0,0.0,0.0,0.0,0.0,0.0,0.0,0.0,0.0,0.0,0.0,0.0,0.0,0.0,0.0,0.0,0.0
2025-05-18 10:50:00,0.0,0.0,0.0,0.0,0.0,0.0,0.0,0.0,0.0,0.0,0.0,0.0,0.0,0.0,0.0,0.0,0.0,0.0,0.0,0.0,0.0,0.0,0.0,0.0,0.0,0.0,0.0,0.0
2025-05-18 10:55:00,0.0,0.0,0.0,0.0,0.0,0.0,0.0,0.0,0.0,0.0,0.0,0.0,0.0,0.0,0.0,0.0,0.0,0.0,0.0,0.0,0.0,0.0,0.0,0.0,0.0,0.0,0.0,0.0
2025-05-18 11:00:00,0.0,0.0,0.0,0.0,0.0,0.0,0.0,0.0,0.0,0.0,0.0,0.0,0.0,0.0,0.0,0.0,0.0,0.0,0.0,0.0,0.0,0.0,0.0,0.0,0.0,0.0,0.0,0.0
2025-05-18 11:05:00,0.0,0.0,0.0,0.0,0.0,0.0,0.0,0.0,0.0,0.0,0.0,0.0,0.0,0.0,0.0,0.0,0.0,0.0,0.0,0.0,0.0,0.0,0.0,0.0,0.0,0.0,0.0,0.0
2025-05-18 11:10:00,0.0,0.0,0.0,0.0,0.0,0.0,0.0,0.0,0.0,0.0,0.0,0.0,0.0,0.0,0.0,0.0,0.0,0.0,0.0,0.0,0.0,0.0,0.0,0.0,0.0,0.0,0.0,0.0
2025-05-18 11:15:00,0.0,0.0,0.0,0.0,0.0,0.0,0.0,0.0,0.0,0.0,0.0,0.0,0.0,0.0,0.0,0.0,0.0,0.0,0.0,0.0,0.0,0.0,0.0,0.0,0.0,0.0,0.0,0.0
2025-05-18 11:20:00,0.0,0.0,0.0,0.0,0.0,0.0,0.0,0.0,0.0,0.0,0.0,0.0,0.0,0.0,0.0,0.0,0.0,0.0,0.0,0.0,0.0,0.0,0.0,0.0,0.0,0.0,0.0,0.0
2025-05-18 11:25:00,0.0,0.0,0.0,0.0,0.0,0.0,0.0,0.0,0.0,0.0,0.0,0.0,0.0,0.0,0.0,0.0,0.0,0.0,0.0,0.0,0.0,0.0,0.0,0.0,0.0,0.0,0.0,0.0
2025-05-18 11:30:00,0.0,0.0,0.0,0.0,0.0,0.0,0.0,0.0,0.0,0.0,0.0,0.0,0.0,0.0,0.0,0.0,0.0,0.0,0.0,0.0,0.0,0.0,0.0,0.0,0.0,0.0,0.0,0.0
2025-05-18 11:35:00,0.0,0.0,0.0,0.0,0.0,0.0,0.0,0.0,0.0,0.0,0.0,0.0,0.0,0.0,0.0,0.0,0.0,0.0,0.0,0.0,0.0,0.0,0.0,0.0,0.0,0.0,0.0,0.0
2025-05-18 11:40:00,0.0,0.0,0.0,0.0,0.0,0.0,0.0,0.0,0.0,0.0,0.0,0.0,0.0,0.0,0.0,0.0,0.0,0.0,0.0,0.0,0.0,0.0,0.0,0.0,0.0,0.0,0.0,0.0
2025-05-18 11:45:00,0.0,0.0,0.0,0.0,0.0,0.0,0.0,0.0,0.0,0.0,0.0,0.0,0.0,0.0,0.0,0.0,0.0,0.0,0.0,0.0,0.0,0.0,0.0,0.0,0.0,0.0,0.0,0.0
2025-05-18 11:50:00,0.0,0.0,0.0,0.0,0.0,0.0,0.0,0.0,0.0,0.0,0.0,0.0,0.0,0.0,0.0,0.0,0.0,0.0,0.0,0.0,0.0,0.0,0.0,0.0,0.0,0.0,0.0,0.0
2025-05-18 11:55:00,0.0,0.0,0.0,0.0,0.0,0.0,0.0,0.0,0.0,0.0,0.0,0.0,0.0,0.0,0.0,0.0,0.0,0.0,0.0,0.0,0.0,0.0,0.0,0.0,0.0,0.0,0.0,0.0
2025-05-18 12:00:00,0.0,0.0,0.0,0.0,0.0,0.0,0.0,0.0,0.0,0.0,0.0,0.0,0.0,0.0,0.0,0.0,0.0,0.0,0.0,0.0,0.0,0.0,0.0,0.0,0.0,0.0,0.0,0.0
2025-05-18 12:05:00,0.0,0.0,0.0,0.0,0.0,0.0,0.0,0.0,0.0,0.0,0.0,0.0,0.0,0.0,0.0,0.0,0.0,0.0,0.0,0.0,0.0,0.0,0.0,0.0,0.0,0.0,0.0,0.0
2025-05-18 12:10:00,0.0,0.0,0.0,0.0,0.0,0.0,0.0,0.0,0.0,0.0,0.0,0.0,0.0,0.0,0.0,0.0,0.0,0.0,0.0,0.0,0.0,0.0,0.0,0.0,0.0,0.0,0.0,0.0
2025-05-18 12:15:00,0.0,0.0,0.0,0.0,0.0,0.0,0.0,0.0,0.0,0.0,0.0,0.0,0.0,0.0,0.0,0.0,0.0,0.0,0.0,0.0,0.0,0.0,0.0,0.0,0.0,0.0,0.0,0.0
2025-05-18 12:20:00,0.0,0.0,0.0,0.0,0.0,0.0,0.0,0.0,0.0,0.0,0.0,0.0,0.0,0.0,0.0,0.0,0.0,0.0,0.0,0.0,0.0,0.0,0.0,0.0,0.0,0.0,0.0,0.0
2025-05-18 12:25:00,0.0,0.0,0.0,0.0,0.0,0.0,0.0,0.0,0.0,0.0,0.0,0.0,0.0,0.0,0.0,0.0,0.0,0.0,0.0,0.0,0.0,0.0,0.0,0.0,0.0,0.0,0.0,0.0
2025-05-18 12:30:00,0.0,0.0,0.0,0.0,0.0,0.0,0.0,0.0,0.0,0.0,0.0,0.0,0.0,0.0,0.0,0.0,0.0,0.0,0.0,0.0,0.0,0.0,0.0,0.0,0.0,0.0,0.0,0.0
2025-05-18 12:35:00,0.0,0.0,0.0,0.0,0.0,0.0,0.0,0.0,0.0,0.0,0.0,0.0,0.0,0.0,0.0,0.0,0.0,0.0,0.0,0.0,0.0,0.0,0.0,0.0,0.0,0.0,0.0,0.0
2025-05-18 12:40:00,0.0,0.0,0.0,0.0,0.0,0.0,0.0,0.0,0.0,0.0,0.0,0.0,0.0,0.0,0.0,0.0,0.0,0.0,0.0,0.0,0.0,0.0,0.0,0.0,0.0,0.0,0.0,0.0
2025-05-18 12:45:00,0.0,0.0,0.0,0.0,0.0,0.0,0.0,0.0,0.0,0.0,0.0,0.0,0.0,0.0,0.0,0.0,0.0,0.0,0.0,0.0,0.0,0.0,0.0,0.0,0.0,0.0,0.0,0.0
2025-05-18 12:50:00,0.005899248298890472,0.013239628137456265,0.021898771219261266,0.02983563946037242,0.0346211854997801,0.034368698895791104,0.029521310964366904,0.0039014327357885905,0.008050025714270966,0.013335259144608586,0.01812929567801804,0.021015587803928894,0.02095609890707989,0.018292093984649406,0.003206074019552283,0.0042858397001358855,0.0065788143463447,0.008805860784144167,0.01014934802908631,0.010338894313899151,0.009570314976145253,0.003123037185444975,0.0031059484506536375,0.003072626381476994,0.0031914576141700464,0.0031271638733654412,0.003753321232152434,0.004805139402535432
2025-05-18 12:55:00,0.0,0.0,0.0,0.0,0.0,0.0,0.0,0.0,0.0,0.0,0.0,0.0,0.0,0.0,0.0,0.0,0.0,0.0,0.0,0.0,0.0,0.0,0.0,0.0,0.0,0.0,0.0,0.0
2025-05-18 13:00:00,0.0,0.0,0.0,0.0,0.0,0.0,0.0,0.0,0.0,0.0,0.0,0.0,0.0,0.0,0.0,0.0,0.0,0.0,0.0,0.0,0.0,0.0,0.0,0.0,0.0,0.0,0.0,0.0
2025-05-18 13:05:00,0.03630412529717994,0.04366465923498578,0.052963982318053375,0.06167304022293155,0.06712198508875872,0.06739288174116388,0.06276305067658362,0.04103409007907545,0.05297647074643998,0.06737445286620725,0.08108407268089457,0.08999840298979954,0.09006136624745688,0.08169828045860762,0.044888934861793184,0.06079609726242671,0.08030470117068145,0.1002816821385802,0.1148494847713833,0.11469445517271064,0.10078809150036779,0.046186057474433856,0.06422240664119357,0.08742679154876162,0.11346468990250409,0.13853891481879235,0.1372844521707149,0.11415853520559012
2025-05-18 13:10:00,0.09528175583853929,0.10721670597799098,0.1213226208576104,0.13413338654738566,0.14222267199634472,0.1429119558848505,0.13596857739421242,0.10894276778223058,0.128158696015353,0.14954157621802572,0.1688409769352873,0.18066775287615458,0.17953417437971084,0.16647137673016513,0.12332573989686407,0.14880605057045124,0.1771633787423316,0.2046155877154043,0.22341661906766788,0.22004619097106048,0.19705518800094268,0.13520099891250403,0.16380921909377394,0.19626478422931526,0.23111182045529177,0.26447762780376505,0.2576973341402129,0.21866176355998793
2025-05-18 13:15:00,0.037412530304510146,0.0376815381807452,0.03800550066319527,0.038306835643720255,0.038503808112940026,0.03853395793575631,0.038407029517890254,0.0376059813869389,0.03803426144929342,0.03853391328248286,0.03900410404860992,0.03931768189104913,0.039335302789788085,0.03907544458153139,0.037748903861484814,0.03831553618722765,0.03899056397413121,0.03967081457016808,0.040170577355855955,0.04018099613798472,0.03973740690439606,0.03779032443093158,0.03842316287183431,0.039224998338505186,0.04010942941852566,0.04095786497482494,0.04093851209483748,0.0401934922078534
2025-05-18 13:20:00,0.0,0.0,0.0,0.0,0.0,0.0,0.0,0.0,0.0,0.0,0.0,0.0,0.0,0.0,0.0,0.0,0.0,0.0,0.0,0.0,0.0,0.0,0.0,0.0,0.0,0.0,0.0,0.0
2025-05-18 13:25:00,0.007626304706808216,0.007653259776708137,0.007640279094135058,0.007624343651849307,0.007642818323004634,0.007711405001379822,0.007835780630018588,0.007660999495894824,0.007678591969090983,0.007657064801229716,0.007626353729893927,0.007639882452444735,0.007703903701820773,0.007827003850775047,0.0076096710226798165,0.007621214170413185,0.007591276545765306,0.007536274051026893,0.007519786849013952,0.0076023589235649685,0.007778263251666282,0.007507067278233333,0.007489348444477181,0.007461557030101107,0.0073909318177885035,0.0073133993722296455,0.007442229325129847,0.0077162737052301955
2025-05-18 13:30:00,0.0,0.0,0.0,0.0,0.0,0.0,0.0,0.0,0.0,0.0,0.0,0.0,0.0,0.0,0.0,0.0,0.0,0.0,0.0,0.0,0.0,0.0,0.0,0.0,0.0,0.0,0.0,0.0
2025-05-18 13:35:00,0.0,0.0,0.0,0.0,0.0,0.0,0.0,0.0,0.0,0.0,0.0,0.0,0.0,0.0,0.0,0.0,0.0,0.0,0.0,0.0,0.0,0.0,0.0,0.0,0.0,0.0,0.0,0.0
2025-05-18 13:40:00,0.0,0.0,0.0,0.0,0.0,0.0,0.0,0.0,0.0,0.0,0.0,0.0,0.0,0.0,0.0,0.0,0.0,0.0,0.0,0.0,0.0,0.0,0.0,0.0,0.0,0.0,0.0,0.0
2025-05-18 13:45:00,0.0,0.0,0.0,0.0,0.0,0.0,0.0,0.0,0.0,0.0,0.0,0.0,0.0,0.0,0.0,0.0,0.0,0.0,0.0,0.0,0.0,0.0,0.0,0.0,0.0,0.0,0.0,0.0
2025-05-18 13:50:00,0.0,0.0,0.0,0.0,0.0,0.0,0.0,0.0,0.0,0.0,0.0,0.0,0.0,0.0,0.0,0.0,0.0,0.0,0.0,0.0,0.0,0.0,0.0,0.0,0.0,0.0,0.0,0.0
2025-05-18 13:55:00,0.0,0.0,0.0,0.0,0.0,0.0,0.0,0.0,0.0,0.0,0.0,0.0,0.0,0.0,0.0,0.0,0.0,0.0,0.0,0.0,0.0,0.0,0.0,0.0,0.0,0.0,0.0,0.0
2025-05-18 14:00:00,0.0,0.0,0.0,0.0,0.0,0.0,0.0,0.0,0.0,0.0,0.0,0.0,0.0,0.0,0.0,0.0,0.0,0.0,0.0,0.0,0.0,0.0,0.0,0.0,0.0,0.0,0.0,0.0
2025-05-18 14:05:00,0.0,0.0,0.0,0.0,0.0,0.0,0.0,0.0,0.0,0.0,0.0,0.0,0.0,0.0,0.0,0.0,0.0,0.0,0.0,0.0,0.0,0.0,0.0,0.0,0.0,0.0,0.0,0.0
2025-05-18 14:10:00,0.0,0.0,0.0,0.0,0.0,0.0,0.0,0.0,0.0,0.0,0.0,0.0,0.0,0.0,0.0,0.0,0.0,0.0,0.0,0.0,0.0,0.0,0.0,0.0,0.0,0.0,0.0,0.0
2025-05-18 14:15:00,0.0,0.0,0.0,0.0,0.0,0.0,0.0,0.0,0.0,0.0,0.0,0.0,0.0,0.0,0.0,0.0,0.0,0.0,0.0,0.0,0.0,0.0,0.0,0.0,0.0,0.0,0.0,0.0
2025-05-18 14:20:00,0.0,0.0,0.0,0.0,0.0,0.0,0.0,0.0,0.0,0.0,0.0,0.0,0.0,0.0,0.0,0.0,0.0,0.0,0.0,0.0,0.0,0.0,0.0,0.0,0.0,0.0,0.0,0.0
2025-05-18 14:25:00,0.0,0.0,0.0,0.0,0.0,0.0,0.0,0.0,0.0,0.0,0.0,0.0,0.0,0.0,0.0,0.0,0.0,0.0,0.0,0.0,0.0,0.0,0.0,0.0,0.0,0.0,0.0,0.0
2025-05-18 14:30:00,0.0,0.0,0.0,0.0,0.0,0.0,0.0,0.0,0.0,0.0,0.0,0.0,0.0,0.0,0.0,0.0,0.0,0.0,0.0,0.0,0.0,0.0,0.0,0.0,0.0,0.0,0.0,0.0
2025-05-18 14:35:00,0.0,0.0,0.0,0.0,0.0,0.0,0.0,0.0,0.0,0.0,0.0,0.0,0.0,0.0,0.0,0.0,0.0,0.0,0.0,0.0,0.0,0.0,0.0,0.0,0.0,0.0,0.0,0.0
2025-05-18 14:40:00,0.0,0.0,0.0,0.0,0.0,0.0,0.0,0.0,0.0,0.0,0.0,0.0,0.0,0.0,0.0,0.0,0.0,0.0,0.0,0.0,0.0,0.0,0.0,0.0,0.0,0.0,0.0,0.0
2025-05-18 14:45:00,0.0,0.0,0.0,0.0,0.0,0.0,0.0,0.0,0.0,0.0,0.0,0.0,0.0,0.0,0.0,0.0,0.0,0.0,0.0,0.0,0.0,0.0,0.0,0.0,0.0,0.0,0.0,0.0
2025-05-18 14:50:00,0.0,0.0,0.0,0.0,0.0,0.0,0.0,0.0,0.0,0.0,0.0,0.0,0.0,0.0,0.0,0.0,0.0,0.0,0.0,0.0,0.0,0.0,0.0,0.0,0.0,0.0,0.0,0.0
2025-05-18 14:55:00,0.0,0.0,0.0,0.0,0.0,0.0,0.0,0.0,0.0,0.0,0.0,0.0,0.0,0.0,0.0,0.0,0.0,0.0,0.0,0.0,0.0,0.0,0.0,0.0,0.0,0.0,0.0,0.0
2025-05-18 15:00:00,0.0,0.0,0.0,0.0,0.0,0.0,0.0,0.0,0.0,0.0,0.0,0.0,0.0,0.0,0.0,0.0,0.0,0.0,0.0,0.0,0.0,0.0,0.0,0.0,0.0,0.0,0.0,0.0
2025-05-18 15:05:00,0.0,0.0,0.0,0.0,0.0,0.0,0.0,0.0,0.0,0.0,0.0,0.0,0.0,0.0,0.0,0.0,0.0,0.0,0.0,0.0,0.0,0.0,0.0,0.0,0.0,0.0,0.0,0.0
2025-05-18 15:10:00,0.0,0.0,0.0,0.0,0.0,0.0,0.0,0.0,0.0,0.0,0.0,0.0,0.0,0.0,0.0,0.0,0.0,0.0,0.0,0.0,0.0,0.0,0.0,0.0,0.0,0.0,0.0,0.0
2025-05-18 15:15:00,0.0,0.0,0.0,0.0,0.0,0.0,0.0,0.0,0.0,0.0,0.0,0.0,0.0,0.0,0.0,0.0,0.0,0.0,0.0,0.0,0.0,0.0,0.0,0.0,0.0,0.0,0.0,0.0
2025-05-18 15:20:00,0.0,0.0,0.0,0.0,0.0,0.0,0.0,0.0,0.0,0.0,0.0,0.0,0.0,0.0,0.0,0.0,0.0,0.0,0.0,0.0,0.0,0.0,0.0,0.0,0.0,0.0,0.0,0.0
2025-05-18 15:25:00,0.0,0.0,0.0,0.0,0.0,0.0,0.0,0.0,0.0,0.0,0.0,0.0,0.0,0.0,0.0,0.0,0.0,0.0,0.0,0.0,0.0,0.0,0.0,0.0,0.0,0.0,0.0,0.0
2025-05-18 15:30:00,0.0,0.0,0.0,0.0,0.0,0.0,0.0,0.0,0.0,0.0,0.0,0.0,0.0,0.0,0.0,0.0,0.0,0.0,0.0,0.0,0.0,0.0,0.0,0.0,0.0,0.0,0.0,0.0
2025-05-18 15:35:00,0.0,0.0,0.0,0.0,0.0,0.0,0.0,0.0,0.0,0.0,0.0,0.0,0.0,0.0,0.0,0.0,0.0,0.0,0.0,0.0,0.0,0.0,0.0,0.0,0.0,0.0,0.0,0.0
2025-05-18 15:40:00,0.0,0.0,0.0,0.0,0.0,0.0,0.0,0.0,0.0,0.0,0.0,0.0,0.0,0.0,0.0,0.0,0.0,0.0,0.0,0.0,0.0,0.0,0.0,0.0,0.0,0.0,0.0,0.0
2025-05-18 15:45:00,0.0,0.0,0.0,0.0,0.0,0.0,0.0,0.0,0.0,0.0,0.0,0.0,0.0,0.0,0.0,0.0,0.0,0.0,0.0,0.0,0.0,0.0,0.0,0.0,0.0,0.0,0.0,0.0
2025-05-18 15:50:00,0.0,0.0,0.0,0.0,0.0,0.0,0.0,0.0,0.0,0.0,0.0,0.0,0.0,0.0,0.0,0.0,0.0,0.0,0.0,0.0,0.0,0.0,0.0,0.0,0.0,0.0,0.0,0.0
2025-05-18 15:55:00,0.0,0.0,0.0,0.0,0.0,0.0,0.0,0.0,0.0,0.0,0.0,0.0,0.0,0.0,0.0,0.0,0.0,0.0,0.0,0.0,0.0,0.0,0.0,0.0,0.0,0.0,0.0,0.0
2025-05-18 16:00:00,0.0,0.0,0.0,0.0,0.0,0.0,0.0,0.0,0.0,0.0,0.0,0.0,0.0,0.0,0.0,0.0,0.0,0.0,0.0,0.0,0.0,0.0,0.0,0.0,0.0,0.0,0.0,0.0
2025-05-18 16:05:00,0.0,0.0,0.0,0.0,0.0,0.0,0.0,0.0,0.0,0.0,0.0,0.0,0.0,0.0,0.0,0.0,0.0,0.0,0.0,0.0,0.0,0.0,0.0,0.0,0.0,0.0,0.0,0.0
2025-05-18 16:10:00,0.0,0.0,0.0,0.0,0.0,0.0,0.0,0.0,0.0,0.0,0.0,0.0,0.0,0.0,0.0,0.0,0.0,0.0,0.0,0.0,0.0,0.0,0.0,0.0,0.0,0.0,0.0,0.0
2025-05-18 16:15:00,0.0,0.0,0.0,0.0,0.0,0.0,0.0,0.0,0.0,0.0,0.0,0.0,0.0,0.0,0.0,0.0,0.0,0.0,0.0,0.0,0.0,0.0,0.0,0.0,0.0,0.0,0.0,0.0
2025-05-18 16:20:00,0.0,0.0,0.0,0.0,0.0,0.0,0.0,0.0,0.0,0.0,0.0,0.0,0.0,0.0,0.0,0.0,0.0,0.0,0.0,0.0,0.0,0.0,0.0,0.0,0.0,0.0,0.0,0.0
2025-05-18 16:25:00,0.0,0.0,0.0,0.0,0.0,0.0,0.0,0.0,0.0,0.0,0.0,0.0,0.0,0.0,0.0,0.0,0.0,0.0,0.0,0.0,0.0,0.0,0.0,0.0,0.0,0.0,0.0,0.0
2025-05-18 16:30:00,0.0,0.0,0.0,0.0,0.0,0.0,0.0,0.0,0.0,0.0,0.0,0.0,0.0,0.0,0.0,0.0,0.0,0.0,0.0,0.0,0.0,0.0,0.0,0.0,0.0,0.0,0.0,0.0
2025-05-18 16:35:00,0.0,0.0,0.0,0.0,0.0,0.0,0.0,0.0,0.0,0.0,0.0,0.0,0.0,0.0,0.0,0.0,0.0,0.0,0.0,0.0,0.0,0.0,0.0,0.0,0.0,0.0,0.0,0.0
2025-05-18 16:40:00,0.0,0.0,0.0,0.0,0.0,0.0,0.0,0.0,0.0,0.0,0.0,0.0,0.0,0.0,0.0,0.0,0.0,0.0,0.0,0.0,0.0,0.0,0.0,0.0,0.0,0.0,0.0,0.0
2025-05-18 16:45:00,0.0,0.0,0.0,0.0,0.0,0.0,0.0,0.0,0.0,0.0,0.0,0.0,0.0,0.0,0.0,0.0,0.0,0.0,0.0,0.0,0.0,0.0,0.0,0.0,0.0,0.0,0.0,0.0
2025-05-18 16:50:00,0.0,0.0,0.0,0.0,0.0,0.0,0.0,0.0,0.0,0.0,0.0,0.0,0.0,0.0,0.0,0.0,0.0,0.0,0.0,0.0,0.0,0.0,0.0,0.0,0.0,0.0,0.0,0.0
2025-05-18 16:55:00,0.0,0.0,0.0,0.0,0.0,0.0,0.0,0.0,0.0,0.0,0.0,0.0,0.0,0.0,0.0,0.0,0.0,0.0,0.0,0.0,0.0,0.0,0.0,0.0,0.0,0.0,0.0,0.0
2025-05-18 17:00:00,0.0,0.0,0.0,0.0,0.0,0.0,0.0,0.0,0.0,0.0,0.0,0.0,0.0,0.0,0.0,0.0,0.0,0.0,0.0,0.0,0.0,0.0,0.0,0.0,0.0,0.0,0.0,0.0
2025-05-18 17:05:00,0.0,0.0,0.0,0.0,0.0,0.0,0.0,0.0,0.0,0.0,0.0,0.0,0.0,0.0,0.0,0.0,0.0,0.0,0.0,0.0,0.0,0.0,0.0,0.0,0.0,0.0,0.0,0.0
2025-05-18 17:10:00,0.0,0.0,0.0,0.0,0.0,0.0,0.0,0.0,0.0,0.0,0.0,0.0,0.0,0.0,0.0,0.0,0.0,0.0,0.0,0.0,0.0,0.0,0.0,0.0,0.0,0.0,0.0,0.0
2025-05-18 17:15:00,0.0,0.0,0.0,0.0,0.0,0.0,0.0,0.0,0.0,0.0,0.0,0.0,0.0,0.0,0.0,0.0,0.0,0.0,0.0,0.0,0.0,0.0,0.0,0.0,0.0,0.0,0.0,0.0
2025-05-18 17:20:00,0.0,0.0,0.0,0.0,0.0,0.0,0.0,0.0,0.0,0.0,0.0,0.0,0.0,0.0,0.0,0.0,0.0,0.0,0.0,0.0,0.0,0.0,0.0,0.0,0.0,0.0,0.0,0.0
2025-05-18 17:25:00,0.0,0.0,0.0,0.0,0.0,0.0,0.0,0.0,0.0,0.0,0.0,0.0,0.0,0.0,0.0,0.0,0.0,0.0,0.0,0.0,0.0,0.0,0.0,0.0,0.0,0.0,0.0,0.0
2025-05-18 17:30:00,0.0,0.0,0.0,0.0,0.0,0.0,0.0,0.0,0.0,0.0,0.0,0.0,0.0,0.0,0.0,0.0,0.0,0.0,0.0,0.0,0.0,0.0,0.0,0.0,0.0,0.0,0.0,0.0
2025-05-18 17:35:00,0.0,0.0,0.0,0.0,0.0,0.0,0.0,0.0,0.0,0.0,0.0,0.0,0.0,0.0,0.0,0.0,0.0,0.0,0.0,0.0,0.0,0.0,0.0,0.0,0.0,0.0,0.0,0.0
2025-05-18 17:40:00,0.0,0.0,0.0,0.0,0.0,0.0,0.0,0.0,0.0,0.0,0.0,0.0,0.0,0.0,0.0,0.0,0.0,0.0,0.0,0.0,0.0,0.0,0.0,0.0,0.0,0.0,0.0,0.0
2025-05-18 17:45:00,0.0,0.0,0.0,0.0,0.0,0.0,0.0,0.0,0.0,0.0,0.0,0.0,0.0,0.0,0.0,0.0,0.0,0.0,0.0,0.0,0.0,0.0,0.0,0.0,0.0,0.0,0.0,0.0
2025-05-18 17:50:00,0.005294053439169223,0.005417853240451272,0.005360643910105458,0.005287653935917041,0.005366028701044023,0.005665532280963542,0.006207798892016535,0.005472634560183893,0.005561872253199685,0.005470027442471267,0.0053310546232478075,0.005383215501704302,0.0056560936870557596,0.0061886293222906666,0.005287087143717437,0.005354600865076504,0.005226369830460524,0.00497900394402033,0.004896028772149799,0.0052409573177206945,0.005993787535808605,0.004885933093824485,0.004826558143243433,0.0047029309922081075,0.00438248784278691,0.004031756487012197,0.00456953108496863,0.005736367310639522
2025-05-18 17:55:00,0.0,0.0,0.0,0.0,0.0,0.0,0.0,0.0,0.0,0.0,0.0,0.0,0.0,0.0,0.0,0.0,0.0,0.0,0.0,0.0,0.0,0.0,0.0,0.0,0.0,0.0,0.0,0.0
2025-05-18 18:00:00,0.020255193626880042,0.019250843276889876,0.018082693184855905,0.016968429293449754,0.016046294520621732,0.015396017687173379,0.015028830335626419,0.018433789685244374,0.017684656206917004,0.01680479353906355,0.01594374350994311,0.015227395945929728,0.014742491760343986,0.014509929438318449,0.016709030198134623,0.016124627948120203,0.01545935608598935,0.01480237108358409,0.014259698687276634,0.013952285957899213,0.013896893882525765,0.015120275298175173,0.014645684894543348,0.01415130158064652,0.013661311562296734,0.013227059414604688,0.013101277869267236,0.01325814916889009
2025-05-18 18:05:00,0.0,0.0,0.0,0.0,0.0,0.0,0.0,0.0,0.0,0.0,0.0,0.0,0.0,0.0,0.0,0.0,0.0,0.0,0.0,0.0,0.0,0.0,0.0,0.0,0.0,0.0,0.0,0.0
2025-05-18 18:10:00,0.005294053439169223,0.005417853240451272,0.005360643910105458,0.005287653935917041,0.005366028701044023,0.005665532280963542,0.006207798892016535,0.005472634560183893,0.005561872253199685,0.005470027442471267,0.0053310546232478075,0.005383215501704302,0.0056560936870557596,0.0061886293222906666,0.005287087143717437,0.005354600865076504,0.005226369830460524,0.00497900394402033,0.004896028772149799,0.0052409573177206945,0.005993787535808605,0.004885933093824485,0.004826558143243433,0.0047029309922081075,0.00438248784278691,0.004031756487012197,0.00456953108496863,0.005736367310639522
2025-05-18 18:15:00,0.0,0.0,0.0,0.0,0.0,0.0,0.0,0.0,0.0,0.0,0.0,0.0,0.0,0.0,0.0,0.0,0.0,0.0,0.0,0.0,0.0,0.0,0.0,0.0,0.0,0.0,0.0,0.0
2025-05-18 18:20:00,0.013894827449511316,0.014003973059886099,0.013951760484065415,0.013886739312976348,0.013959274655851615,0.014232443232280035,0.014727455260627818,0.01404519201462513,0.014118774367681853,0.014032616641695342,0.013907258281741719,0.013957471471992123,0.014209474597764483,0.01469811947400828,0.013857968283547543,0.013908715793285304,0.013788279714315704,0.013564218793352829,0.01349231671946388,0.013814223362363726,0.014509310988469751,0.013470105808568828,0.013404452260216035,0.013289878741523042,0.013000590022468795,0.012683808102973315,0.013186008958354435,0.014266563886860685
2025-05-18 18:25:00,0.0209391048876769,0.021444531706897935,0.021211168804069876,0.02091319660148085,0.02123259736138719,0.02245397360604258,0.024665311516709747,0.021669313492231078,0.02203443540857363,0.02166019541943419,0.0210931528330596,0.021305387976925685,0.02241768970476283,0.024588958501681926,0.020915487410478387,0.021192492913654336,0.02067002924601265,0.019660908617985803,0.019321851583225316,0.020727308527432035,0.02379608481625828,0.019283077638155215,0.019042726449943606,0.018538757872144367,0.01723137496333101,0.015800461223782866,0.01799164843221075,0.02274753474332206
2025-05-18 18:30:00,0.03561478756070097,0.03585131389841184,0.035738194546838034,0.03559786437362918,0.0357564923526469,0.03635095456939718,0.03742835305614242,0.03593385985442801,0.03609203761585217,0.035905198945168894,0.03563474702233701,0.035746686833305716,0.036297094301538706,0.037361376830912424,0.0355149011547161,0.03562270320066298,0.03536198783794048,0.03487826648628971,0.03472636938789634,0.03543157345736415,0.03694754034621442,0.03465688669656132,0.03451134785704133,0.03426532362952862,0.033641873458980724,0.03295855951818795,0.03405873349404571,0.03641691013577843
2025-05-18 18:35:00,0.04734819808833716,0.04745011582794638,0.04740001243558555,0.04733858240859096,0.04740823586469149,0.04766890187361664,0.048141702329259094,0.0474838879653444,0.047549619898231074,0.04746587729938925,0.04734686469490239,0.04739623428579639,0.047638597977413134,0.04810679231947885,0.04729418717526359,0.04733643043824222,0.04721943577144904,0.04700640057302661,0.046939965773115655,0.047251575037873486,0.04792008074150851,0.04691075213417034,0.04684151483919964,0.0467311668850704,0.04645679863505971,0.04615628643924917,0.046642606287534555,0.04768370049362351
2025-05-18 18:40:00,0.11989968756834718,0.12004125908389049,0.11943700041437436,0.11865071350560796,0.11820726094040787,0.11832382149787335,0.11884844019563581,0.12062265663440412,0.12063538508869247,0.11965851657074919,0.11823510998510493,0.11719676213881777,0.11700884476812953,0.11772867733708607,0.1219082042182165,0.12173011185881703,0.12023995939278787,0.11802008051579775,0.11616897680598165,0.11562071513197661,0.11651789224767946,0.123842965269148,0.12339952563648869,0.12127248206344768,0.11817933509159857,0.1151470428517706,0.11437393153033515,0.11567620264055754
2025-05-18 18:45:00,0.15565530381694884,0.1449849528553153,0.13502403948105646,0.12604211791851463,0.11896949265784683,0.11469630447803697,0.11283222895755768,0.1847315158672383,0.17658007949117593,0.16998572951514151,0.16468624385822572,0.16001677489426797,0.1550508584514898,0.14964431483068433,0.21003008198423018,0.20501432635495637,0.20217112899213874,0.20101165992798858,0.19960806769883485,0.19416346426121686,0.18492141009342444,0.22983432809694537,0.22826360094755416,0.22912099261624042,0.23226050065890508,0.2365774192300165,0.23044332972621825,0.21594701226861449
2025-05-18 18:50:00,0.07472198834722305,0.073180114300631,0.07027406941808485,0.06737846930716553,0.06559504233751787,0.06554626468823382,0.06734189134806787,0.0713213983551556,0.07039694840104999,0.06828841033146416,0.06602076058746527,0.0648958745201785,0.06540418920230805,0.06726281566667042,0.06732959160626989,0.06682399942486336,0.0653349539082315,0.06350912018264904,0.06271575439397513,0.06393145928479825,0.06657264666702507,0.06355352198974182,0.0629809809986451,0.062133113468072584,0.06080491669505331,0.05963450547042578,0.061561515183583826,0.06566538409871528
2025-05-18 18:55:00,0.1331360925777821,0.12857845155349187,0.12442825906026607,0.12076450666851628,0.117990974222047,0.11673699072152136,0.1166107823030836,0.13271711109562506,0.12604050731033664,0.11940061552880579,0.11349244740496575,0.10887457861822285,0.10740099399520271,0.10883350834719754,0.13440806949005715,0.12599818559633102,0.11692139813466366,0.10829995162111591,0.10128980694959747,0.09909090718080141,0.1016547648794874,0.1380543976056464,0.12927451872326237,0.11819715854951988,0.10670574406729258,0.09576196335401373,0.09278340861783152,0.09716709107152605
2025-05-18 19:00:00,0.049000868089182185,0.05070164666446946,0.052522395532392525,0.054125561710644726,0.054927390909956915,0.05446470358999108,0.05288614678332727,0.047658522335289936,0.05036995173889231,0.0533865065481895,0.05613703759617867,0.05786192737717069,0.057719742849430114,0.05564045995827536,0.046558046403725725,0.05001917958313414,0.05418465985678152,0.05841366050831086,0.06159818138966113,0.06171010692521982,0.05871261992062758,0.045435789628966605,0.04938602012051979,0.05440788970269657,0.06010515365179202,0.0656907928009327,0.06569769119027027,0.06100543426397268
2025-05-18 19:05:00,0.07708442290323074,0.07847770860842157,0.07950582136386702,0.08020500582201696,0.08053511609314136,0.08032690160941627,0.07939741422608329,0.07873612524570328,0.08087336370943457,0.0824170337978355,0.08330593690507981,0.0835327030669597,0.08290992870030187,0.08154193824786274,0.08147931882693336,0.08414585977693176,0.08602321929680819,0.08718723792432626,0.08758647386693537,0.08633394266856068,0.08383616849387106,0.08489942499967633,0.08779479686390382,0.08951530256451634,0.0907619853497579,0.09194908641083757,0.0899126749490468,0.08561936477653606
2025-05-18 19:10:00,0.03969690919095485,0.040497126670818784,0.04131291903617622,0.04204697040460206,0.042557751336686954,0.04269874765283266,0.04253218641403512,0.039510602825929025,0.03996553419348293,0.04042260495897322,0.040804169140616985,0.04111696708628554,0.04127742737102883,0.04133686642280945,0.03923724677301195,0.03936457066816103,0.039500048267303,0.039562280914476805,0.039646530388842034,0.03989185377098541,0.04029357758770793,0.03890512132413489,0.03884507232675462,0.038755233497892325,0.03856837737776294,0.03834849266425476,0.038766331300891244,0.0396267080034889
2025-05-18 19:15:00,0.06099000295805586,0.04742545463281395,0.03821711563814176,0.03161343097325823,0.02705197992081148,0.025736846033534645,0.027837208341431986,0.057680658845858136,0.04274381375826192,0.03329475494521262,0.02850084559263335,0.02565116994069198,0.02575841325799216,0.027994703366405777,0.05148085601161355,0.03637301394401449,0.027556123936972033,0.024215196523490034,0.022751270843682787,0.0242391242493794,0.027381432754652917,0.04270483873384397,0.028748549930132754,0.022099901890725,0.020370049323628535,0.019178377273701717,0.021562003078273426,0.02641790360492916
2025-05-18 19:20:00,0.020255193626880042,0.019250843276889876,0.018082693184855905,0.016968429293449754,0.016046294520621732,0.015396017687173379,0.015028830335626419,0.018433789685244374,0.017684656206917004,0.01680479353906355,0.01594374350994311,0.015227395945929728,0.014742491760343986,0.014509929438318449,0.016709030198134623,0.016124627948120203,0.01545935608598935,0.01480237108358409,0.014259698687276634,0.013952285957899213,0.013896893882525765,0.015120275298175173,0.014645684894543348,0.01415130158064652,0.013661311562296734,0.013227059414604688,0.013101277869267236,0.01325814916889009
2025-05-18 19:25:00,0.02300699296806417,0.02446258241675839,0.026051929865217118,0.027493549802657988,0.028421943317661784,0.02851788650308198,0.027884873572738906,0.0225780973520025,0.023401989008158035,0.024331729447115154,0.02514158768996034,0.025706021763709605,0.025848604058020627,0.025646050070194534,0.022200838878077084,0.022418672028935195,0.022759347435925288,0.023024924080185298,0.023231627801436155,0.02348656232545058,0.023797117628932073,0.02183919187112577,0.021775758121573223,0.021683035620556484,0.02151557598778959,0.021302097770045488,0.02176601167455113,0.022694015895867344
2025-05-18 19:30:00,0.01815206264859025,0.021832329617493203,0.026481991159026955,0.030836520111466068,0.03356099254437965,0.03369644087058225,0.031381525338292124,0.020517045039537985,0.02648823537322032,0.03368722643310392,0.04054203634044755,0.04499920149490008,0.04503068312372873,0.040849140229304116,0.022444467430896918,0.030398048631213693,0.04015235058534106,0.050140841069290405,0.057424742385691965,0.05734722758635559,0.05039404575018421,0.023093028737217212,0.03211120332059708,0.04371339577438116,0.05673234495125237,0.06926945740939651,0.06864222608535774,0.05707926760279535
2025-05-18 19:35:00,0.007626304706808216,0.007653259776708137,0.007640279094135058,0.007624343651849307,0.007642818323004634,0.007711405001379822,0.007835780630018588,0.007660999495894824,0.007678591969090983,0.007657064801229716,0.007626353729893927,0.007639882452444735,0.007703903701820773,0.007827003850775047,0.0076096710226798165,0.007621214170413185,0.007591276545765306,0.007536274051026893,0.007519786849013952,0.0076023589235649685,0.007778263251666282,0.007507067278233333,0.007489348444477181,0.007461557030101107,0.0073909318177885035,0.0073133993722296455,0.007442229325129847,0.0077162737052301955
2025-05-18 19:40:00,0.0,0.0,0.0,0.0,0.0,0.0,0.0,0.0,0.0,0.0,0.0,0.0,0.0,0.0,0.0,0.0,0.0,0.0,0.0,0.0,0.0,0.0,0.0,0.0,0.0,0.0,0.0,0.0
2025-05-18 19:45:00,0.0,0.0,0.0,0.0,0.0,0.0,0.0,0.0,0.0,0.0,0.0,0.0,0.0,0.0,0.0,0.0,0.0,0.0,0.0,0.0,0.0,0.0,0.0,0.0,0.0,0.0,0.0,0.0
2025-05-18 19:50:00,0.0,0.0,0.0,0.0,0.0,0.0,0.0,0.0,0.0,0.0,0.0,0.0,0.0,0.0,0.0,0.0,0.0,0.0,0.0,0.0,0.0,0.0,0.0,0.0,0.0,0.0,0.0,0.0
2025-05-18 19:55:00,0.006947413724754464,0.007001986529941866,0.006975880242031539,0.006943369656486999,0.0069796373279246236,0.007116221616138831,0.007363727630312712,0.007022596007311363,0.007059387183839746,0.0070163083208465045,0.006953629140869707,0.006978735735994915,0.00710473729888109,0.007349059737002968,0.006928984141772565,0.006954357896641478,0.006894139857156705,0.006782109396675289,0.006746158359730834,0.006907111681180744,0.007254655494233733,0.006735052904283213,0.006702226130106859,0.006644939370760381,0.006500295011233302,0.0063419040514855925,0.0065930044791761375,0.007133281943429217
2025-05-18 20:00:00,0.0,0.0,0.0,0.0,0.0,0.0,0.0,0.0,0.0,0.0,0.0,0.0,0.0,0.0,0.0,0.0,0.0,0.0,0.0,0.0,0.0,0.0,0.0,0.0,0.0,0.0,0.0,0.0
2025-05-18 20:05:00,0.0,0.0,0.0,0.0,0.0,0.0,0.0,0.0,0.0,0.0,0.0,0.0,0.0,0.0,0.0,0.0,0.0,0.0,0.0,0.0,0.0,0.0,0.0,0.0,0.0,0.0,0.0,0.0
2025-05-18 20:10:00,0.0,0.0,0.0,0.0,0.0,0.0,0.0,0.0,0.0,0.0,0.0,0.0,0.0,0.0,0.0,0.0,0.0,0.0,0.0,0.0,0.0,0.0,0.0,0.0,0.0,0.0,0.0,0.0
2025-05-18 20:15:00,0.004452885327202418,0.004613407705975259,0.004539940901210597,0.004445185886634191,0.004544214099356093,0.0049265921126140965,0.005618878206398545,0.004689466571077409,0.004808688026810414,0.0046926062889378,0.004513607083820452,0.00457796315170705,0.004924149593692047,0.005602329012491199,0.004465096074992773,0.004558667367420936,0.004396805351017165,0.004079138223964316,0.003969990433720794,0.004405210747932163,0.00536090697051974,0.003968441976667082,0.0039004136405654125,0.003743157415737707,0.003331012144041053,0.002880141151130132,0.003558492377099912,0.005037496755386471
2025-05-18 20:20:00,0.0,0.0,0.0,0.0,0.0,0.0,0.0,0.0,0.0,0.0,0.0,0.0,0.0,0.0,0.0,0.0,0.0,0.0,0.0,0.0,0.0,0.0,0.0,0.0,0.0,0.0,0.0,0.0
2025-05-18 20:25:00,0.0,0.0,0.0,0.0,0.0,0.0,0.0,0.0,0.0,0.0,0.0,0.0,0.0,0.0,0.0,0.0,0.0,0.0,0.0,0.0,0.0,0.0,0.0,0.0,0.0,0.0,0.0,0.0
2025-05-18 20:30:00,0.0,0.0,0.0,0.0,0.0,0.0,0.0,0.0,0.0,0.0,0.0,0.0,0.0,0.0,0.0,0.0,0.0,0.0,0.0,0.0,0.0,0.0,0.0,0.0,0.0,0.0,0.0,0.0
2025-05-18 20:35:00,0.0,0.0,0.0,0.0,0.0,0.0,0.0,0.0,0.0,0.0,0.0,0.0,0.0,0.0,0.0,0.0,0.0,0.0,0.0,0.0,0.0,0.0,0.0,0.0,0.0,0.0,0.0,0.0
2025-05-18 20:40:00,0.007877016809756781,0.008243850197091675,0.008076488957190464,0.00785931660079616,0.008081957772717002,0.008948060074752745,0.010516296090730543,0.008424551904043856,0.00870171120370828,0.008439988515125322,0.008031898403652005,0.00817426950944971,0.008955359972289105,0.010489391397816482,0.007933499734219253,0.00815539807428553,0.00779082965411603,0.007068119973075997,0.006816008253011617,0.007794685643875927,0.009952276662575157,0.006829966904433645,0.006686328295515372,0.006330352709278209,0.00539186993996995,0.00436562332981407,0.005890777428223359,0.009226664043074113
2025-05-18 20:45:00,0.0,0.0,0.0,0.0,0.0,0.0,0.0,0.0,0.0,0.0,0.0,0.0,0.0,0.0,0.0,0.0,0.0,0.0,0.0,0.0,0.0,0.0,0.0,0.0,0.0,0.0,0.0,0.0
2025-05-18 20:50:00,0.0,0.0,0.0,0.0,0.0,0.0,0.0,0.0,0.0,0.0,0.0,0.0,0.0,0.0,0.0,0.0,0.0,0.0,0.0,0.0,0.0,0.0,0.0,0.0,0.0,0.0,0.0,0.0
2025-05-18 20:55:00,0.0,0.0,0.0,0.0,0.0,0.0,0.0,0.0,0.0,0.0,0.0,0.0,0.0,0.0,0.0,0.0,0.0,0.0,0.0,0.0,0.0,0.0,0.0,0.0,0.0,0.0,0.0,0.0
2025-05-18 21:00:00,0.0,0.0,0.0,0.0,0.0,0.0,0.0,0.0,0.0,0.0,0.0,0.0,0.0,0.0,0.0,0.0,0.0,0.0,0.0,0.0,0.0,0.0,0.0,0.0,0.0,0.0,0.0,0.0
2025-05-18 21:05:00,0.016660520808603023,0.016666666666668266,0.016666666666668266,0.016666666666668266,0.016666666666668266,0.016666666666668266,0.016666666666668266,0.016666666666668266,0.016666666666668266,0.016666666666668266,0.016666666666668266,0.016666666666668266,0.016666666666668266,0.016666666666668266,0.016666666666668266,0.016666666666668266,0.016666666666668266,0.016585824877043524,0.015846415322889353,0.015934420613779147,0.016640108333928066,0.016628636496334736,0.01664563111149947,0.016666666666668266,0.01579608742482935,0.01328167071415757,0.013619930080762621,0.016051299425430068
2025-05-18 21:10:00,0.0,0.0,0.0,0.0,0.0,0.0,0.0,0.0,0.0,0.0,0.0,0.0,0.0,0.0,0.0,0.0,0.0,0.0,0.0,0.0,0.0,0.0,0.0,0.0,0.0,0.0,0.0,0.0
2025-05-18 21:15:00,0.007877016809756781,0.008243850197091675,0.008076488957190464,0.00785931660079616,0.008081957772717002,0.008948060074752745,0.010516296090730543,0.008424551904043856,0.00870171120370828,0.008439988515125322,0.008031898403652005,0.00817426950944971,0.008955359972289105,0.010489391397816482,0.007933499734219253,0.00815539807428553,0.00779082965411603,0.007068119973075997,0.006816008253011617,0.007794685643875927,0.009952276662575157,0.006829966904433645,0.006686328295515372,0.006330352709278209,0.00539186993996995,0.00436562332981407,0.005890777428223359,0.009226664043074113
2025-05-18 21:20:00,0.0,0.0,0.0,0.0,0.0,0.0,0.0,0.0,0.0,0.0,0.0,0.0,0.0,0.0,0.0,0.0,0.0,0.0,0.0,0.0,0.0,0.0,0.0,0.0,0.0,0.0,0.0,0.0
2025-05-18 21:25:00,0.043400142257165514,0.035936673468171344,0.025211865172354665,0.014684484861909137,0.00675358387938908,0.003059794695545256,0.0037118739007576916,0.028699602668679554,0.024211049040458274,0.01710446120017638,0.009839212669162465,0.00473657161959444,0.0033898571958116096,0.004268060910867931,0.016138430200624294,0.013679525157566236,0.009479899552300919,0.0052326111834682,0.002981822106390087,0.003366445909125409,0.004449953107205311,0.007044511375063674,0.005863753139688132,0.004073230639964617,0.002592559622763751,0.002074969314603907,0.0027789857985661063,0.004340136504305193
2025-05-18 21:30:00,0.01989322354340983,0.01921500986891828,0.0182664996154704,0.017265840681376033,0.01635324559620857,0.015610562510160074,0.015049114095779546,0.017875337635293986,0.017433987004285334,0.016763317831844794,0.016012210466555092,0.015306622136444993,0.014733418581687741,0.014313255977374867,0.016052070595142888,0.015753566320093886,0.015282780161842075,0.014727091295422148,0.014191419095969306,0.013795268758653306,0.013556045832566671,0.014465687030796363,0.014249438045045791,0.013928839023421296,0.013526394395736592,0.013091613108545876,0.012872486681636739,0.012853649416880834
2025-05-18 21:35:00,0.021126273782972965,0.023918701161032434,0.02697558368550417,0.029750206051453437,0.03153955695437355,0.03173111109336793,0.030520128018027788,0.020365727644746534,0.021952046017202693,0.023746808703625957,0.02531230126648258,0.026401012596011564,0.02667192405028182,0.026275873413379613,0.019702811730230693,0.020133923015584775,0.020802146115516777,0.02132597105100436,0.02172752171284703,0.022203090937893955,0.02277479320523277,0.019062194711074135,0.018956775432081383,0.018793500332726552,0.01848670909726839,0.018089366119756665,0.01895632983192253,0.020689205129888262
2025-05-18 21:40:00,0.043400142257165514,0.035936673468171344,0.025211865172354665,0.014684484861909137,0.00675358387938908,0.003059794695545256,0.0037118739007576916,0.028699602668679554,0.024211049040458274,0.01710446120017638,0.009839212669162465,0.00473657161959444,0.0033898571958116096,0.004268060910867931,0.016138430200624294,0.013679525157566236,0.009479899552300919,0.0052326111834682,0.002981822106390087,0.003366445909125409,0.004449953107205311,0.007044511375063674,0.005863753139688132,0.004073230639964617,0.002592559622763751,0.002074969314603907,0.0027789857985661063,0.004340136504305193
2025-05-18 21:45:00,0.03734775415025899,0.03736604225059148,0.037218215025581314,0.037017111191745555,0.03691742844441523,0.03699171654416714,0.037138309592849195,0.03829318536257557,0.038287358010376,0.03798714152567219,0.03753433877582098,0.03714628665154321,0.036989618611576736,0.03712170624755014,0.03952128269541503,0.03949053868887821,0.038988947751175035,0.03822080056388996,0.0374857087017477,0.03704893775482723,0.037058452186324836,0.04097101362047409,0.04087755759293371,0.04008972889404611,0.0389455282130577,0.037809307651220106,0.037145322335609826,0.037028259240915906
2025-05-18 21:50:00,0.007626304706808216,0.007653259776708137,0.007640279094135058,0.007624343651849307,0.007642818323004634,0.007711405001379822,0.007835780630018588,0.007660999495894824,0.007678591969090983,0.007657064801229716,0.007626353729893927,0.007639882452444735,0.007703903701820773,0.007827003850775047,0.0076096710226798165,0.007621214170413185,0.007591276545765306,0.007536274051026893,0.007519786849013952,0.0076023589235649685,0.007778263251666282,0.007507067278233333,0.007489348444477181,0.007461557030101107,0.0073909318177885035,0.0073133993722296455,0.007442229325129847,0.0077162737052301955
2025-05-18 21:55:00,0.0,0.0,0.0,0.0,0.0,0.0,0.0,0.0,0.0,0.0,0.0,0.0,0.0,0.0,0.0,0.0,0.0,0.0,0.0,0.0,0.0,0.0,0.0,0.0,0.0,0.0,0.0,0.0
2025-05-18 22:00:00,0.006947413724754464,0.007001986529941866,0.006975880242031539,0.006943369656486999,0.0069796373279246236,0.007116221616138831,0.007363727630312712,0.007022596007311363,0.007059387183839746,0.0070163083208465045,0.006953629140869707,0.006978735735994915,0.00710473729888109,0.007349059737002968,0.006928984141772565,0.006954357896641478,0.006894139857156705,0.006782109396675289,0.006746158359730834,0.006907111681180744,0.007254655494233733,0.006735052904283213,0.006702226130106859,0.006644939370760381,0.006500295011233302,0.0063419040514855925,0.0065930044791761375,0.007133281943429217
2025-05-18 22:05:00,0.012349850150373078,0.012521051740637872,0.012442835919075277,0.012344662447695356,0.01245804140803665,0.012879743009069872,0.01364338650019152,0.012574738437535208,0.01269404889303997,0.012567557631313057,0.012380504977457005,0.01246331450755413,0.01285416149214132,0.01360646360760515,0.012275613907956888,0.012362076115350852,0.012186803350399759,0.011852369240234577,0.011751426875939733,0.012252571565674365,0.013322899370284809,0.011664579047869928,0.01157237239324626,0.011410092843856866,0.010980315007873456,0.010507728908368569,0.011289031063305135,0.012953052045785068
2025-05-18 22:10:00,0.0,0.0,0.0,0.0,0.0,0.0,0.0,0.0,0.0,0.0,0.0,0.0,0.0,0.0,0.0,0.0,0.0,0.0,0.0,0.0,0.0,0.0,0.0,0.0,0.0,0.0,0.0,0.0
2025-05-18 22:15:00,0.006947413724754464,0.007001986529941866,0.006975880242031539,0.006943369656486999,0.0069796373279246236,0.007116221616138831,0.007363727630312712,0.007022596007311363,0.007059387183839746,0.0070163083208465045,0.006953629140869707,0.006978735735994915,0.00710473729888109,0.007349059737002968,0.006928984141772565,0.006954357896641478,0.006894139857156705,0.006782109396675289,0.006746158359730834,0.006907111681180744,0.007254655494233733,0.006735052904283213,0.006702226130106859,0.006644939370760381,0.006500295011233302,0.0063419040514855925,0.0065930044791761375,0.007133281943429217
2025-05-18 22:20:00,0.0,0.0,0.0,0.0,0.0,0.0,0.0,0.0,0.0,0.0,0.0,0.0,0.0,0.0,0.0,0.0,0.0,0.0,0.0,0.0,0.0,0.0,0.0,0.0,0.0,0.0,0.0,0.0
2025-05-18 22:25:00,0.006947413724754464,0.007001986529941866,0.006975880242031539,0.006943369656486999,0.0069796373279246236,0.007116221616138831,0.007363727630312712,0.007022596007311363,0.007059387183839746,0.0070163083208465045,0.006953629140869707,0.006978735735994915,0.00710473729888109,0.007349059737002968,0.006928984141772565,0.006954357896641478,0.006894139857156705,0.006782109396675289,0.006746158359730834,0.006907111681180744,0.007254655494233733,0.006735052904283213,0.006702226130106859,0.006644939370760381,0.006500295011233302,0.0063419040514855925,0.0065930044791761375,0.007133281943429217
2025-05-18 22:30:00,0.0,0.0,0.0,0.0,0.0,0.0,0.0,0.0,0.0,0.0,0.0,0.0,0.0,0.0,0.0,0.0,0.0,0.0,0.0,0.0,0.0,0.0,0.0,0.0,0.0,0.0,0.0,0.0
2025-05-18 22:35:00,0.0,0.0,0.0,0.0,0.0,0.0,0.0,0.0,0.0,0.0,0.0,0.0,0.0,0.0,0.0,0.0,0.0,0.0,0.0,0.0,0.0,0.0,0.0,0.0,0.0,0.0,0.0,0.0
2025-05-18 22:40:00,0.0,0.0,0.0,0.0,0.0,0.0,0.0,0.0,0.0,0.0,0.0,0.0,0.0,0.0,0.0,0.0,0.0,0.0,0.0,0.0,0.0,0.0,0.0,0.0,0.0,0.0,0.0,0.0
2025-05-18 22:45:00,0.015862673375385467,0.0158933775221042,0.015878296334924696,0.015859830117076874,0.01588088119828602,0.0159595047394547,0.016102123042259543,0.01590315265416549,0.015922910601518046,0.015897711869149084,0.01586195711229267,0.015877003477258678,0.015950216059296897,0.01609147512712604,0.015845303686643466,0.015857955093554275,0.015822783153524946,0.015758768662077757,0.01573900312794191,0.01583324776573302,0.01603504559456994,0.015728889920993836,0.01570791861564553,0.015674867136148882,0.015592489247052393,0.01550222258930155,0.015649304928998,0.01596364963656146
2025-05-18 22:50:00,0.0,0.0,0.0,0.0,0.0,0.0,0.0,0.0,0.0,0.0,0.0,0.0,0.0,0.0,0.0,0.0,0.0,0.0,0.0,0.0,0.0,0.0,0.0,0.0,0.0,0.0,0.0,0.0
2025-05-18 22:55:00,0.0,0.0,0.0,0.0,0.0,0.0,0.0,0.0,0.0,0.0,0.0,0.0,0.0,0.0,0.0,0.0,0.0,0.0,0.0,0.0,0.0,0.0,0.0,0.0,0.0,0.0,0.0,0.0
2025-05-18 23:00:00,0.0,0.0,0.0,0.0,0.0,0.0,0.0,0.0,0.0,0.0,0.0,0.0,0.0,0.0,0.0,0.0,0.0,0.0,0.0,0.0,0.0,0.0,0.0,0.0,0.0,0.0,0.0,0.0
2025-05-18 23:05:00,0.0,0.0,0.0,0.0,0.0,0.0,0.0,0.0,0.0,0.0,0.0,0.0,0.0,0.0,0.0,0.0,0.0,0.0,0.0,0.0,0.0,0.0,0.0,0.0,0.0,0.0,0.0,0.0
2025-05-18 23:10:00,0.025000001580529275,0.025000001161479386,0.025000000520770633,0.0249999998896642,0.02499999943510791,0.024999999264044274,0.02499999938943301,0.025000000704894214,0.025000000446712085,0.025000000007140376,0.024999999553298242,0.024999999261822864,0.02499999923181525,0.02499999937757303,0.024999999891193496,0.024999999740691906,0.024999999461332793,0.024999999163919845,0.024999999017642258,0.024999999110176543,0.02499999931859806,0.024999999246163647,0.024999999146981706,0.02499999900993418,0.02499999886246913,0.02499999876778987,0.02499999891966074,0.024999999244469315
2025-05-18 23:15:00,0.004452885327202341,0.004613407705975182,0.004539940901210518,0.004445185886634114,0.004544214099356023,0.00492659211261403,0.005618878206398468,0.004689466571077338,0.0048086880268103285,0.004692606288937724,0.004513607083820383,0.004577963151706977,0.004924149593691973,0.005602329012491123,0.004465096074992702,0.004558667367420858,0.004396805351017096,0.004079138223964258,0.003969990433720736,0.0044052107479321005,0.005360906970519669,0.0039684419766670125,0.003900413640565335,0.0037431574157376505,0.0033310121440409974,0.0028801411511300886,0.003558492377099857,0.005037496755386398
2025-05-18 23:20:00,0.033511469620343855,0.03352777988771951,0.03353468667919254,0.033534634143266795,0.03352567174470554,0.033505158043714955,0.03347422227593861,0.03340518567026009,0.033424572485894095,0.03343475786837938,0.03343675149152755,0.03343138214955405,0.03341998101212207,0.03340314608918846,0.03331203883924952,0.03333184825449648,0.033344358935561265,0.03334844873319459,0.0333460177879735,0.03334374531457059,0.0333414132423708,0.03323706389767021,0.03325679234160595,0.033272973154680266,0.033279982985762,0.03327605903829876,0.03328307421072807,0.03329728816478633
2025-05-18 23:25:00,0.043400142257165514,0.035936673468171344,0.025211865172354665,0.014684484861909137,0.00675358387938908,0.003059794695545256,0.0037118739007576916,0.028699602668679554,0.024211049040458274,0.01710446120017638,0.009839212669162465,0.00473657161959444,0.0033898571958116096,0.004268060910867931,0.016138430200624294,0.013679525157566236,0.009479899552300919,0.0052326111834682,0.002981822106390087,0.003366445909125409,0.004449953107205311,0.007044511375063674,0.005863753139688132,0.004073230639964617,0.002592559622763751,0.002074969314603907,0.0027789857985661063,0.004340136504305193
2025-05-18 23:30:00,0.016665294398771294,0.01666666666666799,0.01666666666666799,0.01666666666666799,0.01666666666666799,0.01666666666666799,0.01666666666666799,0.01666666666666799,0.01666666666666799,0.01666666666666799,0.01666666666666799,0.01666666666666799,0.01666666666666799,0.01666666666666799,0.01666666666666799,0.01666666666666799,0.01666666666666799,0.016605674071730837,0.015892040834499285,0.01597904393226892,0.016651473892130692,0.016642353705640947,0.01665564583010865,0.01666666666666799,0.01584218439103457,0.013314008769590099,0.0136561903653225,0.016094174924444985
2025-05-18 23:35:00,0.048249413555967596,0.048278670412192,0.0465099293151737,0.04429598633275553,0.041804171702118,0.03891398382265924,0.036106304041990306,0.034726509948490455,0.03452856607649446,0.0329144175297327,0.03072061136056603,0.02896342248850313,0.02813330430334691,0.02729749888178895,0.023592972723532238,0.022510286568437222,0.020780717796125822,0.018829861086082575,0.0179905879682985,0.018878203054765536,0.02003549446974483,0.015548905679174763,0.014465646967096728,0.01281236123535281,0.011318304699511863,0.010429808658878877,0.012171583497568571,0.015715526127566486
2025-05-18 23:40:00,0.08334612456418633,0.08296774606606262,0.0834536392491681,0.08456956959536911,0.08576802750112865,0.08584683973553306,0.08463675611831128,0.08379628182335862,0.08366313608514568,0.08470235954262778,0.08651777310588687,0.08838246166371598,0.08878327738985302,0.08741992041568054,0.0831188301725412,0.08336582605720484,0.08521847338391049,0.08820563999107404,0.09126056027587467,0.09195158502706165,0.09001738256277723,0.08102864223201556,0.08175101654385723,0.08457059131408205,0.08900151825800831,0.09424055390870753,0.09501559873884319,0.09174911544395785
2025-05-18 23:45:00,0.009454435630027059,0.009021235821628958,0.008686056870221354,0.00845570786369874,0.008353112933126006,0.008399188691787553,0.008589372756850126,0.009756997120006002,0.009252540046518173,0.008855490212741703,0.008578323981613921,0.008442305299070522,0.00846797623797131,0.00864855935221983,0.010218128929940453,0.009632637022922361,0.00916714529981128,0.008826869590360716,0.008634409299214715,0.008637614459576243,0.008824595563086646,0.010851047519349412,0.010164505567142209,0.009629715364100094,0.00922232562156501,0.008937130907319794,0.008921263462674162,0.00914115779855965
2025-05-18 23:50:00,0.06404004545147991,0.0643982886387872,0.06310731148481241,0.06149795109887345,0.06015761671460185,0.05921337058936997,0.05904163551436996,0.05594367830940329,0.05603662798171944,0.05473189661798972,0.052944074882774216,0.05200319244402424,0.052301494150837506,0.05335987271131304,0.048250790974482545,0.04770615595652621,0.04621891238838188,0.044270341875958304,0.04352146188980563,0.045143102068578,0.04814078175945377,0.041850905493234336,0.040929372243304805,0.039516986086923514,0.03765410440538303,0.0360854433916586,0.038841331833445805,0.04461109452397754
2025-05-18 23:55:00,0.05661927728486578,0.05585040175236266,0.05420719537944897,0.05243061305694543,0.05126016089328586,0.051098908429076224,0.05167296005032389,0.05765991823203891,0.05713032305529459,0.05543077788293415,0.053269734986097904,0.051575798681312374,0.05101808965171792,0.05159297568368022,0.059700630545715894,0.05930484810845511,0.05732928146641835,0.054566072565691355,0.05216169312398888,0.051013056872363044,0.05131799639676879,0.06274345226532972,0.06228362640609802,0.05974577363936617,0.056186207285413056,0.0527559633150024,0.05102948184232402,0.051124481109440026
2025-05-19 00:00:00,0.01198630020609298,0.011635861828133982,0.011573322211610386,0.011796838203105134,0.01234109404429828,0.01323741594121507,0.01445764586269417,0.01394656527896103,0.013591662420324236,0.013515312050032098,0.013719997207149866,0.014246350913968165,0.015146192319302133,0.01638487030922168,0.01614973644270544,0.015792904691653467,0.015713363470998484,0.015873328249905762,0.016319419872848254,0.017226860860501,0.01854305054182069,0.01859582602897881,0.01825104408364547,0.01823817330052255,0.018384917312670685,0.01862135802426167,0.019556232231029216,0.021043355651027537
